题记序号,题记名称,时间,公元纪年,地点,窟位,造像者人数,性别,所造佛像名称,出资者,造像者身份表述,阶层,社邑组织,实践行为（一级编码）,实践行为（二级编码）,祈愿内容（一级编码）,祈愿内容（二级编码）,造像原因（一级编码）,造像原因（二级编码）,关联历史事件,经文,妆造类型,宗教类型,宗派倾向(主宗派倾向；副宗派倾向）,备注
1,尖山子石刻弥勒说法图记,唐永徽年间（650-655 年）,650-655,重庆市大足区铁山镇建角村尖山子石刻 7 号龛,尖山子第 7 号龛,「不详」,[不详],弥勒说法图,「不详」,无,信息空白(个体),非社邑,信息不详、,信息不详,信息不详,信息不详,信息不详,信息不详,事件未提,[不详],新造,佛教,弥勒体系,
2,北山佛湾何君友造观音记,唐乾宁二年（895 年）,895,重庆市大足区龙岗街道北山路北山石刻北山佛湾 26 号龛,北山佛湾第 26 号龛,1,男,救苦观音菩萨,何君友,弟子,虔诚弟子,非社邑,造像制作、纪念庆赞、,发心造像、庆讫记功,超度往生,往生净土 (为亡男),超度荐亡,亡亲超荐,家庭变故(亡男),[不详],新造,佛教,观音体系,
3,北山佛湾王宗靖造观音地藏像记,唐乾宁三年（896 年）,896,重庆市大足区龙岗街道北山路北山石刻北山佛湾第 58 号龛,北山佛湾第 58 号龛,1,男,救苦观音菩萨、地藏菩萨,王宗靖,检校司空守昌州刺史,封爵贵族,非社邑,造像制作、纪念庆赞、,发心造像、设斋表赞,超度往生,往生净土 (早生西方),超度荐亡,亡亲超荐,家庭变故(故何七娘),[不详],新造,佛教,观音体系；地藏体系,
4,北山佛湾赵师恪造像记,唐乾宁三年（896 年）,896,重庆市大足区龙岗街道北山路北山石刻北山佛湾第 58 号龛,北山佛湾第 58 号龛,1,男,救苦观音菩萨、地藏菩萨,赵师恪,节度左押衙检校左散骑常侍兼御史大夫上柱国,封爵贵族,非社邑,庄严修饰、,妆銮彩绘,超度往生,往生净土 (为故外姑),超度荐亡,亡亲超荐 (为故外姑),事件未提,[不详],重妆,佛教,观音体系；地藏体系,
5,北山佛湾惠志造像记,唐乾宁三年（896 年）,896,重庆市大足区龙岗街道北山路北山石刻北山佛湾第 240 号龛,北山佛湾第 240 号龛,3,1 女、2 男,欢喜王菩萨,惠志、敬修、法进,比丘尼、小师,僧团僧伽,非社邑,造像制作、纪念庆赞、,发心造像、设斋表赞,信息不详,信息不详,报恩酬德,报佛恩 (奉报十方施主),事件未提,[不详],新造,佛教,密教,
6,北山佛湾明悟造像记,唐乾宁四年（897 年）,897,重庆市大足区龙岗街道北山路北山石刻北山佛湾第 50 号龛,北山佛湾第 50 号龛,3,3 男,如意轮菩萨,明悟、道广、道添,都典座僧、主僧、小师,僧团僧伽,非社邑,造像制作、造像制作、纪念庆赞、,发心造像、镌刻雕造、设斋表赞,信息不详,信息不详,报恩酬德,报佛恩 (奉为十方施主),事件未提,[不详],新造,佛教,密教；观音体系,
7,北山佛湾王宗靖造像记,唐乾宁四年（897 年）,897,重庆市大足区龙岗街道北山路北山石刻北山佛湾第 52 号龛,北山佛湾第 52 号龛,1,女,阿弥陀佛、地藏菩萨、救苦观音菩萨,黎氏,女弟子,虔诚弟子,非社邑,造像制作、纪念庆赞、,发心造像、设斋表赞,超度往生,往生净土 (为亡夫),超度荐亡,亡亲超荐,家庭变故(亡夫刘口),[不详],新造,佛教,"净土,观音体系；地藏体系",另有版本
8,北山佛湾何君友造日月光菩萨记,唐乾宁年间（894-897 年）,894-897,重庆市大足区龙岗街道北山路北山石刻北山佛湾第 24 号龛,北山佛湾第 24 号龛,1,男,日月光菩萨,何君友,弟子,虔诚弟子(家庭合署),非社邑,造像制作、造像制作、纪念庆赞、,发心造像、镌刻雕造、设斋表赞,现世福报,福寿康宁 (自身安泰、夫妇咸昌),祈福禳灾,家族昌盛,事件未提,[不详],新造,佛教,药师体系,
9,北山佛湾三世佛记,唐光化二年（899 年）,899,重庆市大足区龙岗街道北山路北山石刻北山佛湾第 51 号龛,北山佛湾第 51 号龛,1,男,三世佛（并部众）,「不详」,节度左押衙充四州都指挥、昌州军事银青□□上柱国,封爵贵族,非社邑,纪念庆赞、,庆讫记功,现世福报,财富丰足 (资财增益、昌盛),祈福禳灾,家族昌盛,事件未提,[不详],新造,佛教,无法判定,另有版本
10,北山佛湾蹇知进造像记,唐天复元年（901 年）,901,重庆市大足区龙岗街道北山路北山石刻北山佛湾第 243 号龛,北山佛湾第 243 号龛,1,男,大悲千手观音菩萨,蹇知进,军事押衙,在职官员,非社邑,造像制作、造像制作、,发心造像、镌刻雕造,现世福报,家庭和睦 (骨肉团圆、安泰),祈福禳灾,消灾免难,地方暴力(寨中之际夫妇惊忧),[不详],新造,佛教,"密教,观音体系",六斋日
11,北山佛湾刘净意造像记,唐（不晚于乾宁三年，896 年）,≤896,重庆市大足区龙岗街道北山路北山石刻北山佛湾第 245 号龛,北山佛湾第 245 号龛,4,2 男、2 女,西方净土变、“九品往生”“未生怨” 故事、韦提希 “十六观” 图相,刘净意、陈静喜、李氏、文氏,化首、弟子,混合群体(虔诚弟子、普通百姓),非社邑,造像制作、,发心造像,超度往生,往生净土 (九品往生),信息不详,信息不详,事件未提,[不详],新造,佛教,净土,
12,北山佛湾第 18 号龛造像记,唐（唐光化二年前造像）,≤899,重庆市大足区龙岗街道北山路北山石刻北山佛湾第 18 号龛,北山佛湾第 18 号龛,「不详」,未知（题记模糊）,一佛二菩萨,「不详」,无,[不详],非社邑,信息不详、,信息不详,信息不详,信息不详,信息不详,信息不详,事件未提,[不详],新造,佛教,无法判定,
13,北山佛湾第 19 号龛造像记,晚唐,836-907,重庆市大足区龙岗街道北山路北山石刻北山佛湾第 19 号龛,北山佛湾第 19 号龛,「不详」,[不详],救苦观音菩萨、菩萨,「不详」,无,[不详],非社邑,造像制作、,发心造像,信息不详,信息不详,信息不详,信息不详,事件未提,[不详],新造,佛教,观音体系,
14,北山佛湾第 25 号龛造像记,晚唐,836-907,重庆市大足区龙岗街道北山路北山石刻北山佛湾第 25 号龛,北山佛湾第 25 号龛,「不详」,未知（题记模糊）,一佛二菩萨,「不详」,无,[不详],非社邑,信息不详、,信息不详,超度往生,往生净土 (为亡妣),超度荐亡,亡亲超荐,家庭变故(亡妣),[不详],新造,佛教,无法判定,
15,北山佛湾第 54 号龛造像记,晚唐,836-907,重庆市大足区龙岗街道北山路北山石刻北山佛湾第 54 号龛,北山佛湾第 54 号龛,「不详」,未知（题记模糊）,观音,「不详」,无,[不详],非社邑,纪念庆赞、,设斋表赞,信息不详,信息不详,信息不详,信息不详,事件未提,[不详],新造,佛教,观音体系,
16,营盘坡第 6 号龛造像记,唐乾宁三年（896 年）,896,重庆市大足区龙岗街道北山路北山石刻营盘坡第 6 号龛,营盘坡第 6 号龛,「不详」,未知（题记模糊）,释迦佛,「不详」,无,未明群体,非社邑,造像制作、供养施舍、,镌刻雕造、看经念诵,现世福报,子嗣昌盛 (新生男),祈福禳灾,护子求嗣,事件未提,[不详],新造,佛教,无法判定,
17,北山库房何氏造像记,唐乾宁年间（894-896 年）,894-896,现藏于北山库房,「不详」,3,1 女、2 男,一圆雕石刻像,何氏女、娘女夫满、次孙男□、元正,无,普通百姓(家庭合署),非社邑,造像制作、,发心造像,信息不详,信息不详,信息不详,信息不详,事件未提,[不详],新造 + 重妆,佛教,无法判定,
18,北山佛湾周氏造像记,前蜀永平三年（913 年）,913,重庆市大足区龙岗街道北山路北山石刻北山佛湾第 32 号龛,北山佛湾第 32 号龛,1,女,日月光菩萨,周氏,无,虔诚弟子,非社邑,造像制作、供养施舍、纪念庆赞、,发心造像、设斋供养、设斋表赞,超度往生,往生净土 (为亡妣),超度荐亡,亡亲超荐,家庭变故(亡妣),[不详],新造,佛教,药师体系,
19,北山佛湾种审能造像记,前蜀永平五年（915 年）,915,重庆市大足区龙岗街道北山路北山石刻北山佛湾第 53 号龛,北山佛湾第 53 号龛,2,男,地藏菩萨、观音菩萨、阿弥陀佛,种审能、常俊荣,右衙第三军散副将、弟子,混合群体(在职官员、虔诚弟子),非社邑,造像制作、供养施舍、纪念庆赞、,发心造像、设斋供养、设斋表赞,超度往生,往生净土 (化生西方),超度荐亡,亡亲超荐 (为亡男希言),家庭变故(亡男希言)、地方暴力(被贼伤煞),[不详],新造,佛教,"净土,地藏体系",
20,北山佛湾温孟达造像记,前蜀乾德四年（966 年）,922,重庆市大足区龙岗街道北山路北山石刻北山佛湾第 39 号龛,北山佛湾第 39 号龛,12,12 男,大威德炽盛光佛、九曜,温孟达、蹇忠进、于彦章、梁觉、陈季□、邓知进、杨宗厚、蹇□芝、程彦晖、王孟言、王德全、陈□,弟子、兄弟,平民合众,非社邑,造像制作、造像制作、纪念庆赞、,发心造像、镌刻雕造、设斋表赞,现世福报,福寿康宁 (百年相守),祈福禳灾,家族昌盛/消灾免难,事件未提,[不详],新造,佛教,密教,
21,北山佛湾第 27 号龛造像记,后蜀广政元年（938 年）,938,重庆市大足区龙岗街道北山路北山石刻北山佛湾第 27 号龛,北山佛湾第 27 号龛,「不详」,[不详],观音,「不详」,无,[不详],非社邑,纪念庆赞、,设斋表赞,信息不详,信息不详,信息不详,信息不详,事件未提,[不详],新造,佛教,观音体系,六斋日
22,北山佛湾于彦章造像记,后蜀广政三年（940 年）,940,重庆市大足区龙岗街道北山路北山石刻北山佛湾第 37 号龛,北山佛湾第 37 号龛,2,2 男,地藏菩萨,于彦章、邓知进,弟子,平民合众,非社邑,造像制作、造像制作、纪念庆赞、,发心造像、镌刻雕造、设斋表赞,现世福报,家庭和睦 (眷属宁泰),祈福禳灾,家族昌盛,事件未提,[不详],新造,佛教,地藏体系,另有版本
23,北山佛湾第 35 号龛造像记,后蜀广政四年（941 年）,941,重庆市大足区龙岗街道北山路北山石刻北山佛湾第 35 号龛,北山佛湾第 35 号龛,「不详」,未知（题记模糊）,释迦佛,「不详」,无,[不详],非社邑,信息不详、,信息不详,信息不详,信息不详,信息不详,信息不详,事件未提,[不详],新造,佛教,无法判定,
24,北山佛湾第 244 号龛造像记,后蜀广政八年（945 年）,945,重庆市大足区龙岗街道北山路北山石刻北山佛湾第 244 号龛,北山佛湾第 244 号龛,「不详」,未知（题记模糊）,地藏菩萨,「不详」,无,[不详],非社邑,造像制作、纪念庆赞、,发心造像、设斋表赞,信息不详,信息不详,信息不详,信息不详,事件未提,[不详],新造,佛教,地藏体系,
25,北山佛湾刘恭造药师琉璃光佛记,后蜀广政十七年（954 年）,954,重庆市大足区龙岗街道北山路北山石刻北山佛湾 281 号龛,北山佛湾第 281 号龛,至少7人,至少4 男、3 女,药师琉璃光佛、八菩萨、十二神王、七佛、三世佛、阿弥陀佛、尊胜幢菩萨、地藏菩萨,刘恭、任氏、大娘子、二娘子、仁寿、仁福、仁禄,右厢都押衙知衙务、姨母、男女眷属,混合群体(在职官员、普通百姓(家庭合署)),非社邑,造像制作、造像制作、纪念庆赞、,发心造像、镌刻雕造、设斋表赞,现世福报,福寿康宁 (寿算遐昌),祈福禳灾,延寿增福,事件未提,[不详],新造,佛教,"净土,药师体系；密教",另有版本
26,北山佛湾刘恭造佛顶尊胜陀罗尼经幢记,后蜀,934-965,重庆市大足区龙岗街道北山路北山石刻北山佛湾 281 号龛,北山佛湾第 281 号龛,1,男,佛顶尊胜陀罗尼经幢,刘恭,右厢□□衙知衙务,在职官员,非社邑,造像制作、,发心造像,信息不详,信息不详,信息不详,信息不详,事件未提,娑□□□□□□诃□□娑秫地阿嚩秫地阿鼻〔诜〕□□□□多伐折那阿嘧嘌多毗□ 阿诃罗诃罗阿瑜□陀,新造,佛教,密教,
27,北山佛湾第 260 号龛造像记,后蜀广政十八年（955 年）,955,重庆市大足区龙岗街道北山路北山石刻北山佛湾第 260 号龛,北山佛湾第 260 号龛,「不详」,未知（题记模糊）,佛顶尊胜陀罗尼幢,「不详」,无,[不详],非社邑,造像制作、纪念庆赞、,发心造像、庆讫记功,超度往生,往生净土 (永升净),超度荐亡,亡亲超荐,家庭变故(亡母王氏),佛顶尊胜陀罗尼：郍谟薄伽跋帝啼 □罗幺毗失瑟(漶) 伽跋帝但侄他□毗轮驮耶娑摩三□多□婆娑□揭幺伽诃郍婆娑嚩秫地阿鼻〔诜〕者苏揭多伐折□□嘧嘌多毗□ 阿诃罗阿诃罗阿瑜□(漶) 轮陀耶伽伽郍毗秫□□瑟□沙毗□耶林(漶) 罗□□弭诃珠地帝萨婆陀他轮多地(漶) 慕侄□跋折罗迦耶僧诃□多郍伐□耶阿(漶) 你怛闇多部多俱佤钵耶秫帝(漶) 耶毗 耶□□怛(漶) 提钵罗揭轮□折蓝婆伐都摩(漶) 萨埵□迦耶毗秫提萨(漶) 帝萨诃慕帝罗婆娑漶,新造,佛教,密教,
28,北山佛湾王承秀造像记,后蜀广政十八年（955 年）（造像）、北宋咸平四年（1001 年）（重修）,955、1001,重庆市大足区龙岗街道北山路北山石刻北山佛湾第 279 号龛,北山佛湾第 279 号龛,13,6 男、7 女,药师佛、阿弥陀佛、尊胜幢、地藏菩萨,王承秀、张救脱、劭氏、李氏、周氏、二娘子、四娘子、于承江、五香、二香、三香、肖休,通引官行首、女弟子、眷属,混合群体(在职官员、普通百姓),非社邑,造像制作、供养施舍、供养施舍、庄严修饰、纪念庆赞、,发心造像、看经念诵、施财舍物、妆銮彩绘、设斋表赞,现世福报,福寿康宁 (福寿长远),祈福禳灾,延寿增福,事件未提,[不详],新造 + 重修,佛教,"净土,药师体系；密教",
29,北山佛湾第 279 号龛造像记,后蜀年间,934-965,重庆市大足区龙岗街道北山路北山石刻北山佛湾第 279 号龛,北山佛湾第 279 号龛,「不详」,[不详],佛顶尊胜陀罗尼经幢,「不详」,无,[不详],非社邑,信息不详、,信息不详,信息不详,信息不详,信息不详,信息不详,事件未提,佛顶尊胜陀罗尼曰：曩谟薄伽跋帝□□迦钵罗么毗失瑟吒耶勃陀耶〔薄〕伽跋帝〔怛〕阇他唵毗轮驮耶三摩三□□□婆婆娑钵罗弩揭谛迦□□婆婆嚩秫地阿鼻诜者□揭多伐折郍阿嘧嘌多毗囉罽阿诃罗阿瑜散□□□□□驮耶轮驮耶哦哦□□□□地乌瑟尼沙毗舍耶□□□□萨罗,新造,佛教,密教,
30,北山佛湾王启仲造像记,前后蜀年间,902-965,重庆市大足区龙岗街道北山路北山石刻北山佛湾第 21 号龛,北山佛湾第 21 号龛,1,男,阿弥陀佛,王启仲,孤子,虔诚弟子,非社邑,造像制作、,发心造像,超度往生,往生净土 (神生净土),超度荐亡,亡亲超荐,家庭变故(亡者),[不详],新造,佛教,净土,
31,北山佛湾第 209 号龛造像记,前后蜀年间,902-965,重庆市大足区龙岗街道北山路北山石刻北山佛湾第 209 号龛,北山佛湾第 209 号龛,「不详」,[不详],解冤结菩萨,「不详」,无,[不详],非社邑,信息不详、,信息不详,现世福报,消灾免难 (解冤),祈福禳灾,解冤释结,事件未提,[不详],新造,佛教,密教,
32,北山佛湾陈氏造像记,前后蜀年间,902-965,重庆市大足区龙岗街道北山路北山石刻北山佛湾第 252 号龛,北山佛湾第 252 号龛,1,女,观音、地藏,陈氏,弟子,虔诚弟子,非社邑,供养施舍、,设斋供养,信息不详,信息不详,信息不详,信息不详,事件未提,[不详],新造,佛教,观音体系；地藏体系,
33,北山佛湾杨正章造像记,前后蜀年间,902-965,重庆市大足区龙岗街道北山路北山石刻北山佛湾第 252 号龛,北山佛湾第 252 号龛,2,2 男,「不详」（可能为药师净土变相、日月光菩萨、十二神将等）,杨正章、杨古章,无,未明群体,非社邑,信息不详、,信息不详,信息不详,信息不详,信息不详,信息不详,事件未提,[不详],新造,佛教,"净土,药师体系",
34,北山佛湾第 255 号龛造像记,前后蜀年间,902-965,重庆市大足区龙岗街道北山路北山石刻北山佛湾第 255 号龛,北山佛湾第 255 号龛,「不详」,未知（题记模糊）,「不详」（可能为药师净土变相、日月光菩萨、十二神将）,「不详」,无,[不详],非社邑,信息不详、,信息不详,信息不详,信息不详,信息不详,信息不详,事件未提,[不详],新造,佛教,"净土,药师体系",
35,北山佛湾解氏造像记,前后蜀年间,902-965,重庆市大足区龙岗街道北山路北山石刻北山佛湾第 255 号龛,北山佛湾第 255 号龛,1,女,「不详」（可能为药师净土变相、日月光菩萨、十二神将）,解氏,女弟子,虔诚弟子,非社邑,信息不详、,信息不详,现世福报,消灾免难 (患耳愿早除),祈福禳灾,祛病安康,事件未提,[不详],新造,佛教,"净土,药师体系",
36,营盘坡第 13 号龛造像记,前后蜀年间,902-965,重庆市大足区龙岗街道北山路北山石刻营盘坡第 13 号龛,营盘坡第 13 号龛,「不详」,未知（题记模糊）,观音,「不详」,小师、杨书□,[不详],非社邑,造像制作、,发心造像,信息不详,信息不详,信息不详,信息不详,事件未提,[不详],新造,佛教,观音体系,
37,佛耳岩第 9 号龛造像记-1,前后蜀年间,902-965,重庆市大足区龙岗街道北山路北山石刻佛耳岩第 9 号龛,佛耳岩第 9 号龛,「不详」,[不详],药师琉璃光佛、日月光菩萨,「不详」,无,[不详],非社邑,信息不详、,信息不详,信息不详,信息不详,信息不详,信息不详,事件未提,[不详],新造,佛教,药师体系,
38,佛耳岩第 9 号龛造像记-2,前后蜀年间,902-965,佛耳岩第 9 号龛,佛耳岩第 9 号龛,「不详」,[不详],药师琉璃光佛、日月光菩萨,「不详」,无,[不详],非社邑,庄严修饰、,妆銮彩绘,信息不详,信息不详,信息不详,信息不详 (装饰),事件未提,[不详],重妆,佛教,药师体系,
39,北山佛湾第 249 号龛造像记,北宋至道年间（995—997 年）,995-997,重庆市大足区龙岗街道北山路北山石刻北山佛湾第 249 号龛,北山佛湾第 249 号龛,「不详」,[不详],观音、地藏菩萨,「不详」,无,[不详],非社邑,造像制作、,发心造像,信息不详,信息不详,信息不详,信息不详,事件未提,[不详],新造,佛教,观音体系；地藏体系,
40,北山佛湾李氏造像记,北宋至道年间（995—997 年）,995-997,重庆市大足区龙岗街道北山路北山石刻北山佛湾第 249 号龛,北山佛湾第 249 号龛,1,女,观音、地藏,李氏,无,虔诚弟子,非社邑,庄严修饰、,妆銮彩绘,信息不详,信息不详,信息不详,信息不详 (装饰),事件未提,[不详],重妆,佛教,观音体系；地藏体系,
41,北山佛湾第 288 号龛造像记,北宋大观元年（1107 年）,1107,重庆市大足区龙岗街道北山路北山石刻北山佛湾第 288 号龛,北山佛湾第 288 号龛,「不详」,未知（题记模糊）,千手观音,「不详」,奉善弟子、马道者,[不详],非社邑,造像制作、纪念庆赞、,镌刻雕造、设斋表赞,现世福报,福寿康宁 (保寿年),信息不详,信息不详,事件未提,[不详],新造,佛教,"密教,观音体系",
42,北山佛湾第 286 号龛造像记,北宋大观三年（1110 年）,1110,重庆市大足区龙岗街道北山路北山石刻北山佛湾第 286 号龛,北山佛湾第 286 号龛,1,未知（题记模糊）,观音,「不详」,无,虔诚弟子,非社邑,造像制作、造像制作、庄严修饰、纪念庆赞、,发心造像、镌刻雕造、妆銮彩绘、设斋表赞,现世福报,消灾免难 (病疾),祈福禳灾,祛病安康,事件未提,[不详],新造 + 镌妆,佛教,观音体系,
43,北山佛湾邓惟明造像记,北宋政和六年（1116 年）,1116,重庆市大足区龙岗街道北山路北山石刻北山佛湾第 180 号窟,北山佛湾第 180 号窟,1,男,普见菩萨,邓惟明,仕人、弟子,名门士族,非社邑,造像制作、,绘塑造像,现世福报,家庭和睦 (一家安乐),祈福禳灾,护宅安镇,事件未提,[不详],新造,佛教,密教,
44,北山佛湾第 180 号窟造像记-1,北宋宣和二年（1120 年）,1120,重庆市大足区龙岗街道北山路北山石刻北山佛湾第 180 号窟,北山佛湾第 180 号窟,「不详」,未知（题记模糊）,观音,「不详」,无,[不详],非社邑,造像制作、庄严修饰、,镌刻雕造、妆銮彩绘,信息不详,信息不详,信息不详,信息不详,事件未提,[不详],新造 + 镌妆,佛教,观音体系,
45,北山佛湾第 180 号窟造像记-2,北宋宣和四年（1122 年）,1122,重庆市大足区龙岗街道北山路北山石刻北山佛湾第 180 号窟,北山佛湾第 180 号窟,1,男,观音菩萨,「不详」,奉佛弟子,平民合众,非社邑,造像制作、造像制作、纪念庆赞、,发心造像、绘塑造像、设斋表赞,信息不详,信息不详,信息不详,信息不详,事件未提,[不详],新造,佛教,观音体系,
46,北山佛湾第 180 号窟造像记-3,北宋宣和年间,1119-1125,重庆市大足区龙岗街道北山路北山石刻北山佛湾第 180 号窟,北山佛湾第 180 号窟,「不详」,未知（题记模糊）,观音,「不详」,无,[不详],非社邑,信息不详、,信息不详,信息不详,信息不详,信息不详,信息不详,事件未提,[不详],新造,佛教,观音体系,
47,北山佛湾李世明造像记,北宋宣和三年（1121 年）,1121,重庆市大足区龙岗街道北山路北山石刻北山佛湾第 168 号窟,北山佛湾第 168 号窟,2,1 男、1 女,罗汉,李世明、李世明夫妇,奉善弟子,虔诚弟子(家庭合署),非社邑,造像制作、,发心造像,现世福报,家庭和睦 (合家安宁),祈福禳灾,护子求嗣,事件未提,[不详],新造,佛教,无法判定,
48,北山佛湾何仪兴造像记,北宋宣和四年（1122 年）,1122,重庆市大足区龙岗街道北山路北山石刻北山佛湾第 168 号窟,北山佛湾第 168 号窟,6,2 男、4 女,罗汉,何仪兴、何觉发、大娘子、二娘子、三娘子、四娘子,奉善弟子、合家,虔诚弟子(家庭合署),非社邑,造像制作、造像制作、庄严修饰、,发心造像、镌刻雕造、妆銮彩绘,信息不详,信息不详,祈福禳灾,家族昌盛,事件未提,[不详],镌妆,佛教,无法判定,
49,北山佛湾苗氏造像记,北宋宣和年间（1119—1125 年）,1119-1125,重庆市大足区龙岗街道北山路北山石刻北山佛湾第 168 号窟,北山佛湾第 168 号窟,「不详」,未知（题记模糊）,罗汉,苗氏夫妇、小八,奉善弟子,虔诚弟子(家庭合署),非社邑,造像制作、供养施舍、纪念庆赞、,发心造像、看经念诵、设斋表赞,信息不详,信息不详,祈福禳灾,护子求嗣,事件未提,[不详],新造,佛教,无法判定,
50,北山佛湾王惟祖造像记,宋,960-1279,重庆市大足区龙岗街道北山路北山石刻北山佛湾第 168 号窟,北山佛湾第 168 号窟,2,1 男、1 女,罗汉,王惟祖夫妇,弟子,虔诚弟子(家庭合署),非社邑,造像制作、,发心造像,信息不详,信息不详,信息不详,信息不详,事件未提,[不详],新造,佛教,无法判定,
51,北山佛湾王北倒造像记,宋,960-1279,重庆市大足区龙岗街道北山路北山石刻北山佛湾第 168 号窟,北山佛湾第 168 号窟,2,1 男、1 女,罗汉,王北倒夫妇,弟子,虔诚弟子(家庭合署),非社邑,造像制作、,发心造像,现世福报,消灾免难 (祈无灾),祈福禳灾,消灾免难,事件未提,[不详],新造,佛教,无法判定,
52,北山佛湾伏元俊造孔雀明王记,北宋靖康元年（1126 年）,1126,重庆市大足区龙岗街道北山路北山石刻北山佛湾第 155 号龛,北山佛湾第 155 号龛,2,2 男,孔雀明王像,伏元俊、伏世能,匠人,商贾匠人,非社邑,造像制作、,镌刻雕造,信息不详,信息不详,信息不详,信息不详 (工匠题记),事件未提,[不详],新造,佛教,密教,另有版本
53,北山佛湾伏元俊造弥勒记,北宋靖康元年（1126 年）,1126,重庆市大足区龙岗街道北山路北山石刻北山佛湾第 176 号龛,北山佛湾第 176 号龛,2,2 男,弥勒、泗州大圣,伏元俊、伏世能,匠人,商贾匠人,非社邑,造像制作、,镌刻雕造,信息不详,信息不详,信息不详,信息不详 (工匠题记),事件未提,[不详],新造,佛教,弥勒体系；观音体系,
54,北山佛湾伏元俊造泗州大圣记,北宋靖康元年（1126 年）,1126,重庆市大足区龙岗街道北山路北山石刻北山佛湾第 177 号龛,北山佛湾第 177 号龛,1,男,泗州大圣,伏元俊,匠人,商贾匠人,非社邑,造像制作、,镌刻雕造,信息不详,信息不详,信息不详,信息不详 (工匠题记),事件未提,[不详],新造,佛教,观音体系,
55,北山佛湾任宗易造像记,南宋建炎二年（1128 年）,1128,重庆市大足区龙岗街道北山路北山石刻北山佛湾第 149 号窟,北山佛湾第 149 号窟,2,1 男、1 女,如意轮圣观自在菩萨,任宗易、杜氏,奉直大夫知军州事、恭人,在职官员(家庭合署),非社邑,造像制作、造像制作、庄严修饰、,发心造像、镌刻雕造、妆銮彩绘,国邦安宁,风调雨顺 (干戈永息),祈福禳灾,护国安邦,战乱兵祸(干戈永息),[不详],新造 + 镌妆,佛教,"密教,观音体系",
56,北山佛湾任宗易造自赞像记,南宋,1127-1279,重庆市大足区龙岗街道北山路北山石刻北山佛湾第 149 号窟,北山佛湾第 149 号窟,1,男,任宗易自赞像,任宗易,奉直大夫知军州事,在职官员,非社邑,造像制作、,发心造像,信息不详,信息不详 (自赞),信息不详,信息不详 (自赞),事件未提,[不详],新造,佛教,无法判定,
57,北山佛湾杜慧修造像记,南宋,1127-1279,重庆市大足区龙岗街道北山路北山石刻北山佛湾第 149 号窟,北山佛湾第 149 号窟,1,女,杜慧修自赞像,杜慧修,无,虔诚弟子,非社邑,信息不详、,信息不详,修行证悟,断惑解脱 (爱根脱离、悟本来面),修证悟道,发心修行,事件未提,[不详],新造,佛教,无法判定,
58,北山佛湾文志李大郎造像记,南宋绍兴四年（1134 年）,1134,重庆市大足区龙岗街道北山路北山石刻北山佛湾第 137 号维摩图,北山佛湾第 137 号维摩图,4,2男、2 女,文殊诣维摩诘问疾图,文志、李大郎、罗复明、志诚,昌州充宁十将、摹刻匠人、住岩僧,混合群体(在职官员、商贾匠人、僧尼个体 ),非社邑,供养施舍、纪念庆赞、,施财舍物、立碑题铭,现世福报,福寿康宁 (图福利),祈福禳灾,延寿增福,事件未提,[不详],新造,佛教,无法判定,
59,北山佛湾张莘民造像记,南宋绍兴十二年（1142 年）,1142,重庆市大足区龙岗街道北山路北山石刻北山佛湾第 136 号转轮经藏窟,北山佛湾第 136 号转轮经藏窟,1,男,观音菩萨,张莘民,左朝散大夫权发遣昌州军州事,在职官员,非社邑,造像制作、造像制作、庄严修饰、供养施舍、供养施舍、纪念庆赞、,发心造像、镌刻雕造、妆銮彩绘、施财舍物、设斋供养、设斋表赞,国邦安宁,国泰民安 (国祚兴隆),祈福禳灾,护国兴邦,事件未提,[不详],新造 + 镌妆,佛教,观音体系,
60,北山佛湾陈文明造像记,南宋绍兴十三年（1143 年）,1143,重庆市大足区龙岗街道北山路北山石刻北山佛湾第 136 号转轮经藏窟,北山佛湾第 136 号转轮经藏窟,2,1 男、1 女,大势至菩萨、迦叶、阿难,陈文明、郭氏、胥安,奉善弟子、镌匠,混合群体(虔诚弟子、商贾匠人),非社邑,造像制作、庄严修饰、纪念庆赞、纪念庆赞、,镌刻雕造、妆銮彩绘、设斋表赞、立碑题铭,现世福报,福寿康宁 (寿年遐远),祈福禳灾,延寿增福,事件未提,[不详],新造 + 镌妆,佛教,无法判定,
61,北山佛湾赵彭年造像记,南宋绍兴十三年（1143 年）,1143,重庆市大足区龙岗街道北山路北山石刻北山佛湾第 136 号转轮经藏窟,北山佛湾第 136 号转轮经藏窟,2,1 男、1 女,文殊师利菩萨、普贤王菩萨,赵彭年、寿杨氏,左从事朗昌州录事参军兼司户司法、同寿,在职官员(家庭合署),非社邑,造像制作、造像制作、供养施舍、纪念庆赞、纪念庆赞、,发心造像、镌刻雕造、设斋供养、设斋表赞、立碑题铭,国邦安宁,国泰民安 (圣寿无疆),祈福禳灾,护国兴邦,事件未提,[不详],新造,佛教,无法判定,
62,北山佛湾王陛造像记,南宋绍兴十六年（1146 年）,1146,重庆市大足区龙岗街道北山路北山石刻北山佛湾第 136 号转轮经藏窟,北山佛湾第 136 号转轮经藏窟,2, 1男、1 女,数珠手观音菩萨,王陛（或王升）、何氏,奉佛弟子、同政,虔诚弟子(家庭合署),非社邑,供养施舍、造像制作、庄严修饰、纪念庆赞、,施财舍物、镌刻雕造、妆銮彩绘、设斋表赞,现世福报,福寿康宁 (寿算增延),祈福禳灾,延寿增福,事件未提,[不详],新造 + 镌妆,佛教,"密教,观音体系",
63,北山佛湾第 136 号转轮经藏窟造像记,南宋绍兴十二年至十六年间（1142-1146 年）,1142-1146,重庆市大足区龙岗街道北山路北山石刻北山佛湾第 136 号转轮经藏窟,北山佛湾第 136 号转轮经藏窟,「不详」,未知（题记模糊）,阿难等,「不详」,无,[不详],非社邑,供养施舍、纪念庆赞、,施财舍物、设斋表赞,信息不详,信息不详,信息不详,信息不详,事件未提,[不详],新造,佛教,无法判定,
64,北山佛湾张辉造药师佛记,宋代（1131 年～1162 年）,1131-1162,重庆市大足区龙岗街道北山路北山石刻北山佛湾第 110 号药师佛龛,北山佛湾第 110 号药师佛龛,6,3 男、3 女,药师琉璃光如来、菩萨、药叉神将,张辉、刘氏、张师明、昝氏、道保娘,奉善弟子、阖家,虔诚弟子(家庭合署),非社邑,造像制作、寺院建设、造像制作、庄严修饰、,组织营建、开窟凿洞、镌刻雕造、妆銮彩绘,现世福报,子嗣昌盛 (嗣繁昌),祈福禳灾,家族昌盛,事件未提,[不详],新造 + 镌妆,佛教,药师体系,
65,北山观音坡伏小六造像记,南宋绍兴二十四年（1154 年）,1154,重庆市大足区龙岗街道北山路北山石刻北山观音坡第 1 号龛,北山观音坡第 1 号龛,4,2 男、2 女,地藏王菩萨、引路王菩萨、四尊供养人,伏小六、何正言、杨氏、何浩、解氏,匠人、供养人、乡贡进士,混合群体(名门士族、虔诚弟子、商贾匠人),非社邑,造像制作、,镌刻雕造,超度往生,往生净土 (为亡者),超度荐亡,亡亲超荐,家庭变故(亡□□□),[不详],新造,佛教,"净土,地藏体系",
66,北山观音坡第 30 号龛造像记,南宋绍兴年间,1131-1162,重庆市大足区龙岗街道北山路北山石刻北山观音坡第 30 号龛,北山观音坡第 30 号龛,「不详」,未知（题记模糊）,观音,「不详」,无,[不详],非社邑,信息不详、,信息不详,信息不详,信息不详,信息不详,信息不详,事件未提,[不详],新造,佛教,观音体系,
67,北山观音坡刘揆造像记,南宋（早于绍兴十八年）,≤1148,重庆市大足区龙岗街道北山路北山石刻北山观音坡第 40 号龛,北山观音坡第 40 号龛,2,1 男、1 女,释迦牟尼佛、马王菩萨、□王菩萨,刘揆、王氏,摄昌州助教、同政,在职官员(家庭合署),非社邑,造像制作、庄严修饰、,复新重修、妆銮彩绘,现世福报,财富丰足 (门业昌盛),祈福禳灾,家族昌盛,事件未提,[不详],重妆,佛教,密教,
68,北山观音坡袁广造像记,南宋,1127-1279,重庆市大足区龙岗街道北山路北山石刻北山观音坡第 25 号龛,北山观音坡第 25 号龛,1,1 男,释迦佛、三尊供养人像,袁广□,弟子,虔诚弟子,非社邑,信息不详、,信息不详,信息不详,信息不详,信息不详,亡亲超荐,家庭变故(亡父、亡外父),[不详],新造,佛教,无法判定,
69,北山佛湾李氏九娘子造像记,北宋至道年间（995—997 年）,995-997,重庆市大足区龙岗街道北山路北山石刻北山佛湾第 249 号龛,北山佛湾第 249 号龛,1,女,地藏、观音,李氏九娘子,女弟子,虔诚弟子,非社邑,庄严修饰、供养施舍、纪念庆赞、,妆銮彩绘、设斋供养、设斋表赞,超度往生,往生净土 (追广生界),超度荐亡,亡亲超荐,家庭变故(亡夫主王廷略),[不详],重妆,佛教,观音体系；地藏体系,
70,北山佛湾董氏造像记,北宋咸平二年（999 年）,999,重庆市大足区龙岗街道北山路北山石刻北山佛湾第 279 号龛,北山佛湾第 279 号龛,2,2 女,尊胜幢,董氏,女弟子,虔诚弟子,非社邑,庄严修饰、纪念庆赞、,妆銮彩绘、设斋表赞,信息不详,信息不详,信息不详,信息不详,事件未提,[不详],重妆,佛教,密教,
71,北山佛湾陈绍珣造像记,北宋咸平四年（1001 年）,1001,重庆市大足区龙岗街道北山路北山石刻北山佛湾第 253 号龛,北山佛湾第 253 号龛,2,1 男、1 女,观音、地藏,陈绍珣、黄氏,都知兵马使前知昌元永川大足县事、室家,在职官员(家庭合署),非社邑,庄严修饰、供养施舍、纪念庆赞、纪念庆赞、,妆銮彩绘、法会供养、设斋表赞、立碑题铭,现世福报,消灾免难 (愿获眷尚平善),祈福禳灾,消灾免难,地方暴力(淳化五年草乱),[不详],重妆,佛教,观音体系；地藏体系,
72,北山佛湾张文信造像记,北宋咸平六年（1003 年）,1003,重庆市大足区龙岗街道北山路北山石刻北山佛湾第 247 号龛,北山佛湾第 247 号龛,至少1人,男,救苦观音菩萨,张文信,佛子,虔诚弟子,非社邑,造像制作、庄严修饰、纪念庆赞、,绘塑造像、妆銮彩绘、设斋表赞,信息不详,信息不详,信息不详,护子求嗣,事件未提,[不详],重妆,佛教,观音体系,
73,北山佛湾胡承进造像记,北宋景德二年（1005 年）,1005,重庆市大足区龙岗街道北山路北山石刻北山佛湾第 281 号龛,北山佛湾第 281 号龛,1,男,药师佛,胡承进,弟子,虔诚弟子,非社邑,庄严修饰、纪念庆赞、,妆銮彩绘、设斋表赞,信息不详,信息不详,祈福禳灾,家族昌盛,事件未提,[不详],重妆,佛教,药师体系,
74,北山佛湾吕存造像记,北宋宣和四年（1122 年）,1122,重庆市大足区龙岗街道北山路北山石刻北山佛湾第 168 号窟,北山佛湾第 168 号窟,1,未知（题记模糊）,罗汉,吕存（或□□存）,奉善弟子,虔诚弟子,非社邑,造像制作、庄严修饰、,发心造像、妆銮彩绘,信息不详,信息不详,信息不详,信息不详,事件未提,[不详],重妆,佛教,无法判定,
75,北山佛湾文志造像记,南宋建炎二年（1128 年）,1128,重庆市大足区龙岗街道北山路北山石刻北山佛湾第 168 号窟,北山佛湾第 168 号窟,至少2人,至少1男、1 女,罗汉,文志夫妇一家,昌州克宁荣□挥十将、眷属,在职官员(家庭合署),非社邑,造像制作、庄严修饰、纪念庆赞、纪念庆赞、,发心造像、妆銮彩绘、设斋表赞、立碑题铭,现世福报,福寿康宁 (安乐),祈福禳灾,护宅安镇/家族昌盛,事件未提,[不详],重妆,佛教,无法判定,
76,北山佛湾赵仲□造像记,南宋,1127-1279,重庆市大足区龙岗街道北山路北山石刻北山佛湾第 168 号窟,北山佛湾第 168 号窟,2,1 男、1 女,罗汉,赵仲□、王氏,奉善弟子、同政,虔诚弟子(家庭合署),非社邑,庄严修饰、供养施舍、供养施舍、纪念庆赞、,妆銮彩绘、设斋供养、看经念诵、设斋表赞,现世福报,子嗣昌盛 (为膝下),祈福禳灾,护子求嗣,事件未提,[不详],重妆,佛教,无法判定,
77,北山佛湾何□造像记,南宋,1127-1279,重庆市大足区龙岗街道北山路北山石刻北山佛湾第 176 号龛,北山佛湾第 176 号龛,至少2人,至少1 男、1 女,弥勒下生经变,何□、赵氏,清信弟子、同政,虔诚弟子(家庭合署),非社邑,庄严修饰、,妆銮彩绘,现世福报,消灾免难 (眼目校可),祈福禳灾,祛病安康,事件未提,[不详],重妆,佛教,弥勒体系,
78,北山佛湾陈吉造像记,南宋绍兴十六年（1146 年）,1146,重庆市大足区龙岗街道北山路北山石刻北山佛湾第 136 号窟,北山佛湾第 136 号窟,5,3 男、2 女,释迦牟尼佛,陈吉、郭氏、文明、王氏,奉善弟子、眷属,虔诚弟子(家庭合署),非社邑,供养施舍、庄严修饰、,施财舍物、妆銮彩绘,信息不详,信息不详,信息不详,信息不详,事件未提,[不详],重妆,佛教,无法判定,
79,南山石刻何正言造三清记,南宋绍兴年间（1131—1162 年）,1131-1162,重庆市大足区龙岗街道北山路南山石刻 5 号窟三清古洞,南山 5 号窟三清古洞,4,2 男、2 女,以 “三清” 为主的道教神像,何正言、杨氏、张全一、赵氏,舍地开山造功德者、开山化首,混合群体(虔诚弟子、普通百姓),非社邑,供养施舍、寺院建设、造像制作、造像制作、,施财舍物、开窟凿洞、发心造像、组织营建,信息不详,信息不详,信息不详,信息不详 (道教开山),事件未提,[不详],新造,道教,无法判定,
80,南山石刻何正言造后土圣母记,南宋绍兴二十四年之前,≤1154,重庆市大足区龙岗街道北山路南山石刻 4 号窟,南山 4 号窟,3,3 男,后土圣母、九天监生大神、九天送生夫人、何氏父子像、何氏婆媳像,何正言、何浩、杨氏、张全一,父、男乡贡进士、化首,混合群体(名门士族、虔诚弟子),非社邑,造像制作、,组织营建,现世福报,子嗣昌盛 (送生),祈福禳灾,护子求嗣,事件未提,[不详],新造,道教,无法判定,
81,舒成岩王谅造玉皇记,南宋绍兴十三年（1143 年）,1143,重庆市大足区中敖镇大屋村舒成岩第 5 号龛,舒成岩第 5 号龛,1,男,玉皇、二侍女、二天尊、供养人像,王谅、王举、朱业、伏忠靖,修撰、奉命书、镌龛匠师,混合群体(在职官员、商贾匠人),非社邑,造像制作、供养施舍、纪念庆赞、,镌刻雕造、法会供养、设斋表赞,现世福报,福寿康宁 (保寿龄年),祈福禳灾,延寿增福,事件未提,[不详],新造,道教,无法判定,上元节
82,舒成岩王谅造东岳大帝记,南宋绍兴二十二年（1152 年）,1152,重庆市大足区中敖镇大屋村舒成岩第 2 号龛,舒成岩第 2 号龛,1,男,东岳大帝、男侍、女侍、天尊,王谅、王举、王用之、伏元俊、伏元信、吴宗明,前本县押录、撰者、掌岩道士、都作、小作,混合群体(在职官员、僧尼个体、商贾匠人),非社邑,造像制作、寺院建设、纪念庆赞、造像制作、寺院建设、,发心造像、建寺创殿、立碑题铭、镌刻雕造、开窟凿洞,现世福报,福寿康宁 (慈亲等北海之寿),报恩酬德,报父母恩,事件未提,[不详],新造,道教,无法判定,
83,舒成岩宋美意造像记,南宋绍兴二十三年（1153 年）,1153,重庆市大足区中敖镇大屋村舒成岩第 1 号龛,舒成岩第 1 号龛,1,男,淑明皇后、二侍者、一执剑武士、一抱婴女像,宋美意,奉道弟子,虔诚弟子,非社邑,造像制作、造像制作、,发心造像、镌刻雕造,现世福报,消灾免难 (气疾退散),祈福禳灾,祛病安康,事件未提,[不详],新造,道教,无法判定,
84,舒成岩造像记,南宋,1127-1279,重庆市大足区中敖镇大屋村舒成岩第 3 号龛,舒成岩第 3 号龛,「不详」,[不详],紫微大帝、三首六臂神将、一首四臂神将,「不详」,无,[不详],非社邑,信息不详、,信息不详,信息不详,信息不详,信息不详,信息不详 (道教),事件未提,[不详],新造,道教,无法判定,
85,佛耳岩文玠造像记,南宋乾道三年（1167 年）,1167,重庆市大足区邮亭镇佛耳岩第 2 号龛,佛耳岩第 2 号龛,3,3 男,天尊像,文玠、文孟周、文孟通,东普攻镌处士、匠人,商贾匠人,非社邑,造像制作、纪念庆赞、,镌刻雕造、立碑题铭,信息不详,信息不详,信息不详,信息不详 (道教),事件未提,[不详],新造,道教,无法判定,
86,佛儿岩赵宁造像记,南宋,1127-1279,重庆市大足区佛儿岩石窟右第 4 号龛,佛儿岩右第 4 号龛,2,1 男、1 女,三清四御像,赵宁、同诚氏,奉道弟子、同诚,普通百姓群体,非社邑,造像制作、造像制作、,发心造像、镌刻雕造,现世福报,福寿康宁 (寿算延),祈福禳灾,延寿增福,事件未提,[不详],新造,道教,无法判定,
87,佛儿岩第 4 号龛造像记,南宋,1127-1279,重庆市大足区佛儿岩第 4 号龛,佛儿岩第 4 号龛,「不详」,未知（题记模糊）,天尊群像,「不详」,无,[不详],非社邑,信息不详、,信息不详,现世福报,子嗣昌盛 (子孙),祈福禳灾,护子求嗣,事件未提,[不详],新造,道教,无法判定,
88,石壁寺资胜造像记,北宋大中祥符六年（1013 年）,1013,重庆市大足区天宝乡新兴村石壁寺,石壁寺,1,男,毗沙门天王,资□胜,弟子,虔诚弟子,非社邑,造像制作、纪念庆赞、,发心造像、设斋表赞,信息不详,信息不详,信息不详,信息不详,事件未提,[不详],新造,佛教,密教,
89,石篆山石窟第 8 号龛造像记,北宋元丰六年（1083 年）,1083,重庆市大足区三驱镇佛惠村石篆山石窟第 8 号龛,石篆山第 8 号龛,「不详」,未知（题记模糊）,太上老君、玄中大法师、太极真人等道教神像,「不详」,无,[不详],非社邑,造像制作、纪念庆赞、,镌刻雕造、立碑题铭,信息不详,信息不详,信息不详,信息不详 (道教),事件未提,[不详],新造,道教,无法判定,
90,石篆山石窟文惟简造志公和尚像记,北宋元丰八年（1085 年）,1085,重庆市大足区三驱镇佛惠村石篆山石窟第 2 号龛,石篆山第 2 号龛,1,男,志公和尚及弟子等,文惟简,岳阳镌匠,商贾匠人,非社邑,造像制作、纪念庆赞、,镌刻雕造、立碑题铭,修行证悟,觉悟成佛 (见性成佛),修证悟道,弘传佛法,事件未提,梁武帝问志公和尚药方偈：世间有不失人身药方否，有方使不负心二具□□三两慈悲行三寸忍辱根□□□善方便五两□知□六分□烦恼七□，炼六波罗蜜为丸，忌三恶不嗔痴,新造,佛教,禅宗,
91,石篆山石窟严逊造像记,北宋元佑三年（1088 年）,1088,重庆市大足区三驱镇佛惠村石篆山石窟第 6 号龛,石篆山第 6 号龛,2,2 男,文宣王（孔子）、颜回、闵损、冉有、端木、言偃等,严逊、文惟简,供养弟子、岳阳处士(匠师),混合群体(虔诚弟子、商贾匠人),非社邑,供养施舍、纪念庆赞、造像制作、造像制作、,法会供养、设斋表赞、发心造像、镌刻雕造,修行证悟,断惑解脱 (聪明多智),祈福禳灾,延寿增福,事件未提,[不详],新造,儒教,无法判定,
92,石篆山石窟文惟简造三身佛像记,北宋元丰五年（1082 年）、元佑三年（1088 年）,1082、1088,重庆市大足区三驱镇佛惠村石篆山石窟第 7 号龛,石篆山第 7 号龛,4,5 男,三身佛、二比丘像、三菩萨像、男供养人像、女供养人像、十弟子像等,文惟简、居政、居周、居礼,岳阳镌匠、匠师子弟,商贾匠人(家庭合署),非社邑,供养施舍、纪念庆赞、纪念庆赞、,法会供养、设斋表赞、立碑题铭,信息不详,信息不详,信息不详,信息不详,事件未提,[不详],新造,佛教,无法判定,
93,石篆山石窟文惟简造文殊普贤像记,北宋元佑五年（1090 年）,1090,重庆市大足区三驱镇佛惠村石篆山石窟第 5 号龛,石篆山第 5 号龛,3,3 男,文殊、普贤,文惟简、居安、居礼,岳阳镌作文、匠师子弟,商贾匠人(家庭合署),非社邑,造像制作、纪念庆赞、,镌刻雕造、立碑题铭,信息不详,信息不详,信息不详,信息不详 (工匠题记),事件未提,[不详],新造,佛教,无法判定,中秋，月光菩萨圣诞
94,石篆山石窟文惟简造地藏像记,北宋绍圣三年（1096 年）,1096,重庆市大足区三驱镇佛惠村石篆山石窟第 9 号龛,石篆山第 9 号龛,3,3 男,地藏、十王及比丘、比丘尼等,文惟简、居安、居礼,岳阳镌匠、匠师子弟,商贾匠人(家庭合署),非社邑,造像制作、纪念庆赞、,镌刻雕造、立碑题铭,信息不详,信息不详,信息不详,信息不详 (工匠题记),事件未提,[不详],新造,佛教,地藏体系,
95,佛尔岩斯远造像记,南宋绍兴九年（1139 年）,1139,重庆市大足区沙坝乡柏木村佛尔岩第 2 号龛,佛尔岩第 2 号龛,5,4 男、1 女,儒释道 “三教” 主尊像（元始天尊、太上老君等）,斯远、古氏七四娘、大全、大乡、斯敏,奉道弟子、同政,虔诚弟子(家庭合署),非社邑,造像制作、造像制作、,发心造像、集体共修,现世福报,家庭和睦 (合家安乐),超度荐亡,亡亲超荐,家庭变故(亡过妻室古氏三九娘),[不详],新造,二教混合（佛道）,无法判定,
96,佛尔岩斯大造像记,南宋绍兴十五年（1145 年）,1145,重庆市大足区沙坝乡柏木村佛尔岩第 4 号龛,佛尔岩第 4 号龛,1,1 男,无量寿佛、文殊、普贤、罗汉等,斯大□,佛弟子,虔诚弟子,非社邑,造像制作、,发心造像,超度往生,往生净土 (早生天界),超度荐亡,亡亲超荐,家庭变故(亡婆古氏七四娘),[不详],新造,佛教,净土,
97,佛安桥文玠造像记,南宋绍兴十年（1140 年）,1140,重庆市大足区珠溪镇八角村佛安桥第 6 号龛,佛安桥第 6 号龛,2,1 男、1女,水月观音,「不详」、文玠,奉善弟子、镌作处士(匠师),混合群体(虔诚弟子、商贾匠人),非社邑,造像制作、造像制作、纪念庆赞、,发心造像、镌刻雕造、立碑题铭,信息不详,信息不详,信息不详,信息不详,家庭变故(亡父古昌明),[不详],新造,佛教,"密教,观音体系",
98,佛安桥古贯之造像记,南宋绍兴十四年（1144 年）,1144,重庆市大足区珠溪镇八角村佛安桥第 2 号洞,佛安桥第 2 号洞,9,8 男、1 女,无量寿佛、文殊、普贤、观音等,古贯之夫妇、古文士、古及之、杨劭、古平之、古国士、周安仁、王邦杰,奉善弟子、士人,混合群体(名门士族、豪强地主、虔诚弟子),非社邑,造像制作、造像制作、供养施舍、纪念庆赞、,发心造像、镌刻雕造、设斋供养、立碑题铭,超度往生,往生净土 (早获),超度荐亡,亡亲超荐,家庭变故(亡过母亲任氏),[不详],新造,佛教,净土,中元节
99,佛安桥念一娘子造像记,南宋绍兴十四年（1144 年）,1144,重庆市大足区珠溪镇八角村佛安桥第 8 号龛,佛安桥第 8 号龛,1,女,引路王菩萨,念一娘子,奉善弟子,虔诚弟子,非社邑,造像制作、,发心造像,超度往生,往生净土 (过去生天),超度荐亡,亡亲超荐,事件未提,[不详],新造,佛教,"净土,观音体系",
100,佛安桥杨劭造像记,南宋绍兴年间,1131-1162,重庆市大足区珠溪镇八角村佛安桥第 7 号龛,佛安桥第 7 号龛,2,2 男,三世佛、二弟子、天王等,杨劭、古国□,进士、庄主,混合群体(名门士族、豪强地主),非社邑,信息不详、,信息不详,信息不详,信息不详,信息不详,信息不详,事件未提,[不详],新造,佛教,无法判定,
101,佛安桥古及之造像记,南宋乾道八年（1172 年）,1172,重庆市大足区珠溪镇八角村佛安桥第 12 号窟,佛安桥第 12 号窟,1,男,毗卢佛,古及之,奉佛弟子,虔诚弟子,非社邑,造像制作、,发心造像,信息不详,信息不详,信息不详,信息不详,事件未提,[不详],新造,佛教,华严,
102,佛安桥白大明造像记,南宋乾道八年（1172 年）,1172,重庆市大足区珠溪镇八角村佛安桥第 12 号窟,佛安桥第 12 号窟,1,男,道君像,白大明,奉真弟子,虔诚弟子,非社邑,造像制作、,发心造像,信息不详,信息不详,信息不详,信息不详,事件未提,[不详],新造,道教,无法判定,
103,佛安桥古大雅造像记,南宋乾道八年（1172 年）,1172,重庆市大足区珠溪镇八角村佛安桥第 12 号窟,佛安桥第 12 号窟,2,1 男、1 女,尊者像,古大雅、杜氏,佛弟子、同室,虔诚弟子(家庭合署),非社邑,造像制作、,发心造像,现世福报,消灾免难 (眼目光明),祈福禳灾,祛病安康,事件未提,[不详],新造,佛教,无法判定,
104,佛安桥古瞧之造像记,南宋乾道八年（1172 年）,1172,重庆市大足区珠溪镇八角村佛安桥第 12 号窟,佛安桥第 12 号窟,1,男,尊者像,古瞧之,弟子,虔诚弟子,非社邑,造像制作、,发心造像,现世福报,福寿康宁 (福报),报恩酬德,报父母恩,事件未提,[不详],新造,佛教,无法判定,
105,佛安桥杨元佑造像记,南宋乾道八年（1172 年）,1172,重庆市大足区珠溪镇八角村佛安桥第 12 号窟,佛安桥第 12 号窟,2,1 男、1 女,尊者像,杨元佑夫妇,弟子,虔诚弟子(家庭合署),非社邑,造像制作、造像制作、,发心造像、镌刻雕造,超度往生,往生净土 (生天),超度荐亡,亡亲超荐,家庭变故(亡父杨忠友、亡母王氏五娘),[不详],新造,佛教,无法判定,
106,佛安桥李安造像记,南宋乾道八年（1172 年）,1172,重庆市大足区珠溪镇八角村佛安桥第 12 号窟,佛安桥第 12 号窟,2,1 男、1 女,尊者像,李安、周氏,佛弟子,虔诚弟子(家庭合署),非社邑,造像制作、,发心造像,信息不详,信息不详,信息不详,信息不详,事件未提,[不详],新造,佛教,无法判定,
107,佛安桥古彦卓造像记,南宋乾道八年（1172 年）,1172,重庆市大足区珠溪镇八角村佛安桥第 12 号窟,佛安桥第 12 号窟,2,1 男、1 女,尊者像,古彦卓夫妇,佛弟子,虔诚弟子(家庭合署),非社邑,造像制作、,发心造像,信息不详,信息不详,信息不详,信息不详,事件未提,[不详],新造,佛教,无法判定,
108,佛安桥周思义造像记,南宋乾道八年（1172 年）,1172,重庆市大足区珠溪镇八角村佛安桥第 12 号窟,佛安桥第 12 号窟,1,男,尊者像,周思义,弟子,虔诚弟子,非社邑,造像制作、,发心造像,信息不详,信息不详,信息不详,信息不详,事件未提,[不详],新造,佛教,无法判定,
109,佛安桥胡冉觉造像记,南宋乾道八年（1172 年）,1172,重庆市大足区珠溪镇八角村佛安桥第 12 号窟,佛安桥第 12 号窟,1,男,尊者像,胡冉觉,弟子,虔诚弟子,非社邑,庄严修饰、,妆銮彩绘,信息不详,信息不详,信息不详,信息不详,事件未提,[不详],新造 + 重妆,佛教,无法判定,
110,佛安桥牟伯安造像记,南宋乾道八年（1172 年）,1172,重庆市大足区珠溪镇八角村佛安桥第 12 号窟,佛安桥第 12 号窟,2,1 男、1 女,尊者像,牟伯安、任氏万四娘,奉佛士、同室,虔诚弟子(家庭合署),非社邑,造像制作、,发心造像,现世福报,子嗣昌盛 (后嗣),祈福禳灾,护子求嗣,事件未提,[不详],新造,佛教,无法判定,三清节，道德天尊圣诞
111,佛安桥古遗直造像记,南宋乾道八年（1172 年）,1172,重庆市大足区珠溪镇八角村佛安桥第 12 号窟,佛安桥第 12 号窟,2,1 男、1 女,尊者像,古遗直、孙氏,奉佛弟子、同室,虔诚弟子(家庭合署),非社邑,造像制作、,发心造像,信息不详,信息不详,信息不详,信息不详,事件未提,[不详],新造,佛教,无法判定,
112,佛安桥母继昌造像记,南宋乾道八年（1172 年）,1172,重庆市大足区珠溪镇八角村佛安桥第 12 号窟,佛安桥第 12 号窟,2,1 男、1 女,尊者像,母继昌夫妇,弟子,虔诚弟子(家庭合署),非社邑,造像制作、,发心造像,信息不详,信息不详,信息不详,信息不详,事件未提,[不详],新造,佛教,无法判定,
113,佛安桥古彦昭造像记,南宋乾道八年（1172 年）,1172,重庆市大足区珠溪镇八角村佛安桥第 12 号窟,佛安桥第 12 号窟,3,1 男、2 女,尊者像,古彦昭、周氏、罗氏,弟子、同室、母亲,虔诚弟子(家庭合署),非社邑,造像制作、,发心造像,信息不详,信息不详,信息不详,家族昌盛,事件未提,[不详],新造,佛教,无法判定,
114,佛安桥古九思造像记,南宋乾道八年（1172 年）,1172,重庆市大足区珠溪镇八角村佛安桥第 12 号窟,佛安桥第 12 号窟,1,男,尊者像,古九思,奉善士,虔诚弟子,非社邑,造像制作、纪念庆赞、,发心造像、立碑题铭,信息不详,信息不详,信息不详,信息不详,事件未提,[不详],新造,佛教,无法判定,
115,佛安桥文孟周造像记,南宋乾道八年（1172 年）,1172,重庆市大足区珠溪镇八角村佛安桥第 12 号窟,佛安桥第 12 号窟,1,男,匠师镌像记,文孟周,东普攻镌处士(匠师),商贾匠人,非社邑,造像制作、纪念庆赞、,镌刻雕造、立碑题铭,信息不详,信息不详,信息不详,信息不详 (工匠题记),事件未提,[不详],新造,佛教,无法判定,
116,佛安桥造孔子像记,南宋乾道八年（1172 年）,1172,重庆市大足区珠溪镇八角村佛安桥第 12 号窟,佛安桥第 12 号窟,「不详」,未知（题记模糊）,孔子像,「不详」,士、弟子,名门士族,非社邑,造像制作、纪念庆赞、,发心造像、立碑题铭,信息不详,信息不详,信息不详,信息不详,事件未提,[不详],新造,儒教,无法判定,
117,佛安桥思旦造像记,南宋乾道八年（1172 年）,1172,重庆市大足区珠溪镇八角村佛安桥第 12 号窟,佛安桥第 12 号窟,2,2 男,三尊供养人像,思旦、古及之,化主僧、庄主、信众,混合群体(豪强地主、虔诚弟子、僧尼个体),非社邑,信息不详、,信息不详,信息不详,信息不详,信息不详,信息不详,[不详],[不详],新造,佛教,无法判定,
118,妙高山文仲璋造像记,南宋绍兴十四年（1144 年）,1144,重庆市大足区季家镇曙光村妙高山第 2 号窟,妙高山第 2 号窟,3,3 男,释迦佛、太上老君、孔子,文仲璋、文珆、文珠,东普攻镌匠师、匠师子弟,商贾匠人,非社邑,造像制作、纪念庆赞、,镌刻雕造、立碑题铭,信息不详,信息不详,信息不详,信息不详 (工匠题记),事件未提,[不详],新造,三教混合（佛道儒）,无法判定,
119,石门山杨才友造像记,北宋绍圣元年（1094 年）,1094,重庆市大足区石马镇新胜村石门山第 13 号龛,石门山第 13 号龛,至少4人,至少3 男、1 女,山王像,杨才友、冯氏、杨文忻、杨文秀、文居道、文惟一,弟子、女弟子、长男、小男、镌作匠人、施手镌匠人,混合群体(虔诚弟子 、商贾匠人、普通百姓),非社邑,造像制作、造像制作、纪念庆赞、纪念庆赞、,发心造像、镌刻雕造、设斋表赞、立碑题铭,现世福报,家庭和睦 (一家安乐),祈福禳灾,护宅安镇,家庭变故(先亡离苦、债主生天),[不详],新造,佛教,弥勒体系,清明节
120,石门山法顺造像记,北宋绍圣元年（1094 年）,1094,重庆市大足区石马镇新胜村石门山第 4 号龛,石门山第 4 号龛,3,3 男,水月观音像,法顺、何承贵、杨□、文居道,僧、施主、匠人,混合群体(虔诚弟子、商贾匠人、僧尼个体),非社邑,供养施舍、造像制作、造像制作、,施财舍物、发心造像、镌刻雕造,修行证悟,觉悟成佛 (见性成佛),修证悟道,离苦解脱,[不详],[不详],新造,佛教,"密教,观音体系",
121,石门山赵氏一娘子造像记,北宋绍圣三年（1096 年）,1096,重庆市大足区石马镇新胜村石门山第 3 号龛,石门山第 3 号龛,至少5人,至少4 男、1 女,释迦佛、香花菩萨、阿难、迦叶像,赵氏一娘子、吴逢、吴信之、吴舜之、吴节之、文惟一、居道,奉佛女弟子、男、镌作文、刻工,混合群体(虔诚弟子(家庭合署)、商贾匠人),非社邑,造像制作、造像制作、,发心造像、镌刻雕造,现世福报,家庭和睦 (一家之安宁),祈福禳灾,延寿增福,家庭变故(亡夫超升、先亡生天),[不详],新造,佛教,密教,另有版本
122,石门山岑忠用造像记,南宋绍兴十年（1140 年）,1140,重庆市大足区石马镇新胜村石门山 6 号洞十圣观音窟,石门山 6 号洞十圣观音窟,3,2 男、1 女,无量寿佛、大势至菩萨、十圣观音、善财功德像、献珠龙女像、供养人像,岑忠用、裴氏、众舍财信士,化首、信士,混合群体(虔诚弟子、普通百姓),非社邑,特殊行为、造像制作、寺院建设、造像制作、,劝诱诱化、发心造像、开窟凿洞、组织营建,国邦安宁,风调雨顺 (祈风雨顺时),祈福禳灾,求雨止涝,[不详],[不详],新造,佛教,净土；天台；华严；密教；观音体系；弥勒体系,
123,石门山造正法明王观音像记,南宋绍兴十一年（1141 年）,1141,重庆市大足区石马镇新胜村石门山 6 号洞,石门山 6 号洞,1,未知（题记模糊）,正法明王观音像,「不详」,奉佛弟子,虔诚弟子,非社邑,造像制作、造像制作、,发心造像、镌刻雕造,现世福报,福寿康宁 (今安),信息不详,信息不详,事件未提,[不详],新造,佛教,"密教,观音体系",上元节
124,石门山岑忠志造像记,南宋绍兴十一年（1141 年）,1141,重庆市大足区石马镇新胜村石门山 6 号洞,石门山 6 号洞,9,6 男、3 女,宝兰手观音像,岑忠志、薛氏、文贵、陈氏、文贤、杨氏、文胜、文后、文尽,奉善佛弟子、同政、眷属,虔诚弟子(家庭合署),非社邑,供养施舍、造像制作、,施财舍物、发心造像,现世福报,家庭和睦 (一家安泰),祈福禳灾,护宅安镇,事件未提,[不详],新造,佛教,"密教,观音体系",
125,石门山岑忠恕造像记,南宋绍兴十年（1140 年）（或 1141 年）,1140 或 1141,重庆市大足区石马镇新胜村石门山 6 号洞,石门山 6 号洞,至少1人,至少1男,宝经手观音像,岑忠恕（或岑忠用）合家,奉佛弟子、合家,虔诚弟子(家庭合署),非社邑,造像制作、造像制作、庄严修饰、造像制作、,发心造像、镌刻雕造、金装宝饰、组织营建,现世福报,家庭和睦 (举家安乐),祈福禳灾,护宅安镇,事件未提,[不详],新造 + 镌妆,佛教,"密教,观音体系",
126,石门山岑忠信造像记,南宋绍兴十一年（1141 年）,1141,重庆市大足区石马镇新胜村石门山 6 号洞,石门山 6 号洞,2,至少1男、1 女,宝扇手观音像,岑忠信夫妇,奉善弟子,虔诚弟子(家庭合署),非社邑,造像制作、,发心造像,现世福报,家庭和睦 (一宅安泰),祈福禳灾,护宅安镇,事件未提,[不详],新造,佛教,"密教,观音体系",
127,石门山庞休造像记,南宋绍兴十一年（1141 年）,1141,重庆市大足区石马镇新胜村石门山 6 号洞,石门山 6 号洞,至少1人,至少1男,甘露玉观音像,庞休一宅,奉佛弟子,虔诚弟子(家庭合署),非社邑,造像制作、,发心造像,现世福报,家庭和睦 (尊少安泰),祈福禳灾,护宅安镇,事件未提,[不详],新造,佛教,"密教,观音体系",
128,石门山侯惟正造像记,南宋绍兴十一年（1141 年）,1141,重庆市大足区石马镇新胜村石门山 6 号洞,石门山 6 号洞,2,1 男、1 女,善财功德像,侯惟正、崔氏,奉佛道弟子、夫妇,虔诚弟子(家庭合署),非社邑,造像制作、,发心造像,现世福报,福寿康宁 (寿算延长),祈福禳灾,解冤释结,事件未提,[不详],新造,佛教,观音体系,
129,石门山杨作安造像记,南宋绍兴十一年（1141 年）,1141,重庆市大足区石马镇新胜村石门山 6 号洞,石门山 6 号洞,至少7人,至少4 男、3 女,大势至菩萨像,杨作安、□氏、杨谦、梁氏、杨诏、杨女□□娘、一娘,奉善弟子、眷属,虔诚弟子(家庭合署),非社邑,造像制作、造像制作、,发心造像、镌刻雕造,信息不详,信息不详,信息不详,家族昌盛,事件未提,[不详],新造,佛教,无法判定,
130,石门山甄典造像记,南宋绍兴十一年（1141 年）,1141,重庆市大足区石马镇新胜村石门山 6 号洞,石门山 6 号洞,4,1 男、3 女,阿弥陀佛像,甄典、旦氏、大金娘、小金娘,奉佛弟子、眷属,虔诚弟子(家庭合署),非社邑,供养施舍、造像制作、,施财舍物、发心造像,超度往生,往生净土 (祈乞先□乐果),超度荐亡,亡亲超荐,家庭变故(亡妣崔氏二娘),[不详],新造,佛教,净土,
131,石门山赵勤典造像记,南宋绍兴十一年（1141 年）,1141,重庆市大足区石马镇新胜村石门山 6 号洞,石门山 6 号洞,3,3 男,宝镜观音像,赵勤典、赵觉、赵恭,奉佛男弟子、眷属,虔诚弟子(家庭合署),非社邑,供养施舍、造像制作、,施财舍物、发心造像,现世福报,家庭和睦 (一家安泰),祈福禳灾,解冤释结,事件未提,[不详],新造,佛教,"密教,观音体系",上元节
132,石门山陈充造像记,南宋绍兴十一年（1141 年）,1141,重庆市大足区石马镇新胜村石门山 6 号洞,石门山 6 号洞,至少1人,至少1男,莲花手观音像,陈充一宅,奉佛弟子、承信郎,在职官员(家庭合署),非社邑,造像制作、造像制作、,组织营建、镌刻雕造,现世福报,福寿康宁 (寿年永远),祈福禳灾,延寿增福,事件未提,[不详],新造,佛教,"密教,观音体系",
133,石门山庞师上造像记,南宋绍兴十一年（1141 年）,1141,重庆市大足区石马镇新胜村石门山 6 号洞,石门山 6 号洞,2,2 男,如意轮观音像,庞师上父子,奉佛弟子,虔诚弟子(家庭合署),非社邑,造像制作、,发心造像,现世福报,福寿康宁 (永世康宁),祈福禳灾,护宅安镇,事件未提,[不详],新造,佛教,"密教,观音体系",
134,石门山侯良造像记,南宋绍兴十一年（1141 年）,1141,重庆市大足区石马镇新胜村石门山 6 号洞,石门山 6 号洞,7,6 男、1 女,数珠手观音像,侯良、严氏、惟芝、惟显、惟霖、惟海,奉佛弟子、眷属,虔诚弟子(家庭合署),非社邑,造像制作、纪念庆赞、,发心造像、设斋表赞,国邦安宁,国泰民安 (国泰民安),祈福禳灾,护国兴邦,事件未提,[不详],新造,佛教,"密教,观音体系",
135,石门山谢继隆造像记,南宋绍兴十一年（1141 年）,1141,重庆市大足区石马镇新胜村石门山 6 号洞,石门山 6 号洞,2,1 男、1 女,献珠龙女像,谢继隆、何氏、女茶娘,奉善弟子、夫妇、眷属,虔诚弟子(家庭合署),非社邑,造像制作、,发心造像,现世福报,家庭和睦 (一宅安泰),祈福禳灾,护宅安镇,事件未提,[不详],新造,佛教,天台,
136,石门山杨伯高造像记,南宋绍兴十七年（1147 年）,1147,重庆市大足区石马镇新胜村石门山第 2 号,石门山第 2 号,1,男,玉皇坐像、“千里眼”“顺风耳” 二神将、供养人男像,杨伯高,弟子,虔诚弟子,非社邑,造像制作、造像制作、,发心造像、镌刻雕造,超度往生,往生净土 (为故先考),超度荐亡,亡亲超荐,家庭变故(亡父杨文忻),[不详],新造,道教,无法判定,
137,石门山蹇忠进造像记,南宋绍兴二十一年（1151 年）,1151,重庆市大足区石马镇新胜村石门山第 1 号,石门山第 1 号,「不详」,未知（题记模糊）,药师佛坐像、胁侍二菩萨、十神将,「不详」、蹇忠进、文道盛,奉佛弟子、镌匠、住持,混合群体(虔诚弟子、商贾匠人、僧尼个体),非社邑,庄严修饰、造像制作、,妆銮彩绘、镌刻雕造,超度往生,往生净土 (往天生世),超度荐亡,亡亲超荐,事件未提,[不详],新造 + 镌妆,佛教,药师体系,
138,老君庙任氏造像记,南宋建炎四年（1130 年）,1130,重庆市大足区高坪乡爆花村老君庙第 6 号龛,老君庙第 6 号龛,至少1人,至少1女,送子观音坐像、左右胁侍二侍者,任氏等,奉佛弟子,虔诚弟子,非社邑,造像制作、,发心造像,现世福报,福寿康宁 (乞愿寿),祈福禳灾,护子求嗣,事件未提,[不详],新造,佛教,观音体系,
139,峰山寺黄氏造像记,南宋绍兴六年（1136 年）,1136,重庆市大足区天山乡峰山村峰山寺第 7 号龛,峰山寺第 7 号龛,2,1 男、1 女,圣母像,黄氏夫妇、文玠,奉道弟子、同政、攻镌处士(匠师),混合群体(虔诚弟子(家庭合署)、商贾匠人),非社邑,造像制作、造像制作、纪念庆赞、,发心造像、镌刻雕造、立碑题铭,现世福报,家庭和睦 (合家安乐),祈福禳灾,护宅安镇,事件未提,[不详],新造,道教,无法判定,
140,峰山寺第 12 号龛前造像记,宋,960-1279,重庆市大足区天山乡峰山村峰山寺石窟上岩第 12 号龛前,峰山寺上岩第 12 号龛前,「不详」,[不详],题刻佛名（南无宝胜、南无离怖、南无甘露、南无阿弥等）,「不详」,无,[不详],非社邑,信息不详、,信息不详,信息不详,信息不详,信息不详,信息不详,事件未提,南无宝胜、南无离怖、南无甘露、南无阿弥,新造,佛教,净土；密教,
141,石佛寺文玠造像记,南宋绍兴二十九年（1159 年）,1159,重庆市大足区高坪乡爆花村石佛寺第 3 号龛,石佛寺第 3 号龛,2,2 男,老君像、灵宝天真像、童子、飞天,文玠、文孟周,东普攻镌处士(匠师)、匠师子弟,商贾匠人(家庭合署),非社邑,造像制作、纪念庆赞、,镌刻雕造、立碑题铭,信息不详,信息不详,信息不详,信息不详,事件未提,[不详],新造,道教,无法判定,
142,半边寺道首造像记,宋,960-1279,重庆市大足区三溪镇凉水村半边寺石窟,半边寺石窟,「不详」,未知（题记模糊）,观音坐莲台像、玉皇像、圣母像、天尊像及二侍者像、五真君像、六真君像、十真像等,「不详」、道首,奉道弟子、道首,混合群体(虔诚弟子、普通百姓),非社邑,信息不详、,信息不详,信息不详,信息不详,信息不详,信息不详,事件未提,[不详],新造,二教混合（佛道）,无法判定,
143,三教寺任造像记,北宋元丰元年（1078 年）,1078,重庆市大足区宝兴镇大堰村三教寺石窟,三教寺石窟,2,1 男、1 女,诸佛、菩萨坐像,任□□、姚氏万一娘子、任伯、任□,奉佛弟子、眷属,虔诚弟子(家庭合署),非社邑,造像制作、,发心造像,现世福报,福寿康宁 (求母安),祈福禳灾,祛病安康,事件未提,[不详],新造,佛教,无法判定,
144,三教寺东普造像记,北宋元符元年（1098 年）,1098,重庆市大足区宝兴镇大堰村三教寺石窟第 5 号龛,三教寺第 5 号龛,「不详」,未知（题记模糊）,八佛像,「不详」、东普攻镌处士,奉佛弟子、匠师,混合群体(虔诚弟子、商贾匠人),非社邑,造像制作、,镌刻雕造,信息不详,信息不详,信息不详,信息不详,事件未提,[不详],新造,佛教,华严,
145,张家庙李良臣造像记,南宋绍兴三年（1133 年）,1133,重庆市大足区龙石镇新生村张家庙石窟第 3 号龛,张家庙第 3 号龛,2,1 男、1 女,一佛二圣像,李良臣、□□娘子,奉佛弟子,虔诚弟子,非社邑,造像制作、造像制作、,发心造像、镌刻雕造,超度往生,往生净土 (早生天),超度荐亡,亡亲超荐,家庭变故(亡父),[不详],新造,佛教,净土,
146,张家庙杨安造像记,南宋绍兴年间,1131-1162,重庆市大足区龙石镇新生村张家庙石窟第 3 号龛,张家庙第 3 号龛,2,2 男,观自在佛像,杨安□、杨□中,奉佛弟子,虔诚弟子,非社邑,信息不详、,信息不详,信息不详,信息不详,信息不详,信息不详,事件未提,[不详],新造,佛教,观音体系,
147,张家庙进士造像记,南宋绍兴年间,1131-1162,重庆市大足区龙石镇新生村张家庙石窟第 3 号龛,张家庙第 3 号龛,「不详」,未知（题记模糊）,千佛像,「不详」、进士,奉佛弟子、进士,混合群体(名门士族、虔诚弟子),非社邑,信息不详、,信息不详,信息不详,信息不详,信息不详,信息不详,事件未提,[不详],新造,佛教,无法判定,
148,张家庙第 3 号龛造像记,南宋绍兴年间,1131-1162,重庆市大足区龙石镇新生村张家庙石窟第 3 号龛,张家庙第 3 号龛,「不详」,未知（题记模糊）,佛像,「不详」,奉佛弟子,虔诚弟子,非社邑,信息不详、,信息不详,信息不详,信息不详,信息不详,信息不详,事件未提,[不详],新造,佛教,无法判定,
149,张家庙第 1 号龛造像记,宋,960-1279,重庆市大足区龙石镇新生村张家庙石窟第 1 号龛,张家庙第 1 号龛,「不详」,未知（题记模糊）,无明确可辨造像题材,「不详」,奉佛信士,[不详],非社邑,信息不详、,信息不详,信息不详,信息不详,信息不详,信息不详,事件未提,[不详],新造,佛教,无法判定,
150,兴隆庵第 8 号龛造像记,南宋绍兴六年（1136 年）,1136,重庆市大足区三驱镇白果村兴隆庵石窟第 8 号龛,兴隆庵第 8 号龛,「不详」,未知（题记模糊）,西方三圣像、左侍立僧人、右立一武士,「不详」,奉佛弟子,虔诚弟子,非社邑,造像制作、,镌刻雕造,现世福报,福寿康宁 (祈佑),信息不详,信息不详,事件未提,[不详],新造,佛教,净土,下元节
151,兴隆庵第 1 号龛造像记,南宋,1127-1279,重庆市大足区三驱镇白果村兴隆庵石窟第 1 号龛,兴隆庵第 1 号龛,「不详」,[不详],二地藏像,「不详」,奉佛弟子,虔诚弟子,非社邑,信息不详、,信息不详,超度往生,离苦得乐 (开天堂路闭地狱门),修证悟道,离苦解脱,事件未提,开天堂路闭地狱门,新造,佛教,地藏体系,
152,玉滩石窟第 1 号龛造像记,南宋绍兴七年（1137 年）,1137,重庆市大足区珠溪镇玉河村玉滩石窟第 1 号龛,玉滩第 1 号龛,1,男,地藏像,「不详」,奉佛弟子,虔诚弟子,非社邑,纪念庆赞、,庆讫记功,现世福报,家庭和睦 (一家安乐),祈福禳灾,护宅安镇,事件未提,[不详],新造,佛教,地藏体系,
153,玉滩石窟文仲璋造像记,南宋绍兴十八年（1148 年）,1148,重庆市大足区珠溪镇玉河村玉滩石窟第 11 号龛,玉滩第 11 号龛,3,3男,毗卢佛、千佛像,文仲璋、文琇、文恺,普州攻镌匠师、匠师子弟,商贾匠人(家庭合署),非社邑,造像制作、造像制作、纪念庆赞、,镌刻雕造、发心造像、立碑题铭,信息不详,信息不详,信息不详,信息不详,事件未提,[不详],新造,佛教,华严,
154,玉滩石窟文琇造像记,南宋绍兴二十七年（1157 年）,1157,重庆市大足区珠溪镇玉河村玉滩石窟第 5 号龛,玉滩第 5 号龛,1,男,观音像,文琇,东普攻镌匠师,商贾匠人,非社邑,造像制作、纪念庆赞、,镌刻雕造、立碑题铭,信息不详,信息不详,信息不详,信息不详,事件未提,[不详],新造,佛教,观音体系,
155,玉滩石窟高氏造像记,南宋年间（1131~1162 年）,1131-1162,重庆市大足区珠溪镇玉河村玉滩石窟第 6 号龛,玉滩第 6 号龛,1,女,男、女二世俗人像、镌妆佛像,高氏桂一娘,奉佛女弟子,豪强地主,非社邑,供养施舍、寺院建设、纪念庆赞、,施财舍物、置产供用、立碑题铭,超度往生,往生净土 (过往生天),超度荐亡,亡亲超荐,家庭变故(夫君陈文祖往生),[不详],新造 + 重妆,佛教,无法判定,
156,灵岩寺文艺造像记,南宋宁宗年间（1195—1224 年）,1195-1224,重庆市大足区宝兴镇青棵村灵岩寺石窟第 2 号龛,灵岩寺第 2 号龛,1,男,九子母像,文艺,东普攻镌匠师(文惟简玄孙),商贾匠人,非社邑,造像制作、,镌刻雕造,信息不详,信息不详,信息不详,信息不详 (工匠题记),事件未提,[不详],新造,佛教,密教,
157,灵岩寺高仁同造像记,南宋宝佑元年（1253 年）,1253,重庆市大足区宝兴镇青棵村灵岩寺石窟第 5 号龛,灵岩寺第 5 号龛,1,男,毗卢佛及胁侍二弟子、二菩萨像（可能）,高仁同,弟子,虔诚弟子(家庭合署),非社邑,造像制作、纪念庆赞、,发心造像、立碑题铭,现世福报,家庭和睦 (一家安泰),祈福禳灾,护宅安镇,事件未提,[不详],新造,佛教,华严,
158,灵岩寺古中造像记,南宋宝佑元年（1253 年）,1253,重庆市大足区宝兴镇青棵村灵岩寺石窟第 5 号龛,灵岩寺第 5 号龛,2,1男、1女,毗卢佛及胁侍二弟子、二菩萨像（可能）,古中□、尚□氏二娘,佛弟子、眷属,虔诚弟子(家庭合署),非社邑,造像制作、纪念庆赞、,发心造像、立碑题铭,现世福报,家庭和睦 (合家安乐),祈福禳灾,护宅安镇,事件未提,[不详],新造,佛教,华严,
159,灵岩寺进士造像记,南宋宝佑元年（1253 年）,1253,重庆市大足区宝兴镇青棵村灵岩寺石窟第 5 号龛,灵岩寺第 5 号龛,1,男,毗卢佛及胁侍二弟子、二菩萨像（可能）,「不详」、进士,奉佛弟子、进士,混合群体(名门士族、虔诚弟子),非社邑,信息不详、,信息不详,现世福报,家庭和睦 (一家安乐),祈福禳灾,护宅安镇,事件未提,[不详],新造,佛教,华严,
160,灵岩寺袁伯宁造像记,南宋宝佑元年（1253 年）,1253,重庆市大足区宝兴镇青棵村灵岩寺石窟第 8 号龛,灵岩寺第 8 号龛,1,男,善财童子像、献花龙女像,袁伯宁,弟子,虔诚弟子,非社邑,造像制作、纪念庆赞、,发心造像、立碑题铭,信息不详,信息不详,信息不详,信息不详,事件未提,[不详],新造,佛教,华严,
161,普圣庙造柳本尊像记,南宋,1127-1279,重庆市大足区中敖镇金盆村普圣庙石窟第 1 号龛,普圣庙第 1 号龛,「不详」,[不详],柳本尊像、夹侍二女、二行者、二天王像,「不详」,奉佛弟子,虔诚弟子,非社邑,信息不详、,信息不详,修行证悟,断惑解脱 (天魔俱胆碎，外道尽崩摧),信息不详,信息不详,事件未提,天魔俱胆碎、外道尽崩摧,新造,佛教,密教,
162,多宝塔王慈济造像记,南宋绍兴十七年（1147 年）,1147,重庆市大足区北山冈白塔寺前多宝塔外底层面北,多宝塔外底层面北,2,男,释迦佛坐像,王慈济、大一娘,佛子、奉佛弟子,虔诚弟子,非社邑,供养施舍、造像制作、纪念庆赞、,施财舍物、镌刻雕造、立碑题铭,修行证悟,觉悟成佛 (心空及第),报恩酬德,报先人恩,事件未提,[不详],新造,佛教,无法判定,
163,多宝塔第 8 号龛何正言造像记,南宋绍兴十八年（1148 年）,1148,重庆市大足区北山冈白塔寺前多宝塔内第二级第 8 号龛,多宝塔内第二级第 8 号龛,2,1男、1女,观音像,何正言、杨氏,佛子、同室,虔诚弟子(家庭合署),非社邑,信息不详、,信息不详,信息不详,信息不详,信息不详,信息不详,事件未提,[不详],新造,佛教,观音体系,
164,多宝塔刘升造像记,南宋绍兴二十年（1150 年）（镌妆）,1150,重庆市大足区北山冈白塔寺前多宝塔内第二级第 7 号龛,多宝塔内第二级第 7 号龛,7,4男、3女,如意轮菩萨像,刘升、袁氏万一娘、刘陟、于氏庆二娘、王氏念九娘子等,奉佛进士、同室、弟子、眷属,混合群体(名门士族、虔诚弟子(家庭合署)),非社邑,造像制作、造像制作、造像制作、庄严修饰、供养施舍、纪念庆赞、纪念庆赞、,发心造像、镌刻雕造、组织营建、妆銮彩绘、看经念诵、设斋表赞、立碑题铭,超度往生,往生净土 (过往生天),超度荐亡,亡亲超荐,家庭变故(亡父刘揆往生),[不详],新造 + 镌妆,佛教,"密教,观音体系",
165,多宝塔于滨造像记,南宋绍兴二十一年（1151 年）,1151,重庆市大足区北山冈白塔寺前多宝塔内第三级第 23 号龛,多宝塔内第三级第 23 号龛,1,男,西方三圣像,□于滨,奉佛信士,虔诚弟子,非社邑,供养施舍、造像制作、纪念庆赞、,施财舍物、发心造像、立碑题铭,现世福报,福寿康宁 (安乐),祈福禳灾,家族昌盛,事件未提,[不详],新造,佛教,净土,
166,多宝塔第 43 号龛冯大学造像记,南宋绍兴二十二年（1152 年）,1152,重庆市大足区北山冈白塔寺前多宝塔内第四级第 43 号龛,多宝塔内第四级第 43 号龛,19,10男、9女,释迦佛等像、男女二供养人像,冯大学、冯覮、冯觉、徐氏、邓氏、洞祖、继祖、杨僧、佛保、佛儿、闰师、妙明、妙悟、黄法智、法慧、任氏二娘、吴氏、□氏、王氏、文氏、邓氏、唐氏、姚氏、丁氏、赵氏,敷文阁直学士、右奉承郎、右迪功郎、孺人、登仕郎、眷属,混合群体(封爵贵族、在职官员、普通百姓(家庭合署)),非社邑,供养施舍、造像制作、造像制作、纪念庆赞、,施财舍物、造塔建幢、组织营建、立碑题铭,现世福报,福寿康宁 (禄寿绵远),祈福禳灾,延寿增福,事件未提,[不详],新造,佛教,无法判定,另有版本
167,多宝塔第 54 号王堂造像记,南宋绍兴二十三年（1153 年）,1153,重庆市大足区北山冈白塔寺前多宝塔内第五级第 54 号释迦佛龛左右壁,多宝塔内第五级第 54 号龛,66,65男、1女,造塔,王堂、罗先古、贯之、斯迪、大成、冯拯安、王氏、王景恩、冯忠信、张伯宣、黄介、杨高、冯绘、杜宗旦、王伯通、郑嗣宗、黄辂、王泽、胡考宁、王思志、王旦、张汝霖、汝明、斯完、奉先、彦先、几先、杜详、李明道、梁嗣宗、王信言、罗觉、斯逸、大明、大受、赵忠直、运、解陈、三捷、李京浦、明、张元隆、逸、王诏、苟元友、李元爱、庞广爱、顺宗、王才志、才胜、李承法、杜世高、翟光远、李咸,圜通善友、化众、施主,平民合众,非社邑,特殊行为、供养施舍、寺院建设、纪念庆赞、,劝诱诱化、施财舍物、建寺创殿、立碑题铭,修行证悟,觉悟成佛 (俱成正觉),信息不详,信息不详,事件未提,[不详],新造,佛教,无法判定,
168,多宝塔文陟造像记,南宋绍兴二十三年（1153 年）,1153,重庆市大足区北山冈白塔寺前多宝塔内第五级第 57 号龛,多宝塔内第五级第 57 号龛,2,1男、1女,无量寿佛,文陟、毛氏,奉佛弟子、同室,虔诚弟子(家庭合署),非社邑,供养施舍、造像制作、,施财舍物、发心造像,现世福报,子嗣昌盛 (子孙蕃衍),祈福禳灾,护子求嗣/祛病安康,事件未提,[不详],新造,佛教,净土,
169,多宝塔汉卿造像记,南宋绍兴二十五年（1155 年）,1155,重庆市大足区北山冈白塔寺前多宝塔内第五级第 55 号龛,多宝塔内第五级第 55 号龛,15,8男、7女,善财童子参礼善知识像,汉卿、庞上明、胡氏三娘、杨氏三娘、刘氏五娘、国光、大方、杨氏十二娘等,永川县使、本师、眷属,混合群体(在职官员、虔诚弟子(家庭合署)),非社邑,造像制作、寺院建设、供养施舍、纪念庆赞、,发心造像、建寺创殿、施财舍物、立碑题铭,超度往生,往生净土 (先亡祖□各乞生天),超度荐亡,亡亲超荐,家庭变故(亡曾祖/亡祖父往生),[不详],新造,佛教,华严,
170,多宝塔刘杰造像记,南宋绍兴二十三年（1153 年）,1153,重庆市大足区北山冈白塔寺前多宝塔内第五级第 60 号龛,多宝塔内第五级第 60 号龛,2,1男、1女,龙树菩萨像,刘杰、杨氏,铁匠、奉佛弟子,商贾匠人,非社邑,造像制作、供养施舍、,发心造像、施财舍物,现世福报,消灾免难 (眼目光明),祈福禳灾,祛病安康,事件未提,[不详],新造,佛教,无法判定,
171,多宝塔昝彦造像记,南宋,1127-1279,重庆市大足区北山冈白塔寺前多宝塔内第五级第 60 号龛,多宝塔内第五级第 60 号龛,2,1男、1女,地藏王如来像,昝彦、任氏,奉佛弟子、同室,虔诚弟子(家庭合署),非社邑,供养施舍、造像制作、,施财舍物、发心造像,超度往生,往生净土 (先亡眷属速登天界),超度荐亡,亡亲超荐,家庭变故(先亡眷属往生),[不详],新造,佛教,地藏体系,
172,多宝塔第 60 号龛造像记,南宋绍兴年间,1131-1162,重庆市大足区北山冈白塔寺前多宝塔内第五级第 60 号龛,多宝塔内第五级第 60 号龛,「不详」,未知（题记模糊）,释迦佛等像,「不详」、于□□、氏,奉佛弟子,虔诚弟子,非社邑,信息不详、,信息不详,现世福报,福寿康宁 (福禄),祈福禳灾,家族昌盛,事件未提,[不详],新造,佛教,无法判定,
173,多宝塔伏小八造像记,南宋绍兴二十四年（1154 年）,1154,重庆市大足区北山冈白塔寺前多宝塔内第六级第 64 号龛,多宝塔内第六级第 64 号龛,「不详」,未知（题记模糊）,释迦牟尼娑罗双林示寂像,「不详」、伏小八,奉佛弟子、镌匠,混合群体(虔诚弟子、商贾匠人),非社邑,造像制作、供养施舍、造像制作、造像制作、纪念庆赞、,造塔建幢、施财舍物、组织营建、镌刻雕造、立碑题铭,超度往生,离苦得乐 (涅槃以超升),超度荐亡,亡亲超荐,家庭变故(先亡宋□氏涅槃),娑罗双林示寂式〔我〕佛世尊以一大事因缘说死说生说人天幻觉本见空即心为佛而乃双林示灭入般涅槃而谓是生耶死耶波旬唱言〔生〕耶死耶况我人众生寿者亦然观之不见佛母摩耶夫人到〔仞利天至双林所遍文世尊自〕棺中出坐般若室中为母说法是谓是生耶死耶生也不然死也不然我佛之见以生也不生〔生〕为生死也不死死为死然而有□天上人间大地一切众生□□□□虚设此一□事作个是非□□□湛然常住不灭但慈济闻不闻于尽闻见不见于尽见迦文□□凡二千三百余年未曾见□涅槃〔像〕睹建大宝塔顶安佛像□佛吉祥睡而未曾之〔舍钱命工〕□〔石〕刊建□□圣容永安佛塔仰〔先亡宋〕□氏涅槃以超升债主□□□□□□□见存眷□□各保□□□□□□魔顿明□□□为之□三有□□□□□□□,新造,佛教,无法判定,
174,多宝塔李小大造像记,南宋绍兴二十五年（1155 年）（刻石）,1155,重庆市大足区北山冈白塔寺前多宝塔内第五级第 58 号龛,多宝塔内第五级第 58 号龛,2,2男、1女,观自在菩萨像,李小大、何氏小三娘,奉佛弟子、同政,虔诚弟子(家庭合署),非社邑,供养施舍、造像制作、纪念庆赞、,施财舍物、镌刻雕造、立碑题铭,现世福报,福寿康宁 (双寿齐),祈福禳灾,延寿增福,事件未提,[不详],新造,佛教,观音体系,
175,多宝塔蔡元志造像记,南宋,1127-1279,重庆市大足区北山冈白塔寺前多宝塔内第一级第 1 号龛,多宝塔内第一级第 1 号龛,5,2男、3女,释迦佛像,蔡元志、李氏念九娘、绅、梁氏惠三娘等,奉佛弟子、眷属,虔诚弟子(家庭合署),非社邑,造像制作、纪念庆赞、,镌刻雕造、设斋表赞,信息不详,信息不详,信息不详,信息不详,事件未提,[不详],新造,佛教,无法判定,
176,多宝塔冯善元造像记,南宋,1127-1279,重庆市大足区北山冈白塔寺前多宝塔第一级第 2 号龛,多宝塔第一级第 2 号龛,1,男,善财童子礼文殊像,冯善元,奉佛弟子,虔诚弟子,非社邑,造像制作、造像制作、庄严修饰、纪念庆赞、纪念庆赞、,组织营建、镌刻雕造、妆銮彩绘、设斋表赞、立碑题铭,信息不详,信息不详,信息不详,信息不详,事件未提,文殊指善财童子南行,新造 + 镌妆,佛教,华严,
177,多宝塔第 2 号龛邢信道造像记,南宋,1127-1279,重庆市大足区北山冈白塔寺前多宝塔内第二级第 3 号龛,多宝塔内第二级第 3 号龛,1,男,善财童子参礼海云比丘像,邢信道,砌塔道人,虔诚弟子,非社邑,造像制作、供养施舍、造像制作、造像制作、,造塔建幢、施财舍物、组织营建、镌刻雕造,超度往生,往生净土 (愿母生于佛地),超度荐亡,亡亲超荐,家庭变故(为祈愿对象王氏二娘超生佛地),海□国海云比丘住□□□得普眼法门,新造,佛教,华严,
178,多宝塔第 3 号龛邢信道造像记,南宋,1127-1279,重庆市大足区北山冈白塔寺前多宝塔内第二级第 5 号龛,多宝塔内第二级第 5 号龛,1,男,善财童子参礼弥勒菩萨像,邢信道,砌塔道人,虔诚弟子,非社邑,造像制作、供养施舍、造像制作、,造塔建幢、施财舍物、镌刻雕造,超度往生,往生净土 (愿母亲超生佛地),超度荐亡,亡亲超荐,家庭变故(为祈愿对象王氏二娘超生佛地),弥勒弹指楼阁门开善财得会三世因果,新造,佛教,华严,
179,多宝塔第 5 号龛邢信道造像记,南宋,1127-1279,重庆市大足区北山冈白塔寺前多宝塔内第二级第 6 号龛,多宝塔内第二级第 6 号龛,1,男,善财童子参礼德云比丘像,邢信道,砌塔道人,虔诚弟子,非社邑,造像制作、供养施舍、造像制作、造像制作、,造塔建幢、施财舍物、组织营建、镌刻雕造,超度往生,往生净土 (愿母超生佛地),超度荐亡,亡亲超荐,家庭变故(为祈愿对象王氏二娘超生佛地),胜乐国妙峰山德云比丘发心住得忆念诸佛境界普见法门,新造,佛教,华严,
180,多宝塔第 9 号龛何正言造像记,南宋,1127-1279,重庆市大足区北山冈白塔寺前多宝塔内第二级第 9 号龛,多宝塔内第二级第 9 号龛,3,2男、1女,观音像,何正言、冯氏四娘子、何浩,佛子、继母、乡贡进士,混合群体(名门士族、虔诚弟子(家庭合署)),非社邑,信息不详、,信息不详,信息不详,信息不详,信息不详,信息不详,事件未提,[不详],新造,佛教,观音体系,
181,多宝塔第 11 号龛邢信道造像记,南宋,1127-1279,重庆市大足区北山冈白塔寺前多宝塔内第二级第 11 号龛,多宝塔内第二级第 11 号龛,1,男,善财童子再会文殊菩萨像,邢信道,砌塔道人,虔诚弟子,非社邑,造像制作、供养施舍、造像制作、,造塔建幢、施财舍物、镌刻雕造,超度往生,往生净土 (愿母超生佛地),超度荐亡,亡亲超荐,家庭变故(为祈愿对象王氏二娘超生佛地),善财童子再会文殊菩萨之处,新造,佛教,华严,
182,多宝塔第 13号龛邢信道造像记,南宋,1127-1279,重庆市大足区北山冈白塔寺前多宝塔内第二级第 13 号龛,多宝塔内第二级第 13 号龛,1,男,善财童子参礼海幢比丘像,邢信道,砌塔道人,虔诚弟子,非社邑,造像制作、供养施舍、,造塔建幢、施财舍物,超度往生,往生净土 (为母),超度荐亡,亡亲超荐,家庭变故(为祈愿对象王氏二娘超生佛地),□□□□□海幢比丘心住得般若光明法门,新造,佛教,华严,
183,多宝塔第 14 号龛邢信道造像记,南宋,1127-1279,重庆市大足区北山冈白塔寺前多宝塔内第二级第 14 号龛,多宝塔内第二级第 14 号龛,1,男,善财童子参礼解脱长者像,邢信道,砌塔道人,虔诚弟子,非社邑,造像制作、供养施舍、造像制作、,造塔建幢、施财舍物、镌刻雕造,超度往生,往生净土 (愿母亲超佛地),超度荐亡,亡亲超荐,家庭变故(为祈愿对象王氏二娘超生佛地),住林城解脱长者具足方便住得无碍法门,新造,佛教,华严,
184,多宝塔第 16 号龛邢信道造像记,南宋,1127-1279,重庆市大足区北山冈白塔寺前多宝塔内第二级第 16 号龛,多宝塔内第二级第 16 号龛,1,男,善财童子参礼弥伽长者像,邢信道,砌塔道人,虔诚弟子,非社邑,造像制作、供养施舍、造像制作、,造塔建幢、施财舍物、镌刻雕造,超度往生,往生净土 (愿母亲超生佛地),超度荐亡,亡亲超荐,家庭变故(为祈愿对象王氏二娘超生佛地),达〔里鼻〕茶国弥伽长者生贵住得妙法门,新造,佛教,华严,
185,多宝塔第 17 号龛邢信道造像记,南宋,1127-1279,重庆市大足区北山冈白塔寺前多宝塔内第二级第 17 号龛,多宝塔内第二级第 17 号龛,1,男,善财童子参礼文殊像,邢信道,砌塔道人,虔诚弟子,非社邑,造像制作、供养施舍、造像制作、,造塔建幢、施财舍物、镌刻雕造,超度往生,往生净土 (愿母亲超生净土),超度荐亡,亡亲超荐,家庭变故(为祈愿对象王氏二娘超生净土),文殊师利童子出善住楼阁指善财南行,新造,佛教,华严,
186,多宝塔第 19 号龛邢信道造像记,南宋,1127-1279,重庆市大足区北山冈白塔寺前多宝塔内第二级第 19 号龛,多宝塔内第二级第 19 号龛,1,男,善财童子参礼善住比丘像,邢信道,砌塔道人,虔诚弟子,非社邑,造像制作、供养施舍、造像制作、,造塔建幢、施财舍物、镌刻雕造,超度往生,往生净土 (愿母成道),超度荐亡,亡亲超荐,家庭变故(为祈愿对象王氏二娘成道),〔海岸聚落〕善住比丘修行住得究竟地无碍法门,新造,佛教,华严,
187,多宝塔邢先生周童造像记,南宋,1127-1279,重庆市大足区北山冈白塔寺前多宝塔内第二级第 20 号龛,多宝塔内第二级第 20 号龛,2,2男,佛字,邢先生、周童,砌塔先生、小师,混合群体(虔诚弟子 、僧尼个体),非社邑,造像制作、造像制作、纪念庆赞、,造塔建幢、镌刻雕造、立碑题铭,信息不详,信息不详,信息不详,信息不详,事件未提,[不详],新造,佛教,无法判定,
188,多宝塔第 22 号龛邢信道造像记,南宋,1127-1279,重庆市大足区北山冈白塔寺前多宝塔内第三级第 22 号龛,多宝塔内第三级第 22 号龛,1,男,善财童子参礼无厌足王像,邢信道,砌塔道人,虔诚弟子,非社邑,造像制作、供养施舍、造像制作、,造塔建幢、施财舍物、镌刻雕造,超度往生,往生净土 (愿母亲超生佛地),超度荐亡,亡亲超荐,家庭变故(为祈愿对象王氏二娘超生佛地),多罗憧城无厌足王无着行得如幻解脱法门,新造,佛教,华严,
189,多宝塔第 24号龛邢信道造像记,南宋,1127-1279,重庆市大足区北山冈白塔寺前多宝塔内第三级第 24 号龛,多宝塔内第三级第 24 号龛,1,男,善财童子参礼宝髻长者像,邢信道,砌塔道人,虔诚弟子,非社邑,造像制作、供养施舍、造像制作、造像制作、,造塔建幢、施财舍物、组织营建、镌刻雕造,超度往生,往生净土 (愿母亲超生佛地),超度荐亡,亡亲超荐,家庭变故(为祈愿对象王氏二娘超生佛地),师子宫城宝髻长者离痴乱行得无量福德藏法门,新造,佛教,华严,
190,多宝塔第 26 号龛邢信道造像记,南宋,1127-1279,重庆市大足区北山冈白塔寺前多宝塔内第三级第 26 号龛,多宝塔内第三级第 26 号龛,1,男,善财童子参礼婆须密女像,邢信道,砌塔道人,虔诚弟子,非社邑,造像制作、供养施舍、造像制作、,造塔建幢、施财舍物、镌刻雕造,超度往生,往生净土 (愿母亲超生净土),超度荐亡,亡亲超荐,家庭变故(为祈愿对象王氏二娘超生净土),险难国婆须密女无尽功德藏回向得离贪欲际法门,新造,佛教,华严,
191,多宝塔第 28 号龛造像记,南宋,1127-1279,重庆市大足区北山冈白塔寺前多宝塔内第三级第 28 号龛,多宝塔内第三级第 28 号龛,「不详」,[不详],阿弥陀佛像,「不详」,奉佛弟子,虔诚弟子,非社邑,信息不详、,信息不详,现世福报,福寿康宁 (必生高贵),祈福禳灾,领悟佛法,事件未提,宝塔既终必生高贵□□如是辄忌错认内习外舍高贵自生不得其内〔不舍〕其外□□□□七日□□□□,新造,佛教,净土,
192,多宝塔第 32号龛邢信道造像记,南宋,1127-1279,重庆市大足区北山冈白塔寺前多宝塔内第三级第 32 号龛,多宝塔内第三级第 32 号龛,1,男,善财童子参礼不动优婆姨像,邢信道,砌塔道人,虔诚弟子,非社邑,造像制作、供养施舍、造像制作、造像制作、,造塔建幢、施财舍物、组织营建、镌刻雕造,超度往生,往生净土 (愿母超生佛地),超度荐亡,亡亲超荐,家庭变故(为祈愿对象王氏二娘超生佛地),安住王都不动优婆姨□法行得难摧伏法门,新造,佛教,华严,
193,多宝塔第 34 号龛邢信道造像记,南宋,1127-1279,重庆市大足区北山冈白塔寺前多宝塔内第三级第 34 号龛,多宝塔内第三级第 34 号龛,1,男,善财童子参礼频毗比丘像,邢信道,砌塔道人,虔诚弟子,非社邑,造像制作、供养施舍、造像制作、造像制作、,造塔建幢、施财舍物、组织营建、镌刻雕造,超度往生,往生净土 (愿母亲超生佛地),超度荐亡,亡亲超荐,家庭变故(为祈愿对象王氏二娘超生佛地),迦陵迦城师子频比丘一切佛回向得清净法门,新造,佛教,华严,
194,多宝塔第 35 号龛邢信道造像记,南宋,1127-1279,重庆市大足区北山冈白塔寺前多宝塔内第三级第 35 号龛,多宝塔内第三级第 35 号龛,1,男,善财童子参礼大光王像,邢信道,砌塔道人,虔诚弟子,非社邑,造像制作、供养施舍、造像制作、造像制作、,造塔建幢、施财舍物、组织营建、镌刻雕造,超度往生,往生净土 (愿母亲超生佛地),超度荐亡,亡亲超荐,家庭变故(为祈愿对象王氏二娘超生佛地),妙光城大光王难得行得随顺世间三昧法门,新造,佛教,华严,
195,多宝塔宗同造像记,南宋绍兴二十年（1150 年）,1150,重庆市大足区北山冈白塔寺前多宝塔内第三级第 36 号龛,多宝塔内第三级第 36 号龛,2,1男、1女,释迦佛、孔雀明王、六臂观音像,宗同、宗同妻、娘、狐琳（或孤琳）,奉佛弟子、书者,虔诚弟子(家庭合署),非社邑,造像制作、纪念庆赞、,发心造像、立碑题铭,信息不详,信息不详,信息不详,信息不详,事件未提,[不详],新造,佛教,无法判定,
196,多宝塔第 37 号龛邢信道造像记,南宋,1127-1279,重庆市大足区北山冈白塔寺前多宝塔内第四级第 37 号龛,多宝塔内第四级第 37 号龛,1,男,善财童子参礼婆珊婆演底夜神像,邢信道,砌塔道人,虔诚弟子,非社邑,造像制作、造像制作、,造塔建幢、发心造像,超度往生,往生净土 (为母亲),超度荐亡,亡亲超荐,家庭变故(为祈愿对象王氏二娘造功德),婆〔珊〕婆演底夜〔神〕破众生废暗法门,新造,佛教,华严,
197,多宝塔第 38 号龛邢信道造像记,南宋,1127-1279,重庆市大足区北山冈白塔寺前多宝塔内第四级第 38 号龛,多宝塔内第四级第 38 号龛,1,男,善财童子参礼普德净光夜神像,邢信道,砌塔道人,虔诚弟子,非社邑,造像制作、供养施舍、,造塔建幢、施财舍物,超度往生,往生净土 (为母亲),超度荐亡,亡亲超荐,家庭变故(为祈愿对象王氏二娘施功德),普德净光夜神普游勇猛法门,新造,佛教,华严,
198,多宝塔第 39 号龛冯大学造像记,南宋绍兴二十二年（1152 年）,1152,重庆市大足区北山冈白塔寺前多宝塔内第四级第 39 号龛,多宝塔内第四级第 39 号龛,1,男,阿弥陀佛坐像、观音立像、大势至菩萨立像,冯大学,泸南安抚都铃辖,封爵贵族,非社邑,供养施舍、,施财舍物,信息不详,信息不详,信息不详,信息不详,事件未提,[不详],新造,佛教,净土,
199,多宝塔第 40 号龛邢信道造像记,南宋,1127-1279,重庆市大足区北山冈白塔寺前多宝塔内第四级第 40 号龛,多宝塔内第四级第 40 号龛,1,男,善财童子参礼精进力夜神像,邢信道,砌塔道人,虔诚弟子,非社邑,造像制作、供养施舍、,造塔建幢、施财舍物,超度往生,往生净土 (为母亲),超度荐亡,亡亲超荐,家庭变故(为祈愿对象王氏二娘施功德),〔精〕进力夜〔神〕〔教〕化众生〔命〕□□□〔推〕法门,新造,佛教,华严,
200,多宝塔第 41 号龛冯大学造像记,南宋绍兴二十二年（1152 年）,1152,重庆市大足区北山冈白塔寺前多宝塔内第四级第 41 号龛,多宝塔内第四级第 41 号龛,1,男,普贤菩萨像,冯大学,泸南安抚都铃辖,封爵贵族,非社邑,供养施舍、,施财舍物,信息不详,信息不详,信息不详,信息不详,事件未提,[不详],新造,佛教,无法判定,
201,多宝塔第 42 号龛邢信道造像记,南宋,1127-1279,重庆市大足区北山冈白塔寺前多宝塔内第四级第 42 号龛,多宝塔内第四级第 42 号龛,1,男,善财童子参礼树花夜神像（得喜光明解脱法门）,邢信道,砌塔道人,虔诚弟子,非社邑,造像制作、供养施舍、,造塔建幢、施财舍物,超度往生,往生净土 (为母亲),超度荐亡,亡亲超荐,事件未提,[不详],新造,佛教,华严,
202,多宝塔第 45 号龛冯大学造像记,南宋绍兴二十二年（1152 年）,1152,重庆市大足区北山冈白塔寺前多宝塔内第四级第 45 号龛,多宝塔内第四级第 45 号龛,1,男,文殊菩萨像,冯大学,泸南安抚都铃辖,封爵贵族,非社邑,供养施舍、,施财舍物,信息不详,信息不详,信息不详,信息不详,事件未提,[不详],新造,佛教,无法判定,
203,多宝塔第 47 号龛冯大学造像记,南宋绍兴二十二年（1152 年）,1152,重庆市大足区北山冈白塔寺前多宝塔内第四级第 47 号龛,多宝塔内第四级第 47 号龛,1,男,释迦佛像,冯大学,泸南安抚都铃辖,封爵贵族,非社邑,造像制作、造像制作、,造塔建幢、镌刻雕造,信息不详,信息不详,信息不详,信息不详,事件未提,[不详],新造,佛教,无法判定,
204,多宝塔第 49 号龛邢信道造像记,南宋,1127-1279,重庆市大足区北山冈白塔寺前多宝塔内第四级第 49 号龛,多宝塔内第四级第 49 号龛,1,男,善财童子参礼□生夜神像,邢信道,砌塔道人,虔诚弟子,非社邑,造像制作、供养施舍、,造塔建幢、施财舍物,超度往生,往生净土 (为母亲),超度荐亡,亡亲超荐,事件未提,[不详],新造,佛教,华严,
205,多宝塔第 50 号龛冯大学造像记,南宋绍兴二十二年（1152 年）,1152,重庆市大足区北山冈白塔寺前多宝塔内第四级第 50 号龛,多宝塔内第四级第 50 号龛,1,男,冯大学立像、侍立似僧人像、似女尼像等,冯大学,敷文阁直学士、泸南安抚使等,封爵贵族,非社邑,供养施舍、造像制作、,施财舍物、造塔建幢,超度往生,往生净土 (同生极乐),信息不详,信息不详,事件未提,[不详],新造,佛教,无法判定,
206,多宝塔刘睽造像记,南宋,1127-1279,重庆市大足区北山冈白塔寺前多宝塔内第五级第 51 号龛,多宝塔内第五级第 51 号龛,2,1 男、1 女,释迦佛像,刘睽夫妇,奉佛弟子,虔诚弟子(家庭合署),非社邑,造像制作、,发心造像,现世福报,福寿康宁 (祈求安乐),祈福禳灾,护宅安镇、家族昌盛,事件未提,[不详],新造,佛教,无法判定,
207,多宝塔王堂造像记,南宋,1127-1279,重庆市大足区北山冈白塔寺前多宝塔内第五级第 54 号龛,多宝塔内第五级第 54 号龛,2,1 男、1 女,释迦佛像,王堂男□一郎、赵氏、大一娘,奉佛圜通善人、女弟子,虔诚弟子(家庭合署),非社邑,造像制作、,发心造像,现世福报,福寿康宁 (祈求安乐),祈福禳灾,护宅安镇、家族昌盛,事件未提,[不详],新造,佛教,无法判定,
208,多宝塔第 56 号龛邢信道造像记,南宋,1127-1279,重庆市大足区北山冈白塔寺前多宝塔内第五级第 56 号龛,多宝塔内第五级第 56 号龛,1,男,善财童子参礼贤圣优婆夷像,邢信道,砌塔道人,虔诚弟子,非社邑,造像制作、供养施舍、,造塔建幢、施财舍物,超度往生,往生净土 (为母亲),超度荐亡,亡亲超荐,事件未提,[不详],新造,佛教,华严,
209,多宝塔第 59 号龛邢信道造像记,南宋,1127-1279,重庆市大足区北山冈白塔寺前多宝塔内第五级第 59 号龛,多宝塔内第五级第 59 号龛,1,男,善财童子参礼最寂静婆罗门像,邢信道,砌塔道人,虔诚弟子,非社邑,造像制作、供养施舍、,造塔建幢、施财舍物,超度往生,往生净土 (为母亲),超度荐亡,亡亲超荐,事件未提,[不详],新造,佛教,华严,
210,多宝塔第 66 号龛邢信道造像记,南宋,1127-1279,重庆市大足区北山冈白塔寺前多宝塔内第六级第 66 号龛,多宝塔内第六级第 66 号龛,1,男,善财童子参礼遍友童子师像,邢信道,砌塔道人,虔诚弟子,非社邑,造像制作、供养施舍、,造塔建幢、施财舍物,超度往生,往生净土 (为母亲),超度荐亡,亡亲超荐,事件未提,[不详],新造,佛教,华严,
211,多宝塔第 67 号龛邢信道造像记,南宋,1127-1279,重庆市大足区北山冈白塔寺前多宝塔内第六级第 67 号龛,多宝塔内第六级第 67 号龛,1,男,释迦佛像、供养人像,邢信道,砌塔道人,虔诚弟子,非社邑,造像制作、造像制作、,造塔建幢、发心造像,超度往生,往生净土 (为□生父母),超度荐亡,亡亲超荐、普度众生,事件未提,[不详],新造,佛教,无法判定,
212,多宝塔周圆晖造像记,南宋,1127-1279,重庆市大足区北山冈白塔寺前多宝塔内第六级第 67 号龛,多宝塔内第六级第 67 号龛,1,男,释迦佛像、供养人像,周圆晖,轮车道人、小师,虔诚弟子,非社邑,造像制作、纪念庆赞、,造塔建幢、立碑题铭,超度往生,往生净土 (生于净土),超度荐亡,亡亲超荐、普度众生,事件未提,[不详],新造,佛教,无法判定,
213,大钟寺李承谦造像记,北宋咸平三年（1000 年）,1000,重庆市大足区金山镇六合村大坝大钟寺第 24 号像,大钟寺第 24 号像,1,男,圣僧像,李承谦,弟子,虔诚弟子,非社邑,造像制作、造像制作、庄严修饰、纪念庆赞、,发心造像、镌刻雕造、妆銮彩绘、设斋表赞,现世福报,家庭和睦 (阖宅安宁),祈福禳灾,护宅安镇、家族昌盛,事件未提,[不详],新造 + 镌妆,佛教,无法判定,
214,大钟寺王德志造像记,北宋咸平年间（998—1003 年）,998-1003,重庆市大足区金山镇六合村大坝大钟寺第 22 号像,大钟寺第 22 号像,1,男,第三尊者像,王德志,弟子,虔诚弟子,非社邑,造像制作、庄严修饰、,发心造像、妆銮彩绘,超度往生,往生净土 (早生□界),超度荐亡,亡亲超荐,事件未提,[不详],新造 + 镌妆,佛教,无法判定,
215,大钟寺赵氏造像记,北宋皇佑二年（1050 年）,1050,重庆市大足区金山镇六合村大坝大钟寺第 25 号像,大钟寺第 25 号像,1,女,圣僧像,赵氏,清信女弟子,虔诚弟子,非社邑,庄严修饰、纪念庆赞、,妆銮彩绘、庆讫记功,现世福报,福寿康宁 (保自身男女安),祈福禳灾,家族昌盛、护子求嗣,事件未提,[不详],重妆,佛教,无法判定,
216,大钟寺王氏造像记,北宋皇佑四年（1052 年）,1052,重庆市大足区金山镇六合村大坝大钟寺第 36 号,大钟寺第 36 号,10,5 女、5男,佛顶尊胜幢相关造像,王氏、罗亨、罗泰、文昌、惟简、惟一,女弟子、镌匠,混合群体(虔诚弟子、商贾匠人),非社邑,造像制作、造像制作、纪念庆赞、纪念庆赞、供养施舍、,造塔建幢、镌刻雕造、设斋表赞、立碑题铭、看经念诵,现世福报,消灾免难 (累遭灾难),超度荐亡,亡亲超荐、祈福禳灾,家庭变故(亡夫)、地方暴力(偷物、纵火、煞人、修斋作咒),佛顶尊胜陀罗尼：那谟薄伽跋帝啼醯路迦钵罗底毗史瑟咤耶勃陀耶薄伽跋帝怛侄他唵毗输地耶娑摩三濩多醯婆娑娑拨罗羐羯底伽诃那娑婆醯钵提阿鼻洗者苏揭多伐折那阿嚩囕多毗晒囕阿诃罗诃诃罗诃输散陀罗尼瑜驰耶瑜驰耶伽伽那毗林提鸟瑟尼沙毗逝那林提娑诃娑罗喝罗涅弭珊瑚地帝萨婆怛地揭多地瑟咤那颰地瑟耻帝慕提侄隸跋折罗迦耶僧诃多那秫提萨婆伐罗羐毗林赢侄钵罗底伐伐怛耶阿瑜秫提萨木耶遏地瑟耻帝末你末你怛□多部多俱距钵利秫提〔毗〕萨普咤勃地秫提社耶社耶社耶毗社耶萨末罗〔萨〕末罗勃陀遏地瑟耻多秫提跋折裂跋折罗羯鞞跋〔折〕蓝婆伐都么么女弟子王氏男女等萨婆萨埵写迦耶毗林提萨婆揭底钵利秫提娑婆怛他揭多三摩湿婆娑遏地瑟耻帝勃陀勃陀薄陀耶薄陀耶三濩多钵利秫提萨婆怛他揭多地瑟咤那遏地瑟耻帝摩诃□啼㘑娑婆诃,新造,佛教,密教,
217,大钟寺淳朴造像记,北宋嘉佑七年（1062 年）,1062,重庆市大足区金山镇六合村大坝大钟寺第 5 号像,大钟寺第 5 号像,2,2 男,圣像,淳朴、郑少年,住持、弟子,混合群体(虔诚弟子、僧尼个体),非社邑,造像制作、庄严修饰、纪念庆赞、,镌刻雕造、妆銮彩绘、设斋表赞,现世福报,家庭和睦 (夫妇安泰),祈福禳灾,护宅安镇、家族昌盛,事件未提,[不详],新造 + 镌妆,佛教,无法判定,
218,大钟寺李彦量造像记,北宋嘉佑八年（1063 年）,1063,重庆市大足区金山镇六合村大坝大钟寺第 6 号像,大钟寺第 6 号像,至少2人,至少1 男、1 女,迦叶尊者像,李彦量、勾氏、男女,弟子、母亲,虔诚弟子(家庭合署),非社邑,造像制作、庄严修饰、特殊行为、,镌刻雕造、妆銮彩绘、劝诱诱化,现世福报,家庭和睦 (一家安泰),祈福禳灾,护宅安镇、家族昌盛,事件未提,[不详],镌妆,佛教,禅宗,
219,大钟寺陈炳造像记,北宋嘉佑八年（1063 年）,1063,重庆市大足区金山镇六合村大坝大钟寺第 20 号像,大钟寺第 20 号像,4,4 男,罗汉像,陈炳、陈珙、陈漳、陈俞,弟子、进士,混合群体(名门士族、虔诚弟子),非社邑,造像制作、供养施舍、纪念庆赞、,发心造像、法会供养、设斋表赞,现世福报,福寿康宁 (保堂上父安乐),祈福禳灾,延寿增福,事件未提,[不详],新造,佛教,无法判定,
220,大钟寺卢少造像记,北宋,960-1127,重庆市大足区金山镇六合村大坝大钟寺第 1 号像,大钟寺第 1 号像,2,1 男、1 女,花供菩萨像,卢少□、杨氏,弟子、同寿,虔诚弟子(家庭合署),非社邑,造像制作、庄严修饰、,镌刻雕造、妆銮彩绘,现世福报,家庭和睦 (夫妇安宁),祈福禳灾,护宅安镇、家族昌盛,[不详],事件未提,新造 + 镌妆,佛教,密教,
221,大钟寺王真造像记,北宋嘉佑年间（1056—1063 年）,1056-1063,重庆市大足区金山镇六合村大坝大钟寺第 11 号像,大钟寺第 11 号像,3,3 男,罗汉像,王真、王德□、王恭,弟子,虔诚弟子,非社邑,造像制作、纪念庆赞、,发心造像、设斋表赞,现世福报,家庭和睦 (保阖家),祈福禳灾,护宅安镇,事件未提,[不详],新造,佛教,无法判定,
222,大钟寺道贤造像记,北宋,960-1127,重庆市大足区金山镇六合村大坝大钟寺第 7 号像,大钟寺第 7 号像,1,男,罗汉像,道贤,当院僧,僧尼个体,非社邑,造像制作、庄严修饰、,镌刻雕造、妆銮彩绘,信息不详,信息不详,信息不详,信息不详,事件未提,[不详],镌妆,佛教,无法判定,
223,大钟寺第 8 号像造像记,北宋,960-1127,重庆市大足区金山镇六合村大坝大钟寺第 8 号像,大钟寺第 8 号像,1,未知（题记模糊）,圣僧像,「不详」,弟子,虔诚弟子,非社邑,造像制作、,发心造像,现世福报,消灾免难 (愿疾),祈福禳灾,祛病安康、家族昌盛,家庭变故(亡父),[不详],新造,佛教,无法判定,
224,大钟寺许汉琼造像记,北宋,960-1127,重庆市大足区金山镇六合村大坝大钟寺第 9 号像,大钟寺第 9 号像,至少1人,至少1男,中元地菩萨像,许汉琼、一家眷属、淳朴,弟子、住持院主,混合群体(虔诚弟子、僧尼个体),非社邑,造像制作、,发心造像,现世福报,家庭和睦 (一家安泰),祈福禳灾,护宅安镇、家族昌盛,事件未提,[不详],新造,佛教,无法判定,
225,大钟寺贾维修造像记,北宋,960-1127,重庆市大足区金山镇六合村大坝大钟寺第 31 号像,大钟寺第 31 号像,1,1 男,菩萨像,贾维修、淳朴,弟子、住持僧,混合群体(虔诚弟子、僧尼个体),非社邑,造像制作、,发心造像,现世福报,家庭和睦 (乞一家),祈福禳灾,护宅安镇,事件未提,[不详],新造,佛教,无法判定,
226,大钟寺罗造像记,北宋,960-1127,重庆市大足区金山镇六合村大坝大钟寺第 40 号像,大钟寺第 40 号像,2,女,降龙罗汉像,罗□□、王氏,弟子,虔诚弟子(家庭合署),非社邑,庄严修饰、,妆銮彩绘,信息不详,信息不详,信息不详,信息不详,事件未提,[不详],重妆,佛教,无法判定,
227,大钟寺第 43 号像造像记,北宋,960-1127,重庆市大足区金山镇六合村大坝大钟寺第 43 号像,大钟寺第 43 号像,「不详」,[不详],降卢尊者像,「不详」,无,[不详],非社邑,庄严修饰、,妆銮彩绘,信息不详,信息不详,信息不详,信息不详,事件未提,[不详],重妆,佛教,无法判定,
228,大钟寺第 45 号像造像记,北宋,960-1127,重庆市大足区金山镇六合村大坝大钟寺第 45 号像,大钟寺第 45 号像,「不详」,[不详],罗汉像,「不详」,无,[不详],非社邑,庄严修饰、,妆銮彩绘,信息不详,信息不详,信息不详,信息不详,事件未提,[不详],重妆,佛教,无法判定,
229,皇泽寺九十四人造像记,唐贞观时期,627-649,四川省广元市利州区皇泽寺写心经洞区第 12 窟,皇泽寺写心经洞区第 12 窟,94,未知（题记模糊）,菩提树叶、兽吐莲茎、覆莲座、二狮、礼佛图（含小沙弥、男女供养人、胡人等）、碑刻小龛造像,九十四人等,无,平民合众,非社邑,造像制作、造像制作、,集体共修、组织营建,信息不详,信息不详,信息不详,信息不详,事件未提,[不详],新造,佛教,无法判定,
230,皇泽寺北平公造像记,唐贞观二载（造像）、宝历二年（修装）,628、826,四川省广元市利州区皇泽寺写心经洞区第 13 窟,皇泽寺写心经洞区第 13 窟,1,男,释迦如来像、诸圣贤、二弟子、二菩萨、二天王、二力士、二立狮、双树、天龙八部两身、六壶门伎乐、阿修罗一身,杨夫口、北平公、众信士,郡武都督、太守、信士,混合群体(在职官员、普通百姓),非社邑,寺院建设、庄严修饰、,建寺创殿、重装修饰,信息不详,信息不详,修复缮完,重修古迹,事件未提,[不详],新造 + 重修,佛教,无法判定,另有版本
231,皇泽寺第 13 窟造像记,唐贞观时期（造像）、乾德五年（补刻 / 修装）,627-649、967,四川省广元市利州区皇泽寺写心经洞区第 13 窟,皇泽寺写心经洞区第 13 窟,「不详」,[不详],一佛、二弟子、二菩萨、二天王、二力士、二立狮、双树、天龙八部三身、六壶门伎乐、阿修罗一身,「不详」,信士,平民合众,非社邑,庄严修饰、,重装修饰,信息不详,信息不详,修复缮完,重修古迹,事件未提,[不详],新造 + 重修,佛教,无法判定,
232,皇泽寺崔峄造像记,北宋庆历六年（1046 年，丙戌岁）,1046,四川省广元市利州区皇泽寺大佛楼区第 45 窟,皇泽寺大佛楼区第 45 窟,2,2 男,佛像,崔峄、郭咨,本路转运使、知军州事,在职官员,非社邑,造像制作、纪念庆赞、,发心造像、立碑题铭,信息不详,信息不详,信息不详,信息不详,事件未提,[不详],新造,佛教,无法判定,
233,皇泽寺柳仲舒造像记,北宋庆历六年（1046 年，丙戌岁）,1046,四川省广元市利州区皇泽寺大佛楼区第 45 窟,皇泽寺大佛楼区第 45 窟,3,3 男,佛像,柳仲舒、令初、金志文,小笔、表白僧、勾当监作知客,混合群体(虔诚弟子、商贾匠人、僧尼个体),非社邑,庄严修饰、纪念庆赞、,重装修饰、庆讫记功,信息不详,信息不详,修复缮完,重修古迹,[不详],事件未提,重妆,佛教,无法判定,
234,皇泽寺李敬思造像记,唐,618-907,四川省广元市利州区皇泽寺写心经洞区第 53 龛,皇泽寺写心经洞区第 53 龛,1,男,小沙弥立像、菩萨立像,李敬思,佛弟子,虔诚弟子,非社邑,造像制作、,发心造像,超度往生,往生净土,超度荐亡,亡亲超荐,家庭变故(亡母□氏),[不详],新造,佛教,无法判定,
235,南龛石窟001 龛严武造像记,唐乾元三年（760 年）,760,四川省巴中市巴州区城南南龛山南龛石窟 001 龛,南龛石窟 001 龛,1,男,古佛龛五百余铺造像（前佛、后佛、大身小身等）、屋宇、洪钟,严武、众信士,山南西道度支判官、卫尉少卿兼侍御史内供奉,在职官员,非社邑,寺院建设、造像制作、寺院建设、,建寺创殿、复新重修、置产供用,国邦安宁,国运太平,修复缮完,重修古迹、弘法传教,事件未提,[不详],重修 + 新造(屋宇),佛教,无法判定,另有版本
236,南龛石窟杨概造像记,南宋淳熙元年（1174 年）,1174,四川省巴中市巴州区城南南龛山南龛石窟 010 龛,南龛石窟 010 龛,3,男,观音菩萨像,杨概、孙真、郑春阳,巴南守、石匠作头、刻字民,混合群体(在职官员、商贾匠人),非社邑,造像制作、纪念庆赞、,发心造像、立碑题铭,信息不详,信息不详,报恩酬德,报父母恩,家庭变故(先考朝请忌日),[不详],新造,佛教,观音体系,
237,南龛石窟 016 龛造像记,唐咸通年间,860-874,四川省巴中市巴州区城南南龛山南龛石窟神仙坡南段 016 龛,南龛石窟神仙坡南段 016 龛,「不详」,[不详],六臂如意轮观音、二天王,「不详」,信士,虔诚弟子,非社邑,庄严修饰、,妆銮彩绘,信息不详,信息不详,修复缮完,修复圣像 (装彩),事件未提,[不详],重妆,佛教,"密教,观音体系",
238,南龛石窟053 龛杨氏二娘造像记,盛唐（造像）、南宋绍兴丙子年（1156 年，装彩）,618-755、1156,四川省巴中市巴州区城南南龛山南龛石窟神仙坡北段 053 龛,南龛石窟神仙坡北段 053 龛,2,2 女,一佛、二弟子、二菩萨、二天王、二力士、二供养菩萨、天龙八部,杨氏二娘、男□□、新妇牟氏二娘,奉佛女弟子、眷属,虔诚弟子(家庭合署),非社邑,庄严修饰、供养施舍、纪念庆赞、,重装修饰、看经念诵、设斋表赞,超度往生,往生净土,修复缮完,修复圣像 (装彩),家庭变故(故夫□进、亡袖儿),[不详],重妆,佛教,无法判定,
239,南龛石窟汝霖造像记,盛唐（造像）、北宋元祐三年（1088 年，装彩）,618-755、1088,四川省巴中市巴州区城南南龛山南龛石窟神仙坡北段 053 龛,南龛石窟神仙坡北段 053 龛,5,5 男,一佛、二弟子、二菩萨、二天王、二力士、二供养菩萨、天龙八部,汝霖、沈伯龙、时亨、任泽民,奉佛弟子,虔诚弟子,非社邑,庄严修饰、,妆銮彩绘,信息不详,信息不详,修复缮完,修复圣像 (装彩),事件未提,[不详],重妆,佛教,无法判定,
240,南龛石窟054 龛杨氏二娘造像记,盛唐（造像）、南宋绍兴丙子年（1156 年，装彩）,618-755、1156,四川省巴中市巴州区城南南龛山南龛石窟神仙坡北段 054 龛,南龛石窟神仙坡北段 054 龛,2,2 女,一佛、二弟子、二菩萨、二力士,杨氏二娘、男□□、新妇牟氏二娘,奉佛女弟子、眷属,虔诚弟子(家庭合署),非社邑,庄严修饰、纪念庆赞、,重装修饰、设斋表赞,超度往生,往生净土,超度荐亡,亡亲超荐、修复缮完,家庭变故(故夫□进、亡□),[不详],重妆,佛教,无法判定,
241,南龛石窟 056 龛造像记,唐中和元年（881 年）,881,四川省巴中市巴州区城南南龛山南龛石窟神仙坡北段 056 龛,南龛石窟神仙坡北段 056 龛,「不详」,[不详],菩萨像,「不详」,无,[不详],非社邑,信息不详、,信息不详,信息不详,信息不详,信息不详,信息不详,事件未提,[不详],新造,佛教,无法判定,另有版本
242,南龛石窟李修仲造像记,南宋建炎年间（1127—1130 年）,1127-1130,四川省巴中市巴州区城南南龛山南龛石窟神仙坡北段 059 龛,南龛石窟神仙坡北段 059 龛,3,男,菩萨像,李修仲、□绍隆、赵工□,奉佛弟子,虔诚弟子,非社邑,游观题咏、,游观题名,信息不详,信息不详,信息不详,信息不详,事件未提,[不详],新造,佛教,无法判定,
243,南龛石窟杨一山造像记,唐天复四年（904 年）,904,四川省巴中市巴州区城南南龛山南龛石窟神仙坡北段 062 龛,南龛石窟神仙坡北段 062 龛,3,3 男,一佛、二菩萨、五十二尊听法菩萨、二力士、二供养人、一飞天,杨一山、王保晦、□宋□官、杨彦六,无,平民合众,非社邑,信息不详、,信息不详,信息不详,信息不详,信息不详,信息不详,事件未提,[不详],新造,佛教,无法判定,另有版本
244,南龛石窟李朝兴造像记,盛唐,618-755,四川省巴中市巴州区城南南龛山南龛石窟神仙坡北段 064 龛,南龛石窟神仙坡北段 064 龛,1,男,三佛、五弟子、五菩萨、二力士,李朝兴,清信弟子,虔诚弟子,非社邑,造像制作、造像制作、,发心造像、镌刻雕造,修证悟道,觉悟成佛,信息不详,信息不详,事件未提,[不详],新造,佛教,无法判定,
245,南龛石窟赵荐凡造像记,唐乾符四年（877 年）,877,四川省巴中市巴州区城南南龛山南龛石窟神仙坡北段 065 龛,南龛石窟神仙坡北段 065 龛,1,男,毗沙门天王像,赵荐凡,朝散郎守化成县令,在职官员,非社邑,造像制作、造像制作、纪念庆赞、,发心造像、镌刻雕造、设斋表赞,现世福报,消灾免难 (为自身疾苦),祈福禳灾,祛病安康,事件未提(个人疾苦不纳入历史事件),[不详],新造,佛教,密教,另有版本、浴佛节
246,南龛石窟周佐造像记,中唐,756-835,四川省巴中市巴州区城南南龛山南龛石窟神仙坡北段 067 龛,南龛石窟神仙坡北段 067 龛,至少1人,至少1男,一佛、二弟子、二菩萨、二天王、二力士、二狮,周佐、合宅,在城摄本州助教、眷属,在职官员(家庭合署),非社邑,庄严修饰、,妆銮彩绘,现世福报,子嗣昌盛 (后裔昌隆),祈福禳灾,家族昌盛,事件未提,[不详],重妆,佛教,无法判定,
247,南龛石窟 067 龛造像记,南宋绍兴年间,1131-1162,四川省巴中市巴州区城南南龛山南龛石窟神仙坡北段 067 龛,南龛石窟神仙坡北段 067 龛,「不详」,[不详],一佛、二弟子、二菩萨、二天王、二力士、二狮,「不详」,信士,平民合众,非社邑,庄严修饰、,妆銮彩绘,信息不详,信息不详,信息不详,信息不详,事件未提,[不详],重妆,佛教,无法判定,
248,南龛石窟 068 龛李保寿造像记,唐文德元年（888 年）,888,四川省巴中市巴州区城南南龛山南龛石窟神仙坡北段 068 龛,南龛石窟神仙坡北段 068 龛,1,男,鬼子母像,李保寿,供养人,虔诚弟子,非社邑,供养施舍、,设斋供养,信息不详,信息不详,信息不详,信息不详,事件未提,[不详],新造,佛教,密教,
249,南龛石窟 068 龛李思弘造像记,盛唐,618-755,四川省巴中市巴州区城南南龛山南龛石窟神仙坡北段 068 龛,南龛石窟神仙坡北段 068 龛,1,男,不详,李思弘,供养人,在职官员,非社邑,供养施舍、,设斋供养,信息不详,信息不详,信息不详,信息不详,事件未提,[不详],新造,佛教,无法判定,
250,南龛石窟杨俊造像记,南宋绍兴年间（1131—1162 年）,1131-1162,四川省巴中市巴州区城南南龛山南龛石窟神仙坡北段 068 龛,南龛石窟神仙坡北段 068 龛,2,1男、1女,□金圣母像,杨俊夫妇,奉佛弟子,虔诚弟子(家庭合署),非社邑,庄严修饰、,重装修饰,信息不详,信息不详,修复缮完,修复圣像 (装彩),事件未提,[不详],重妆,二教混合（佛道）,无法判定,
251,南龛石窟党守业造像记,唐开元二十八年（740 年）,740,四川省巴中市巴州区城南南龛山南龛石窟神仙坡北段 069 龛,南龛石窟神仙坡北段 069 龛,1,男,释迦牟尼像,党守业,前乡贡明经、化城县尉,在职官员,非社邑,造像制作、纪念庆赞、,发心造像、设斋表赞,超度往生,往生净土 (早生净土),超度荐亡,亡亲超荐,家庭变故(亡考妣),[不详],新造,佛教,无法判定,
252,南龛石窟 070 龛李思弘造像记,唐文德元年（888 年）,888,四川省巴中市巴州区城南南龛山南龛石窟神仙坡北段 070 龛,南龛石窟神仙坡北段 070 龛,1,男,不详,李思弘,同节度十将、军事押衙等,在职官员,非社邑,造像制作、,复新重修,信息不详,信息不详,信息不详,信息不详,事件未提,[不详],重妆,佛教,无法判定,
253,南龛石窟张令该造像记,唐开元二十八年（740 年）,740,四川省巴中市巴州区城南南龛山南龛石窟神仙坡北段 071 龛,南龛石窟神仙坡北段 071 龛,1,男,释迦牟尼佛,张令该,给事郎行化城县主簿,在职官员,非社邑,造像制作、造像制作、庄严修饰、,发心造像、镌刻雕造、妆銮彩绘,现世福报,消灾免难 (永无灾厄),祈福禳灾,消灾免难、家族昌盛,地方暴力(屡逢凶贼),[不详],新造,佛教,无法判定,另有版本
254,南龛石窟 072 龛李思弘造像记,唐文德元年（888 年）,888,四川省巴中市巴州区城南南龛山南龛石窟神仙坡北段 072 龛,南龛石窟神仙坡北段 072 龛,1,男,二菩萨,李思弘,同节度十将、军事押衙等,在职官员,非社邑,造像制作、,复新重修,信息不详,信息不详,信息不详,信息不详,事件未提,[不详],重妆,佛教,无法判定,
255,南龛石窟 073 龛李思弘造像记,唐文德元年（888 年）,888,四川省巴中市巴州区城南南龛山南龛石窟神仙坡北段 073 龛,南龛石窟神仙坡北段 073 龛,1,男,五尊坐佛,李思弘,同节度十将、军事押衙等,在职官员,非社邑,庄严修饰、,妆銮彩绘,信息不详,信息不详,信息不详,信息不详,事件未提,[不详],重妆,佛教,无法判定,
256,南龛石窟王运使造像记,南宋绍兴二十六年（1156 年）,1156,四川省巴中市巴州区城南南龛山南龛石窟神仙坡北段 073 龛,南龛石窟神仙坡北段 073 龛,1,男,五尊坐佛,王运使宅、绍迁,运使、知事僧,混合群体(在职官员、僧尼个体),非社邑,庄严修饰、,重装修饰,信息不详,信息不详,修复缮完,修复圣像 (装彩),事件未提,[不详],重妆,佛教,无法判定,清明节
257,南龛石窟 074 龛李思弘造像记-1,唐,618-907,四川省巴中市巴州区城南南龛山南龛石窟神仙坡北段 074 龛,南龛石窟神仙坡北段 074 龛,1,男,一佛二弟子二菩萨、二天王二力士、三供养人、鬼子母像,李思弘,同节度十将、军事押衙等,在职官员,非社邑,造像制作、,复新重修,信息不详,信息不详,信息不详,信息不详,事件未提,[不详],重妆,佛教,无法判定,
258,南龛石窟 074 龛李思弘造像记-2,唐文德元年（888 年）,888,四川省巴中市巴州区城南南龛山南龛石窟神仙坡北段 074 龛,南龛石窟神仙坡北段 074 龛,2,2 男,一佛二弟子二菩萨、二天王二力士、三供养人、鬼子母像,李思弘,同节度十将、军事押衙等,在职官员,非社邑,庄严修饰、,妆銮彩绘,信息不详,信息不详,信息不详,信息不详,事件未提,[不详],重妆,佛教,密教,
259,南龛石窟 076 龛李思弘造像记,唐,618-907,四川省巴中市巴州区城南南龛山南龛石窟神仙坡北段 076 龛,南龛石窟神仙坡北段 076 龛,1,男,一佛二弟子,李思弘,同节度十将、军事押衙等,在职官员,非社邑,造像制作、,发心造像,信息不详,信息不详,信息不详,信息不详,事件未提,[不详],重妆,佛教,无法判定,
260,南龛石窟李保寿造像记,唐文德元年（888 年）,888,四川省巴中市巴州区城南南龛山南龛石窟神仙坡北段 076 龛,南龛石窟神仙坡北段 076 龛,1,男,一佛二弟子,李保寿,供养人,虔诚弟子,非社邑,供养施舍、,设斋供养,信息不详,信息不详,信息不详,信息不详,事件未提,[不详],新造,佛教,无法判定,
261,南龛石窟 077龛李思弘造像记,唐光启三年（887 年）,887,四川省巴中市巴州区城南南龛山南龛石窟神仙坡北段 077 龛,南龛石窟神仙坡北段 077 龛,1,男,西方变相、释迦佛、千佛子、阿弥陀佛、救苦观音菩萨、阿难迦叶、地藏菩萨、鬼子母,李思弘,同节度十将、巴州军事押衙等,在职官员,社邑,庄严修饰、纪念庆赞、纪念庆赞、,重装修饰、设斋表赞、庆讫记功,现世福报,福寿康宁 (仕宦高迁，阖家康健),修复缮完,修复圣像 (装彩)、祈福禳灾,事件未提,[不详],重妆,佛教,净土；密教,另有版本
262,南龛石窟刘安造像记,南宋绍兴丙子年（1156 年）,1156,四川省巴中市巴州区城南南龛山南龛石窟神仙坡北段 077 龛,南龛石窟神仙坡北段 077 龛,2,1 男、1 女,一佛二弟子二菩萨、二天王二力士、二飞天、二供养人,刘安妻张氏、男刘全,指挥部辖军员眷属,在职官员(家庭合署),非社邑,庄严修饰、供养施舍、纪念庆赞、,重装修饰、看经念诵、设斋表赞,信息不详,信息不详,信息不详,信息不详,事件未提,[不详],重妆,佛教,无法判定,
263,南龛石窟李思弘李保寿造像记,唐,618-907,四川省巴中市巴州区城南南龛山南龛石窟神仙坡北段 078 龛,南龛石窟神仙坡北段 078 龛,2,2 男,一佛二胁侍菩萨、四十七尊听法菩萨、华盖两侧四佛二菩萨、两供养人、二力士、二飞天,李思弘、李保寿,同节度十将、供养人,混合群体(在职官员、虔诚弟子),非社邑,供养施舍、,设斋供养,信息不详,信息不详,信息不详,信息不详,事件未提,[不详],新造,佛教,无法判定,
264,南龛石窟 078 龛李思弘造像记,唐,618-907,四川省巴中市巴州区城南南龛山南龛石窟神仙坡北段 078 龛,南龛石窟神仙坡北段 078 龛,1,男,一佛二胁侍菩萨、四十七尊听法菩萨、华盖两侧四佛二菩萨、两供养人、二力士、二飞天,李思弘,同节度十将、军事押衙等,在职官员,非社邑,造像制作、,发心造像,信息不详,信息不详,信息不详,信息不详,事件未提,[不详],重妆,佛教,无法判定,
265,南龛石窟罗彦造像记,南宋绍兴乙卯年（1135 年）,1135,四川省巴中市巴州区城南南龛山南龛石窟神仙坡北段 078 龛,南龛石窟神仙坡北段 078 龛,2,1 女、2 男,不详,罗彦夫妇、成春,本州散从官、眷属,在职官员(家庭合署),非社邑,庄严修饰、纪念庆赞、,妆銮彩绘、设斋表赞,现世福报,福寿康宁 (增延福寿),超度荐亡,亡亲超荐、修复缮完,家庭变故(为妣冯氏),[不详],重妆,佛教,无法判定,
266,南龛石窟 079 龛李思弘造像记,唐,618-907,四川省巴中市巴州区城南南龛山南龛石窟神仙坡北段 079 龛,南龛石窟神仙坡北段 079 龛,1,男,不详,李思弘,同节度十将、军事押衙等,在职官员,非社邑,造像制作、,复新重修,信息不详,信息不详,信息不详,信息不详,事件未提,[不详],重妆,佛教,无法判定,
267,南龛石窟赵造像记,唐乾元二年（759 年）,759,四川省巴中市巴州区城南南龛山南龛石窟神仙坡北段 080 龛,南龛石窟神仙坡北段 080 龛,1,未知（题记模糊）,观音菩萨、地藏菩萨、弟子像,赵□□,无,虔诚弟子,非社邑,纪念庆赞、,立碑题铭,信息不详,信息不详,信息不详,信息不详,事件未提,[不详],新造,佛教,观音体系；地藏体系,
268,南龛石窟 080 龛李思弘造像记,唐,618-907,四川省巴中市巴州区城南南龛山南龛石窟神仙坡北段 080 龛,南龛石窟神仙坡北段 080 龛,1,男,观音菩萨、地藏菩萨、弟子像,李思弘,同节度十将、军事押衙等,在职官员,非社邑,庄严修饰、,妆銮彩绘,信息不详,信息不详,信息不详,信息不详,事件未提,[不详],重妆,佛教,无法判定,
269,南龛石窟 080 龛李保寿造像记,唐,618-907,四川省巴中市巴州区城南南龛山南龛石窟神仙坡北段 080 龛,南龛石窟神仙坡北段 080 龛,1,男,观音菩萨、地藏菩萨、弟子像,李保寿,供养人,虔诚弟子,非社邑,供养施舍、,设斋供养,信息不详,信息不详,信息不详,信息不详,事件未提,[不详],新造,佛教,无法判定,
270,南龛石窟 081 龛李保寿造像记,唐,618-907,四川省巴中市巴州区城南南龛山南龛石窟神仙坡北段 081 龛,南龛石窟神仙坡北段 081 龛,1,2 男,不详,李思弘男保寿,供养人,虔诚弟子,非社邑,供养施舍、,设斋供养,信息不详,信息不详,信息不详,信息不详,事件未提,[不详],新造,佛教,无法判定,
271,南龛石窟闫寿造像记,盛唐,618-755,四川省巴中市巴州区城南南龛山南龛石窟神仙坡北段 082 龛,南龛石窟神仙坡北段 082 龛,至少2人,至少1男、1女,一佛二弟子二菩萨、二天王二力士,闫寿、刘氏、合家,善信、眷属,虔诚弟子(家庭合署),非社邑,造像制作、,集体共修,信息不详,信息不详,信息不详,信息不详,事件未提,[不详],新造,佛教,无法判定,
272,南龛石窟 083 龛造像记,唐开元年间,713-741,四川省巴中市巴州区城南南龛山南龛石窟神仙坡北段 083 龛,南龛石窟神仙坡北段 083 龛,「不详」,[不详],三尊佛像、供养人,「不详」,善信,平民合众,非社邑,造像制作、,发心造像,信息不详,信息不详,信息不详,信息不详,事件未提,[不详],新造,佛教,无法判定,
273,南龛石窟087 龛严武造像记,唐乾元二年（759 年）,759,四川省巴中市巴州区城南南龛山南龛石窟神仙坡北段 087 龛,南龛石窟神仙坡北段 087 龛,1,2 男,救苦观音菩萨像,严武,巴州刺史,在职官员,非社邑,造像制作、造像制作、纪念庆赞、,发心造像、镌刻雕造、立碑题铭,信息不详,信息不详,报恩酬德,报父母恩,家庭变故(烈考中书侍郎),[不详],新造,佛教,观音体系,另有版本
274,南龛石窟杨粹造像记,北宋绍圣三年（1096 年）,1096,四川省巴中市巴州区城南南龛山南龛石窟神仙坡北段 087 龛,南龛石窟神仙坡北段 087 龛,1,男,救苦观音菩萨像,杨粹,朝奉郎知□州直管内劝农事、云骑尉等,在职官员,非社邑,庄严修饰、供养施舍、,重装修饰、施财舍物,信息不详,信息不详,信息不详,信息不详,事件未提,[不详],重妆,佛教,观音体系,
275,南龛石窟 089 龛造像记,唐天宝十年（751 年）,751,四川省巴中市巴州区城南南龛山南龛石窟神仙坡北段 089 龛,南龛石窟神仙坡北段 089 龛,「不详」,[不详],经幢（含天王、力士、菩萨、飞天等）,「不详」,善信,平民合众,非社邑,造像制作、造像制作、,造塔建幢、镌刻雕造,信息不详,信息不详,信息不详,信息不详,事件未提,佛顶尊胜陀罗尼,新造,佛教,密教,
276,南龛石窟赵行同造像记,唐乾符四年（877 年）,877,四川省巴中市巴州区城南南龛山南龛石窟神仙坡北段 103 龛,南龛石窟 103 龛,1,男,毗卢遮那佛,赵行同、□辛酉,镌石人,商贾匠人,非社邑,造像制作、纪念庆赞、,镌刻雕造、立碑题铭,信息不详,信息不详,信息不详,信息不详,事件未提,[不详],新造,佛教,华严,
277,南龛石窟净清金雁龙造像记,不详,不详,四川省巴中市巴州区城南南龛山南龛石窟神仙坡北段 103 龛,南龛石窟 103 龛,5,5男,毗卢佛、金刚、一佛二力士二供养小人、一飞天,净清、金雁龙、黄□□、徐鸣等,奉佛弟子、眷属,虔诚弟子,非社邑,寺院建设、庄严修饰、,建寺创殿、重装修饰,信息不详,信息不详,修复缮完,重修古迹、修复圣像 (重装),事件未提,[不详],重妆,佛教,华严；密教,
278,南龛石窟净清余辛造像记,不详,不详,四川省巴中市巴州区城南南龛山南龛石窟神仙坡北段 103 龛,南龛石窟 103 龛,8,7男、1 女,毗卢佛、金刚、一佛二力士二供养小人、一飞天,净清、余辛、辛世华、辛瑞真等,奉佛弟子、眷属,虔诚弟子(家庭合署),非社邑,寺院建设、庄严修饰、,建寺创殿、重装修饰,信息不详,信息不详,修复缮完,重修古迹,事件未提,[不详],重妆,佛教,华严；密教,
279,南龛石窟杨仙造像记,唐咸通年间,860-874,四川省巴中市巴州区城南南龛山南龛石窟神仙坡北段 106 龛,南龛石窟 106 龛,至少1人,至少1男,药师佛、释迦牟尼佛、阿难、迦叶、观音、势至、二金刚,杨仙等、尹使君,佛弟子、使君,混合群体(在职官员、普通百姓),非社邑,造像制作、造像制作、,发心造像、镌刻雕造,超度往生,往生极乐 (往生极乐世界),超度荐亡,普度众生、亡亲超荐,事件未提,[不详],新造,佛教,"净土,药师体系",
280,南龛石窟智护造像记,南宋绍熙二年（1191 年）,1191,四川省巴中市巴州区城南南龛山南龛石窟神仙坡南端墓塔区 167 龛,南龛石窟墓塔区 167 龛,1,男,方塔（塔身小龛僧人坐像）,智护上人,报恩南回智护上人,僧尼个体,非社邑,造像制作、,造塔建幢,信息不详,信息不详,信息不详,信息不详,事件未提,[不详],新造,佛教,无法判定,
281,北龛寺 14 龛造像记,初唐（造像）、不详（题记）,618-712、不详,四川省巴中市巴州区城北苏山南麓北龛寺北龛石窟 14 龛,北龛石窟 14 龛,「不详」,[不详],一主尊二弟子、三菩萨、二武士装药叉像、四天龙八部像、二伎乐、二供养人,「不详」,善信,平民合众,非社邑,信息不详、,信息不详,信息不详,信息不详,信息不详,信息不详,事件未提,[不详],新造,佛教,无法判定,
282,西龛石窟郭玄亮造像记,唐开元三年（715 年）,715,四川省巴中市巴州区城西凤谷山西龛村西龛石窟西龛寺后第 10 龛,西龛石窟第 10 龛,2,2 男,菩萨、圣僧、金刚,郭玄亮毗季,奉佛弟子,虔诚弟子,非社邑,造像制作、造像制作、,发心造像、镌刻雕造,超度往生,往生净土 (速登净土),超度荐亡,亡亲超荐,家庭变故(为亡考),[不详],新造,佛教,"净土,弥勒体系",另有版本
283,西龛石窟第 39 龛造像记,盛唐,618-755,四川省巴中市巴州区城西凤谷山西龛村西龛石窟西龛寺后第 39 龛,西龛石窟第 39 龛,「不详」,[不详],弥勒尊佛、迦叶文佛、阿弥陀佛,「不详」,善信,平民合众,非社邑,信息不详、,信息不详,信息不详,信息不详,信息不详,信息不详,事件未提,[不详],新造,佛教,"净土,弥勒体系",
284,水宁寺昙□造像记,盛唐,618-755,四川省巴中市巴州区水宁镇水宁村水宁寺 01 龛,水宁寺 01 龛,1,男,如来、妙觉观音,「不详」、昙□、文曹等,沙门、书文,混合群体(僧尼个体、普通百姓),非社邑,造像制作、,镌刻雕造,信息不详,信息不详,信息不详,信息不详,事件未提,[不详],新造,佛教,"密教,观音体系",
285,水宁寺08 龛造像记,盛唐（造像）、北宋至道三年（997 年，题记）,618-755、997,四川省巴中市巴州区水宁镇水宁村水宁寺 08 龛,水宁寺 08 龛,「不详」,[不详],不详,「不详」,无,[不详],非社邑,信息不详、,信息不详,信息不详,信息不详,信息不详,信息不详,事件未提,[不详],新造,佛教,无法判定,
286,水宁寺归仁造像记,盛唐,618-755,四川省巴中市巴州区水宁镇水宁村水宁寺 09 龛,水宁寺 09 龛,「不详」,未知（题记模糊）,佛龛,「不详」、归仁,弟子、客游,虔诚弟子,非社邑,造像制作、寺院建设、,发心造像、开窟凿洞,信息不详,信息不详,超度荐亡,亡亲超荐、祈福禳灾,事件未提,[不详],新造,佛教,无法判定,
287,龙门山石窟法缘造像记,盛唐（造像）、唐光启戊申年（888 年，装彩）,618-755、888,四川省巴中市巴州区三江镇龙门村五社巴河西岸龙门山石窟 06 龛,龙门山石窟 06 龛,2,2男,释迦佛、弥勒佛,「不详」、法缘、谨瓒,弟子、住持、表白,混合群体(虔诚弟子、僧尼个体),非社邑,庄严修饰、,妆銮彩绘,信息不详,信息不详,修复缮完,修复圣像 (装彩),事件未提,[不详],重妆,佛教,弥勒体系,
288,龙门山石窟邓文造造像记,唐光启三年（887 年）,887,四川省巴中市巴州区三江镇龙门村五社巴河西岸龙门山石窟 07 龛,龙门山石窟 07 龛,1,男,不详,邓文造,弟子,虔诚弟子,非社邑,庄严修饰、,妆銮彩绘,信息不详,信息不详,修复缮完,修复圣像 (装彩),事件未提,[不详],重妆,佛教,无法判定,
289,龙门山石窟08 龛造像记,唐龙纪元年（889 年）,889,四川省巴中市巴州区三江镇龙门村五社巴河西岸龙门山石窟 08 龛,龙门山石窟 08 龛,1,男,不详,「不详」,无,[不详],非社邑,信息不详、,信息不详,信息不详,信息不详,信息不详,信息不详,事件未提,[不详],新造,佛教,无法判定,
290,麻石佛尔崖严从愿造像记,唐开元二十八年（740 年）,740,四川省巴中市城西麻石垭乡一村一社张家湾公路旁麻石佛尔崖 05 龛,麻石佛尔崖 05 龛,至少1人,至少1男,佛龛,严从愿等、邑子,邑人、善信,平民合众,社邑,造像制作、寺院建设、造像制作、,发心造像、开窟凿洞、镌刻雕造,信息不详,信息不详,祈福禳灾,家族昌盛、弘法传教,事件未提,[不详],新造,佛教,无法判定,另有版本
291,玉井佛尔崖01龛造像记,唐上元元年（760 年）、永泰元年（765 年）,760、765,四川省巴中市玉井乡玉女村玉女寨何家园子右侧玉井佛尔崖 01 龛,玉井佛尔崖 01 龛,「不详」,[不详],不详,「不详」,无,[不详],非社邑,信息不详、,信息不详,信息不详,信息不详,信息不详,信息不详,事件未提,[不详],新造,佛教,无法判定,
292,玉井佛尔崖03 龛造像记,唐天宝六载（747 年）,747,四川省巴中市玉井乡玉女村玉女寨何家园子右侧玉井佛尔崖 03 龛,玉井佛尔崖 03 龛,「不详」,[不详],不详,「不详」,手作,商贾匠人,非社邑,造像制作、造像制作、,造塔建幢、镌刻雕造,信息不详,信息不详,信息不详,信息不详,事件未提,[不详],新造,佛教,无法判定,
293,玉井佛尔崖04 龛周□造像记,中唐,756-835,四川省巴中市玉井乡玉女村玉女寨何家园子右侧玉井佛尔崖 04 龛,玉井佛尔崖 04 龛,1,未知（题记模糊）,菩萨像,周□,弟子,虔诚弟子,非社邑,造像制作、,发心造像,信息不详,信息不详,信息不详,信息不详,事件未提,[不详],新造,佛教,无法判定,
294,玉井佛尔崖周□造像记,中唐,756-835,四川省巴中市玉井乡玉女村玉女寨何家园子右侧玉井佛尔崖,06 龛,1,未知（题记模糊）,菩萨像（菩萨）,周□,弟子,虔诚弟子,非社邑,造像制作、,发心造像,信息不详,信息不详,信息不详,信息不详,事件未提,[不详],新造,佛教,无法判定,
295,玉井佛尔崖造像记,唐天宝六载（747）,747,四川省巴中市玉井乡玉女村玉女寨何家园子右侧玉井佛尔崖,07 龛,[不详],[不详],[不详]（[不详]）,[不详],手作匠人,商贾匠人,非社邑,造像制作、,镌刻雕造,信息不详,信息不详,信息不详,信息不详,事件未提,[不详],新造,佛教,无法判定,
296,玉井佛尔崖勾神远造像记,唐永泰元年（765）,765,四川省巴中市玉井乡玉女村玉女寨何家园子右侧玉井佛尔崖,09 龛,1,男,[不详]（[不详]）,勾神远,利州镌龛傅士,商贾匠人,非社邑,造像制作、,镌刻雕造,信息不详,信息不详,信息不详,信息不详,事件未提,[不详],新造,佛教,无法判定,
297,玉井佛尔崖勾□□造像记,唐上元元年（760）,760,四川省巴中市玉井乡玉女村玉女寨何家园子右侧玉井佛尔崖,09 龛,1,未知（题记模糊）,[不详]（[不详]）,勾□□,[不详],[不详],非社邑,纪念庆赞、,立碑题铭,信息不详,信息不详,信息不详,信息不详,事件未提,[不详],新造,佛教,无法判定,
298,赵家湾□□绪造像记,初唐,618-649,四川广元赵家湾,03 龛,1,未知（题记模糊）,天尊、二胁侍、二狮子（天尊）,□□绪,高玄弟子,虔诚弟子(道教),非社邑,造像制作、,发心造像,信息不详,信息不详,信息不详,信息不详,事件未提,[不详],新造,道教,无法判定,
299,赵家湾张□□造像记,初唐,618-649,四川广元赵家湾,04 龛,1,男,天尊、二胁侍、二狮子（天尊）,张□□,弟子,虔诚弟子(道教),非社邑,造像制作、,发心造像,信息不详,信息不详,信息不详,信息不详,事件未提,[不详],新造,道教,无法判定,
300,赵家湾多人造像记,初唐,618-649,四川广元赵家湾,05 龛,[不详],[不详],天尊、二胁侍、二狮子（天尊）,□□、同造者,弟子,虔诚弟子(道教),非社邑,造像制作、,发心造像,信息不详,信息不详,信息不详,信息不详,事件未提,[不详],新造,道教,无法判定,
301,赵家湾李晚士造像记,初唐,618-649,四川广元赵家湾,06 龛,1,男,天尊、二狮子（天尊）,李晚士,弟子,虔诚弟子(道教),非社邑,造像制作、,发心造像,信息不详,信息不详,信息不详,信息不详,事件未提,[不详],新造,道教,无法判定,
302,赵家湾天尊二狮造像记-1,初唐,618-649,四川广元赵家湾,010 龛,1,未知（题记模糊）,天尊、二狮子（天尊）,□□,弟子,虔诚弟子(道教),非社邑,造像制作、,发心造像,信息不详,信息不详,信息不详,信息不详,事件未提,[不详],新造,道教,无法判定,
303,赵家湾天尊造像记,初唐,618-649,四川广元赵家湾,011 龛,[不详],[不详],天尊（天尊）,[不详],[不详],[不详],非社邑,造像制作、,发心造像,信息不详,信息不详,信息不详,信息不详,事件未提,[不详],新造,道教,无法判定,
304,赵家湾天尊二狮造像记-2,初唐,618-649,四川广元赵家湾,013 龛,1,未知（题记模糊）,天尊、二狮子（天尊）,□□□□□□□□,弟子,虔诚弟子(道教),非社邑,造像制作、,发心造像,信息不详,信息不详,信息不详,信息不详,事件未提,[不详],新造,道教,无法判定,
305,赵家湾杨□造像记,初唐,618-649,四川广元赵家湾,014 龛,1,女,天尊、二狮子（天尊）,杨□,女弟子,虔诚弟子(道教),非社邑,造像制作、,发心造像,信息不详,信息不详,信息不详,信息不详,事件未提,[不详],新造,道教,无法判定,
306,环梁子王大㝎造像记,初唐,618-649,四川广元环梁子,01 龛,1,男,一佛、二弟子、二胁侍菩萨、二狮子（佛）,王大㝎,[不详],虔诚弟子,非社邑,造像制作、,镌刻雕造,信息不详,信息不详,信息不详,信息不详,事件未提,[不详],新造,佛教,无法判定,
307,环梁子任弘造像记,唐贞观二十一年（647）,647,四川广元环梁子,02 龛,1,男,释迦牟尼像、二弟子、二胁侍菩萨、二狮子（佛）,任弘□,弟子,虔诚弟子,非社邑,造像制作、造像制作、,发心造像、镌刻雕造,超度往生,往生净土,信息不详,信息不详,事件未提,[不详],新造,佛教,无法判定,
308,环梁子永乐造像记,初唐,618-649,四川广元环梁子,04 龛,1,未知（题记模糊）,一佛、二弟子、二胁侍菩萨、二狮子（佛）,□永乐,[不详],虔诚弟子,非社邑,造像制作、,发心造像,信息不详,信息不详,信息不详,信息不详,事件未提,[不详],新造,佛教,无法判定,
309,环梁子任玄荣造像记,初唐,618-649,四川广元环梁子,07 龛,1,男,一佛、二弟子、二胁侍菩萨、二狮子（佛）,任玄荣,[不详],虔诚弟子,非社邑,造像制作、,镌刻雕造,信息不详,信息不详,信息不详,信息不详,事件未提,[不详],新造,佛教,无法判定,
310,环梁子王宝宅造像记,初唐（贞观）、唐景云二年（711）,618-649、711,四川广元环梁子,017 龛,5,5 男,二菩萨并立（菩萨）,王宝宅、任□□、任永安、张剑、任永乐、杨穆,弟子、礼拜者,虔诚弟子,非社邑,游观题咏、,游观题名,信息不详,信息不详,信息不详,信息不详,事件未提,[不详],新造 + 题记,佛教,无法判定,
311,佛爷岩贾三造像记,唐开元十八年（730）,730,四川广元计划佛爷岩,02 龛,[不详],[不详],弥勒佛、二比丘、二胁侍菩萨、二力士、二狮子（佛）,[不详]、贾三□,弟子,虔诚弟子(家庭合署),非社邑,造像制作、造像制作、,发心造像、镌刻雕造,信息不详,信息不详,信息不详,信息不详,事件未提,[不详],新造,佛教,弥勒体系,
312,王家坡天尊二胁侍二狮造像记,盛唐,713-755,四川广元王家坡,04 龛,[不详],[不详],天尊、二胁侍菩萨、二狮子（天尊）,[不详],[不详],[不详],非社邑,信息不详、,信息不详,信息不详,信息不详,信息不详,信息不详,事件未提,[不详],新造,道教,无法判定,
313,王家坡天尊造像记,盛唐,713-755,四川广元王家坡,010 龛,[不详],[不详],天尊（天尊）,[不详],[不详],[不详],非社邑,信息不详、,信息不详,信息不详,信息不详,信息不详,信息不详,事件未提,[不详],新造,道教,无法判定,
314,王家坡天尊二胁侍造像记,盛唐,713-755,四川广元王家坡,011 龛,[不详],[不详],天尊、二胁侍真人像（天尊）,[不详],[不详],[不详],非社邑,信息不详、,信息不详,信息不详,信息不详,信息不详,信息不详,事件未提,[不详],新造,道教,无法判定,
315,王家坡坐佛造像记-1,唐开元年间,713-741,四川广元王家坡,012 龛,1,未知（题记模糊）,坐佛（佛）,[不详],[不详],虔诚弟子,非社邑,信息不详、,信息不详,信息不详,信息不详,信息不详,信息不详,事件未提,[不详],新造,佛教,无法判定,
316,王家坡坐佛造像记-2,唐开元十五年（727）,727,四川广元王家坡,014 龛,1,未知（题记模糊）,坐佛（佛）,[不详],弟子,虔诚弟子,非社邑,造像制作、,发心造像,信息不详,信息不详,信息不详,信息不详,事件未提,[不详],新造,佛教,无法判定,
317,碗泉村佛爷岩造像记,初唐,618-649,四川广元碗泉村佛爷岩,04 龛,[不详],[不详],天尊、二胁侍真人像（天尊）,[不详],[不详],[不详],非社邑,信息不详、,信息不详,信息不详,信息不详,信息不详,信息不详,事件未提,[不详],新造,道教,无法判定,
318,老君庙志造像记,初唐,618-649,四川广元老君庙,04 龛,1,男,天尊（天尊）,□志□,弟子,虔诚弟子(道教),非社邑,造像制作、,发心造像,信息不详,信息不详,信息不详,信息不详,事件未提,[不详],新造,道教,无法判定,
319,锦屏山杨糠能造像记,盛唐,713-755,四川广元锦屏山,05 龛,1,男,天尊、二胁士真人像、侧壁二立像、二狮子；附龛 6 个（前 3 龛各 1 坐像、第 4 龛 2 象、5/6 龛各双身像）（天尊）,杨糠能,弟子,虔诚弟子(道教),非社邑,供养施舍、,设斋供养,信息不详,信息不详,信息不详,信息不详,事件未提,[不详],新造,道教,无法判定,
320,天马山杨糠能造像记,盛唐,713-755,四川广元天马山,11 龛,[不详],未知（题记模糊）,主尊二胁侍一狮子像、附龛一佛二弟子二胁侍菩萨二力士、附龛一佛二胁侍菩萨二力士,杨糠能、张□、沙诃惠觉、王□□等,弟子、比丘、检校僧,混合群体(虔诚弟子、僧尼个体),非社邑,造像制作、纪念庆赞、,镌刻雕造、立碑题铭,信息不详,信息不详,信息不详,信息不详,事件未提,[不详],新造,佛教,弥勒体系,
321,赵家坡造像记,初唐,618-649,四川广元赵家坡,02 龛,[不详],[不详],[不详],[不详],[不详],[不详],非社邑,信息不详、,信息不详,信息不详,信息不详,信息不详,信息不详,事件未提,[不详],新造,道教,无法判定,
322,赵家坡天尊造像记,初唐,618-649,四川广元赵家坡,06 龛,[不详],[不详],天尊主尊、二弟子形道人像、二菩萨装真人胁侍像、二真人立像、一女道立像、三头六臂阿修罗像、三立像、一神将形立像、二狮子像,[不详],[不详],[不详],非社邑,信息不详、,信息不详,信息不详,信息不详,信息不详,信息不详,事件未提,[不详],新造,道教,无法判定,
323,阳岳寺王戒庆造像记,唐天宝,742-756,四川广元阳岳寺千佛崖,02 龛,2,2 男,西方净土变相（上段两组三尊、中段主尊二胁侍菩萨等、下段主尊三十身小型尊像）、3 附龛俗人立像 / 供养人像 / 菩萨立像,王戒庆,崇法弟子,虔诚弟子,非社邑,造像制作、造像制作、纪念庆赞、,发心造像、镌刻雕造、立碑题铭,信息不详,信息不详,报恩酬德,报佛恩、修证悟道,事件未提,[不详],新造,佛教,净土,
324,阳岳寺比丘圆造像记,唐天宝十五年（756 年）,756,四川广元阳岳寺千佛崖,03 龛,[不详],未知（题记模糊）,三尊二胁侍、七排小型佛坐像（五十三佛）,比丘□圆、门徒□等,比丘、门徒,僧团僧伽,非社邑,供养施舍、纪念庆赞、,看经念诵、设斋表赞,修证悟道,忏悔业障 (除四重五逆及谤方等经),修证悟道,忏悔业障,事件未提,五十三佛名经(此五十三佛名者乃是过去久远旧住娑婆世界成就众生而般涅槃…… 是故应当皈依敬礼),新造,佛教,净土,另有版本
325,阳岳寺比丘圆女七娘造像记,唐天宝十三年（754 年）,754,四川广元阳岳寺千佛崖,05 龛,至少1人, 女,一佛二胁侍菩萨、人物侧跪像、若干小龛坐佛像,比丘□圆、女七娘等,比丘、信女,混合群体(虔诚弟子、僧尼个体),非社邑,纪念庆赞、,设斋表赞,信息不详,信息不详,信息不详,信息不详,事件未提,宝集佛相关经文(南无宝集佛、无垢光明佛、无边无垢佛、得大无畏佛、燃灯火佛、宝声如来、不动佛、卢舍那光明佛、卢舍那镜像佛、大光明佛、宝胜佛),新造,佛教,无法判定,
326,木门寺含二力士造像记,隋～唐初,581-649,四川广元木门寺,05 龛,[不详],[不详],一佛二弟子二菩萨、二力士,[不详],[不详],[不详],非社邑,信息不详、,信息不详,信息不详,信息不详,信息不详,信息不详,事件未提,[不详],新造,佛教,无法判定,
327,木门寺含二狮子造像记,隋～唐初,581-649,四川广元木门寺,09 龛,[不详],[不详],一主尊二胁侍菩萨、二狮子像,[不详],[不详],[不详],非社邑,信息不详、,信息不详,信息不详,信息不详,信息不详,信息不详,事件未提,[不详],新造,佛教,无法判定,
328,木门寺造像记,唐,618-907,四川广元木门寺,012 龛,[不详],[不详],一佛二胁侍菩萨,[不详],[不详],[不详],非社邑,信息不详、,信息不详,信息不详,信息不详,信息不详,信息不详,事件未提,[不详],新造,佛教,无法判定,
329,金印山佛儿岩造像记,中晚唐,756-907,四川广元金印山佛儿岩,01 龛,至少4人,3 男1女,一佛二菩萨,[不详],功德户、尼、军事衙前□使,混合群体(在职官员、僧尼个体、虔诚弟子),非社邑,造像制作、造像制作、纪念庆赞、,发心造像、组织营建、立碑题铭,超度往生,往生净土 (众□往生西方极乐世界),超度荐亡,亡亲超荐,事件未提,[不详],新造,佛教,净土,
330,茂县比丘释玄嵩造像记,齐永明元年（483 年）,483,四川省阿坝藏族羌族自治州茂县,[不详],5,5 男,无量寿佛、当来弥勒佛、千佛、禅僧像,比丘释玄嵩、比丘释僧成、镇主性庄丘,比丘、镇主,混合群体(封爵贵族、僧尼个体),非社邑,造像制作、造像制作、纪念庆赞、,发心造像、镌刻雕造、立碑题铭,超度往生,龙华三会 (龙华三会),祈福禳灾,普度众生、报恩酬德,事件未提,诸行无常 是生灭法 生灭灭已 寂灭为乐,新造,佛教,"净土,弥勒体系",
331,西安路比丘释法海造弥勒像记,齐永明八年（490 年）,490,四川省成都市西安路,[不详],1,男,弥勒像,比丘释法海、释法海之母,比丘、信女,混合群体(虔诚弟子、僧尼个体),非社邑,造像制作、造像制作、,发心造像、镌刻雕造,超度往生,龙华三会 (龙华三会),超度荐亡,超度荐亡,家庭变故(亡父),[不详],新造,佛教,弥勒体系,
332,商业街释法明造像记,齐建武二年（495 年）,495,四川省成都市商业街,[不详],1,男,观音成佛像,荆州道人释法明,道人,虔诚弟子,非社邑,造像制作、造像制作、,发心造像、镌刻雕造,超度往生,龙华三会 (弥勒三会),祈福禳灾,普度众生、报恩酬德,事件未提,[不详],新造,佛教,弥勒体系；观音体系,
333,西安路比丘释法海造无量寿像记,梁天监三年（504 年）,504,四川省成都市西安路,[不详],1,男,无量寿像（一佛二菩萨二弟子二药叉）,比丘释法海,比丘,僧尼个体,非社邑,造像制作、造像制作、,发心造像、镌刻雕造,超度往生,往生净土 (上升天堂),超度荐亡,亡亲超荐、普度众生,家庭变故(亡母、亡姊),[不详],新造,佛教,净土,
334,商业街李慧女造像记,梁天监十年（511 年）,511,四川省成都市商业街,[不详],1,1 男、1 女,释迦像（一佛四菩萨）,王子妻李女（李慧女）,佛弟子,虔诚弟子,非社邑,造像制作、造像制作、,发心造像、镌刻雕造,超度往生,普度众生 (普及三界五道众生),超度荐亡,亡亲超荐、普度众生,家庭变故(过去有亡父母),[不详],新造,佛教,无法判定,
335,万佛寺康胜造像记,梁普通四年（523 年）,523,四川省成都市万佛寺,[不详],1,男,释迦文像（一佛四菩萨四弟子二天王二狮）,弟子康胜,佛弟子,虔诚弟子,非社邑,造像制作、造像制作、,发心造像、镌刻雕造,超度往生,普度众生 (一切有形之类普同此愿),祈福禳灾,家族昌盛、超度荐亡,事件未提,[不详],新造,佛教,无法判定,
336,万佛寺上官法光造像记,梁中大通五年（533 年）,533,四川省成都市万佛寺,[不详],1,男,释迦文像（一佛四菩萨四弟子二力士二狮）,上官法光,佛弟子,虔诚弟子,非社邑,造像制作、造像制作、,发心造像、镌刻雕造,超度往生,往生净土 (生西方无量寿国),超度荐亡,亡亲超荐、祈福禳灾,家庭变故(亡妹令玉尼),[不详],新造,佛教,净土,
337,龙兴寺尹文宣造像记,梁中大通年间（529-534 年）,529-534,四川省成都市彭州市龙兴寺,[不详],1,男,释迦双身像（二佛三菩萨二弟子二力士）,弟子尹文宣,佛弟子,虔诚弟子,非社邑,造像制作、造像制作、,发心造像、镌刻雕造,超度往生,往生净土 (值生西方),超度荐亡,亡亲超荐、祈福禳灾,家庭变故(亡妇梁),[不详],新造,佛教,无法判定,
338,万佛寺比丘法爱造像记,梁中大同三年（548 年）,548,四川省成都市万佛寺,[不详],1,男,观世音像（一观音四胁侍菩萨四弟子二力士）,比丘法爱,比丘,僧尼个体,非社邑,造像制作、造像制作、,发心造像、镌刻雕造,超度往生,往生净土 (遊神净土),超度荐亡,亡亲超荐、祈福禳灾,家庭变故(亡□兄),[不详],新造,佛教,"净土,观音体系",
339,万佛寺侯朗造圆雕立佛像记,梁大同三年（537 年）,537,四川省成都市万佛寺,[不详],至少1人,男,圆雕立佛像,侯朗,佛弟子,虔诚弟子,非社邑,造像制作、造像制作、,发心造像、镌刻雕造,信息不详,信息不详,信息不详,信息不详,事件未提,[不详],新造,佛教,无法判定,
340,西安路张元造像记,梁大同十一年（545 年）,545,四川省成都市西安路,[不详],1,男,释迦多宝并坐像（二佛五菩萨二弟子二力士二狮）,佛弟子张元,佛弟子,虔诚弟子,非社邑,造像制作、造像制作、,发心造像、镌刻雕造,超度往生,往生净土 (早登瑶土),超度荐亡,亡亲超荐、祈福禳灾,家庭变故(亡父母),[不详],新造,佛教,无法判定,
341,西安路比丘晃藏造像记,梁中大通二年（530 年）,530,四川省成都市西安路,[不详],1,男,释迦像（一佛四菩萨四弟子二力士二狮）,比丘晃藏,比丘,僧尼个体,非社邑,造像制作、造像制作、,发心造像、镌刻雕造,超度往生,离苦得乐 (皆得离苦),超度荐亡,亡亲超荐、祈福禳灾,家庭变故(亡父母),[不详],新造,佛教,无法判定,
342,万佛寺莫姥造像记,梁中大通元年（529 年）,529,四川省成都市万佛寺,[不详],3,1 男、2 女,释迦像,莫姥、景光、景焕等,佛弟子、信众,平民合众,非社邑,造像制作、造像制作、,发心造像、镌刻雕造,超度往生,往生净土 (遊神净土),超度荐亡,亡亲超荐、祈福禳灾,事件未提,[不详],新造,佛教,无法判定,
343,西安路柱僧逸造像记,梁太清五年（551 年）,551,四川省成都市西安路,[不详],1,男,阿育王像,佛弟子柱僧逸,佛弟子,虔诚弟子,非社邑,造像制作、造像制作、,发心造像、镌刻雕造,超度往生,往生净土 (早悟无生),超度荐亡,亡亲超荐、祈福禳灾,家庭变故(亡儿李佛施),[不详],新造,佛教,无法判定,
344,万佛寺赵国公造像记,北周保定二年至五年（562-565 年）,562-565,四川省成都市万佛寺,[不详],1,男,阿育王像,益州总管柱国赵国公招,益州总管柱国、赵国公,封爵贵族,非社邑,造像制作、造像制作、,发心造像、镌刻雕造,信息不详,信息不详,信息不详,信息不详,事件未提,[不详],新造,佛教,无法判定,
345,万佛寺造菩萨像记,北周天和二年（567 年）,567,四川省成都市万佛寺,[不详],[不详],[不详],菩萨像,[不详],[不详],[不详],非社邑,造像制作、造像制作、,发心造像、镌刻雕造,信息不详,信息不详,信息不详,信息不详,事件未提,[不详],新造,佛教,无法判定,
346,博物院车元达造像记,北周天和四年（569 年）,569,四川博物院藏,[不详],7,5男、2女,释迦像,车元达,征东将军右金紫光禄像主都督、散骑常侍黄门侍郎,封爵贵族,非社邑,造像制作、造像制作、,发心造像、镌刻雕造,现世福报,福寿康宁 (现在长寿),超度荐亡,亡亲超荐、普度众生,家庭变故(亡弟显),[不详],新造,佛教,无法判定,
347,万佛寺宜造像记,梁普通六年（525 年）,525,四川省成都市万佛寺,[不详],1,男,释迦像（一佛四菩萨四弟子二力士二狮）,□宜□公姥,佛弟子,虔诚弟子,非社邑,造像制作、造像制作、,发心造像、镌刻雕造,超度往生,离苦得乐 (永离三塗),超度荐亡,亡亲超荐、祈福禳灾,家庭变故(过去亡人),[不详],新造,佛教,无法判定,
348,万佛寺李项造像记,梁中大通三年（531 年）,531,四川省成都市万佛寺,[不详],1,男,释迦像（一佛四菩萨四弟子二力士二狮）,李项□,佛弟子,虔诚弟子,非社邑,造像制作、造像制作、,发心造像、镌刻雕造,现世福报,消灾免难 (离苦护安),祈福禳灾,家族昌盛、消灾免难、普度众生,事件未提,[不详],新造,佛教,无法判定,
349,川大博物馆释僧镇造像记,梁中大通四年（532 年）,532,四川大学博物馆藏,[不详],1,男,释迦像（一佛六菩萨四弟子二力士二狮）,释僧镇,比丘、佛弟子,僧尼个体,非社邑,造像制作、造像制作、,发心造像、镌刻雕造,超度往生,离苦得乐 (离一切苦),超度荐亡,亡亲超荐、祈福禳灾,家庭变故(亡父母),[不详],新造,佛教,无法判定,
350,川大博物馆丁文乱造像记,梁太清三年（549 年）,549,四川大学博物馆藏,[不详],1,男,释迦双身像（二佛一梵王二菩萨四弟子二力士二狮）,丁文乱,佛弟子,虔诚弟子,非社邑,造像制作、造像制作、,发心造像、镌刻雕造,超度往生,往生净土 (常往西方净土),超度荐亡,亡亲超荐、祈福禳灾,家庭变故(亡妻苏氏),[不详],新造,佛教,净土,
351,万佛寺陈庆之造像记,梁天监十六年（517 年）,511,四川省成都市万佛寺,[不详],1,男,观音像,陈庆之,佛弟子,虔诚弟子,非社邑,造像制作、造像制作、,发心造像、镌刻雕造,超度往生,往生净土 (同生佛国),超度荐亡,亡亲超荐、祈福禳灾,事件未提,[不详],新造,佛教,观音体系,
352,万佛寺敬猷造像记,梁大通元年（527 年）,527,四川省成都市万佛寺,[不详],2,1 男、1 女,[不详],敬猷母子,佛弟子、信众,平民合众,非社邑,造像制作、造像制作、,发心造像、镌刻雕造,超度往生,往生净土 (共往西方),超度荐亡,亡亲超荐、祈福禳灾,事件未提,[不详],新造,佛教,无法判定,
353,萧纪造像记,梁大同七年（541 年）,541,不详,[不详],1,男,弥勒像,萧纪,武陵王,封爵贵族,非社邑,造像制作、造像制作、,发心造像、镌刻雕造,超度往生,往生净土 (早登净境),超度荐亡,亡亲超荐、祈福禳灾,家庭变故(亡母),[不详],新造,佛教,弥勒体系,
354,万佛寺邑子乃造像记,唐元和十年（815 年）,815,四川省成都市万佛寺,[不详],[不详],[不详],释迦牟尼文佛（一佛四菩萨四胁侍菩萨二力士二狮二供养人）,邑子□乃一、天媳□□□周等,邑子、信众,平民合众(社邑组织),社邑,造像制作、造像制作、纪念庆赞、,发心造像、镌刻雕造、立碑题铭,超度往生,往生净土 (亡者昇天),超度荐亡,亡亲超荐、祈福禳灾,家庭变故(亡□、亡保),[不详],新造,佛教,无法判定,
355,万佛寺造佛传故事画记,元嘉二年（425 年）,425,四川省成都市万佛寺,[不详],[不详],[不详],佛传故事画、佛教故事画,[不详],[不详],[不详],非社邑,信息不详、,信息不详,信息不详,信息不详,信息不详,信息不详,事件未提,[不详],新造,佛教,无法判定,
356,三峡博物馆自造像记,梁大同六年（540 年）,540,重庆市三峡博物馆藏,[不详],1,男,释迦文石像（二佛四菩萨五弟子二力士二狮）,佛弟子自□□,佛弟子,虔诚弟子,非社邑,造像制作、造像制作、,发心造像、镌刻雕造,信息不详,信息不详,超度荐亡,亡亲超荐,家庭变故(亡兄),[不详],新造,佛教,无法判定,
357,万佛寺公僧造像记,梁中大通四年（532 年）,532,四川省成都市万佛寺,[不详],1,男,释迦佛（一佛四菩萨二弟子二力士）,公僧□,比丘、佛弟子,僧尼个体,非社邑,造像制作、造像制作、,发心造像、镌刻雕造,超度往生,往生净土 (愿亡者生天),超度荐亡,亡亲超荐,家庭变故(亡母),[不详],新造,佛教,无法判定,
358,万佛寺熊造像记,元嘉廿五年（448 年）,448,四川省成都市万佛寺,[不详],1,男,无量寿佛、菩萨（一佛一菩萨）,□熊,佛弟子,虔诚弟子,非社邑,造像制作、造像制作、,发心造像、镌刻雕造,现世福报,福寿康宁 (愿平安),祈福禳灾,家族昌盛、超度荐亡,事件未提,[不详],新造,佛教,无法判定,
359,千佛崖王小兰造像记,唐景龙三年（709 年）,709,四川广元千佛崖,226 号窟附 2 号龛,1,男,观音菩萨,王小兰,女弟子,虔诚弟子,非社邑,造像制作、,发心造像,现世福报,福寿康宁 (愿平安),祈福禳灾,护宅安镇,事件未提,[不详],新造,佛教,观音体系,
360,千佛崖郭氏造像记,唐开元七年（719 年）,719,四川广元千佛崖,226 号窟附 11 号龛,1,女,观音菩萨,郭氏,清信女弟子,虔诚弟子,非社邑,造像制作、,发心造像,超度往生,亡亲超荐 (为亡女),超度荐亡,亡亲超荐,家庭变故(亡女彭二娘),[不详],新造,佛教,观音体系,
361,千佛崖李仁矩造像记,后唐天成二年（927 年）,927,四川广元千佛崖,226 号窟主龛,1,男,三佛六菩萨（主龛三龛各一佛二菩萨）,李仁矩,检校金紫光禄大夫、检校尚书右仆射等,封爵贵族,非社邑,庄严修饰、,重装修饰,现世福报,福寿康宁 (圣躬万福),修复缮完,修复圣像,地方暴力(煞却都监),[不详],重妆,佛教,无法判定,
362,千佛崖王泽民造像记,南宋绍兴八年（1138 年）,1138,四川广元千佛崖,226 号窟主龛,2,1 男、1 女,三佛六菩萨（主龛三龛各一佛二菩萨）,王泽民、王张氏九娘子,主押官、信女,混合群体(在职官员、虔诚弟子),非社邑,庄严修饰、,妆銮彩绘,国邦安宁,国泰民安 (国泰民安),祈福禳灾,护国兴邦、家族昌盛、修复缮完,事件未提,[不详],重妆,佛教,无法判定,
363,千佛崖转运使造像记,唐神龙二年（706 年）,706,四川广元千佛崖,493 号窟（神龙窟）,4,4男,弥勒佛,□□转运使、田谣、田□、田寿,转运使、弟子,混合群体(在职官员、虔诚弟子),非社邑,造像制作、,发心造像,信息不详,信息不详,信息不详,信息不详,事件未提,[不详],新造,佛教,弥勒体系,
364,千佛崖路氏造像记,五代,907-960,四川广元千佛崖,365 号窟（弥勒窟）,1,女,弥勒佛、二弟子、二菩萨、二力士、二狮子、一小坐佛,路氏,越国夫人,封爵贵族,非社邑,庄严修饰、,重装修饰,超度往生,亡亲超荐 (为已过先灵父母),超度荐亡,亡亲超荐、祈福禳灾,事件未提,[不详],重妆,佛教,弥勒体系,另有版本
365,千佛崖王重叙造像记,后蜀明德四年（937 年）,937,四川广元千佛崖,365-1 号龛,1,男,陀罗尼经幢（龛内禅定小坐佛）,王重叙,石弟子,虔诚弟子,非社邑,造像制作、,造塔建幢,信息不详,信息不详,祈福禳灾,普度众生、护国兴邦,事件未提,[不详],新造,佛教,密教,
366,千佛崖斑定方造像记,唐先天二年（713 年）,713,四川广元千佛崖,187 号窟（先天窟）,1,男,释迦牟尼像、二弟子、二菩萨、二力士,斑定方,承议郎行利州录事参军,在职官员,非社邑,造像制作、造像制作、,发心造像、镌刻雕造,超度往生,亡亲超荐 (为先灵及亡妻),超度荐亡,亡亲超荐,家庭变故(先灵、亡妻难氏),[不详],新造,佛教,无法判定,
367,千佛崖孙宝造像记,后蜀广政八年（945 年）,945,四川广元千佛崖,187 号窟补凿三小龛,2,1 男、1 女,一佛、三观音、一男供养人,孙宝,昭武军节度使、银青光禄大夫等,封爵贵族,非社邑,庄严修饰、,重装修饰,信息不详,信息不详,修复缮完,修复圣像,事件未提,[不详],新造,佛教,无法判定,
368,千佛崖释广行造像记,唐天宝十五载（756 年）,756,四川广元千佛崖,512 号窟附 35 号,1,男,地藏菩萨、观世音菩萨,释广行,比丘,僧尼个体,非社邑,造像制作、,发心造像,超度往生,亡亲超荐 (奉......妣),超度荐亡,亡亲超荐,家庭变故(妣),[不详],新造,佛教,观音体系；地藏体系,
369,千佛崖真如海造像记,唐元和二年（807 年）,807,四川广元千佛崖,512 号窟附 35 号,1,女,地藏菩萨、观世音菩萨,真如海,女弟子,虔诚弟子,非社邑,庄严修饰、,重装修饰,现世福报,福寿康宁 (愿平安),祈福禳灾,家族昌盛、修复缮完,事件未提,[不详],重妆,佛教,无法判定,
370,千佛崖李讽造像记,唐咸通十四年（873 年）,873,四川广元千佛崖,512 号窟（大云古洞）,4,4 男,当阳佛,李讽,州刺史上柱国赐紫金鱼袋,封爵贵族,非社邑,庄严修饰、,重装修饰,信息不详,信息不详,修复缮完,重修古迹,事件未提,[不详],重妆,佛教,无法判定,
371,千佛崖王氏四娘造像记,唐中和四年（884 年）,884,四川广元千佛崖,512 号窟（大云古洞）,1,女,一大立佛、龛内外各一佛二弟子二菩萨二力士二天王二供养菩萨、左右壁各四排菩萨像,王氏四娘,女弟子,虔诚弟子,非社邑,庄严修饰、,重装修饰,信息不详,信息不详,修复缮完,修复圣像,事件未提,[不详],重妆,佛教,无法判定,
372,千佛崖宋显造像记,南宋绍兴前后,1127～1165 年左右,四川广元千佛崖,689 号窟（千佛窟）,至少10人,至少10男,一主尊、二弟子、二菩萨、二力士、二天王、天龙八部像八身、千佛,宋显、王玄、马进、李顺等白衣社人,白衣社老宿、道首、社众,平民合众(社邑组织),社邑,庄严修饰、,重装修饰,信息不详,信息不详,修复缮完,修复圣像,事件未提,[不详],重妆,佛教,无法判定,
373,千佛崖韦抗造像记,唐开元十年（722 年）,722,四川广元千佛崖,513 号窟（韦抗窟）,1,男,一佛二弟子二菩萨二力士二天王二供养菩萨,韦抗,剑南道按察使、银青光禄大夫、行益州大部督府长史,封爵贵族,非社邑,信息不详、,信息不详,信息不详,信息不详,信息不详,信息不详,事件未提,[不详],新造,佛教,无法判定,
374,千佛崖何晏造地藏像记,唐开元至天宝年间,713-756,四川广元千佛崖,513 号窟附 8 号龛,1,男,地藏菩萨,何晏,佛弟子,虔诚弟子,非社邑,造像制作、,发心造像,信息不详,信息不详,信息不详,信息不详,事件未提,[不详],新造,佛教,地藏体系,
375,千佛崖何晏造观世音像记,唐开元至天宝年间,713-756,四川广元千佛崖,513 号窟附 10 号龛,2,1 男、1 女,观世音菩萨,何晏、何晏之妻,佛弟子、信众,虔诚弟子(家庭合署),非社邑,造像制作、,发心造像,信息不详,信息不详,信息不详,信息不详,事件未提,[不详],新造,佛教,观音体系,
376,千佛崖袁诚造像记,唐开元至天宝年间,713-756,四川广元千佛崖,513 号窟附 11 号龛,1,男,如意轮观音,袁诚,度支山南西院事,在职官员,非社邑,造像制作、,发心造像,信息不详,信息不详,信息不详,信息不详,事件未提,[不详],新造,佛教,"密教,观音体系",
377,千佛崖王何造像记,唐中和二年（882 年）,882,四川广元千佛崖,251 号龛左下方小龛,1,男,三立佛二弟子二菩萨,王何,朝散大夫、巴州化城令、奉国令,在职官员,非社邑,造像制作、,复新重修,现世福报,家庭和睦 (获骨肉平善),祈福禳灾,家族昌盛、修复缮完,地方暴力(罹难、遭替),[不详],重修,佛教,无法判定,
378,千佛崖彭景宣造像记,唐开元十年（722 年）,722,四川广元千佛崖,150 号龛,1,男,一佛二菩萨四供养人,彭景宣,弟子,虔诚弟子,非社邑,造像制作、造像制作、,发心造像、镌刻雕造,超度往生,亡亲超荐 (为亡妣),超度荐亡,亡亲超荐、祈福禳灾,家庭变故(亡妣郭氏),[不详],新造,佛教,华严,
379,千佛崖佛嘉阁造像记,元至正七年（1347 年）,1347,四川广元千佛崖,86 号窟,1,男,一佛二弟子二菩萨二力士二天王二供养菩萨（含坛前狮子、飞天等）,佛嘉阁,前资善大夫、岭北省参知政事、云南省参政,在职官员,非社邑,庄严修饰、,重装修饰,现世福报,福寿康宁 (保安康如意),祈福禳灾,护宅安镇,事件未提,[不详],重妆,佛教,无法判定,
380,观音岩李节造像记,唐至德二载（757 年）,757,四川广元蟠龙镇观音岩,5 号龛,1,男,释迦佛,李□节,佛弟子,虔诚弟子,非社邑,造像制作、,发心造像,现世福报,福寿康宁 (愿平安),祈福禳灾,护宅安镇,事件未提,[不详],新造,佛教,无法判定,
381,观音岩周先造像记,唐至德二载（757 年）,757,四川广元蟠龙镇观音岩,5 号龛（或 6 号龛）,1,男,观音立像、二供养菩萨、二供养人,周先,□山郡司马,在职官员,非社邑,造像制作、,发心造像,信息不详,信息不详,信息不详,信息不详,事件未提,[不详],新造,佛教,观音体系,
382,观音岩王造像记,唐元和十五年（820 年）,820,四川广元蟠龙镇观音岩,18 号龛,[不详],[不详],一佛二弟子二菩萨二力士,王□□、录事等,邑众、录事,平民合众(社邑组织),社邑,纪念庆赞、,设斋表赞,信息不详,信息不详,信息不详,信息不详,事件未提,[不详],新造,佛教,净土,
383,观音岩含供养人造像记,唐元和十三年（818 年）,818,四川广元蟠龙镇观音岩,24 号龛,[不详],[不详],一佛二菩萨二供养人,[不详],[不详],[不详],非社邑,信息不详、,信息不详,信息不详,信息不详,信息不详,信息不详,事件未提,[不详],新造,佛教,无法判定,
384,观音岩造观世音像记,唐元和十三年（818 年）,818,四川广元蟠龙镇观音岩,25 号龛,1,未知（题记模糊）,救苦观世音菩萨,[不详],佛弟子,虔诚弟子,非社邑,造像制作、纪念庆赞、,发心造像、设斋表赞,现世福报,家庭和睦 (合家大小平安),祈福禳灾,护宅安镇,事件未提,[不详],新造,佛教,观音体系,
385,观音岩永和公主造像记,唐至德元年（756 年）,756,四川广元蟠龙镇观音岩,40 号龛,1,女,一佛二菩萨,永和公主,公主,皇室宗亲,非社邑,造像制作、,发心造像,信息不详,信息不详,信息不详,信息不详,事件未提,[不详],新造,佛教,无法判定,
386,观音岩杨宣造药师地藏观音像记,唐大和七年（833 年）,833,四川广元蟠龙镇观音岩,43 号龛,1,男,药师、地藏、观音三尊,杨宣,利州都虞侯兼押衙,在职官员,非社邑,造像制作、,发心造像,信息不详,信息不详,信息不详,信息不详,事件未提,[不详],新造,佛教,药师体系；地藏体系；观音体系,
387,观音岩杨宣造文殊像记,唐大和七年（833 年）,833,四川广元蟠龙镇观音岩,45 号龛,1,男,骑狮文殊菩萨像,杨宣,□州都虞侯兼神衙,在职官员,非社邑,造像制作、,发心造像,信息不详,信息不详,信息不详,信息不详,事件未提,[不详],新造,佛教,无法判定,
388,观音岩含天王造像记,唐天宝十二载（753 年）,753,四川广元蟠龙镇观音岩,46 号龛,[不详],[不详],一佛二弟子二菩萨二力士二天王,[不详],将士、佛弟子,混合群体(在职官员、虔诚弟子),非社邑,造像制作、,发心造像,信息不详,信息不详,信息不详,信息不详,地方暴力(集北催锋破敌),[不详],新造,佛教,无法判定,
389,观音岩范元逸造像记,唐天宝十载（751 年）,751,四川广元蟠龙镇观音岩,47 号龛（或 32 号龛）,3,3 男,一佛二弟子二菩萨二力士一天王四男供养人二女供养人,范元逸,朝议郎、行内侍省掖庭令、上柱国、云南招慰讨兵马处置使,封爵贵族,非社邑,造像制作、造像制作、纪念庆赞、,发心造像、镌刻雕造、立碑题铭,国邦安宁,国运太平,祈福禳灾,护国兴邦、超度荐亡,[不详],[不详],新造,佛教,无法判定,
390,观音岩造像记,唐天宝十四载（755 年）,755,四川广元蟠龙镇观音岩,101 号龛,[不详],[不详],一佛二弟子二菩萨,[不详],[不详],[不详],非社邑,信息不详、,信息不详,信息不详,信息不详,信息不详,信息不详,事件未提,[不详],新造,佛教,无法判定,
391,观音岩含力士造像记,唐天宝十四载（755 年）,755,四川广元蟠龙镇观音岩,102 号龛,[不详],[不详],一佛二弟子二菩萨二力士,[不详],[不详],[不详],非社邑,信息不详、,信息不详,信息不详,信息不详,信息不详,信息不详,事件未提,[不详],新造,佛教,无法判定,
392,巴中石窟南龛杨正安造像记,唐代,618-907,四川省巴中市巴中石窟南龛,037 号,1,男,一佛二弟子二菩萨二力士二供养菩萨,杨正安等,在街弟子、信众,平民合众(临时联合),非社邑,信息不详、,信息不详,信息不详,信息不详,超度荐亡,亡亲超荐、修复缮完,事件未提,[不详],重妆,佛教,无法判定,
393,巴中石窟南龛赵清治造像记,唐代,618-907,四川省巴中市巴中石窟南龛,033 号,4,4 男,四伎乐、三飞天、一供养人、一佛二菩萨、五十二身听法菩萨,赵清治、赵淳、赵珍,信众、居士,平民合众(家庭合署),非社邑,庄严修饰、,妆銮彩绘,信息不详,信息不详,信息不详,信息不详,事件未提,[不详],重妆,佛教,无法判定,
394,巴中石窟南龛党守业造像记,唐开元二十八年（740 年）,740,四川省巴中市巴中石窟南龛,069 号,1,男,一佛二弟子二菩萨、二天王二力士、十一身供养人,党守业,乡贡明经、化城县尉,在职官员,非社邑,造像制作、造像制作、庄严修饰、纪念庆赞、,发心造像、镌刻雕造、妆銮彩绘、设斋表赞,超度往生,往生净土 (早生净土),超度荐亡,亡亲超荐,家庭变故(亡考妣),[不详],新造,佛教,净土,
395,巴中石窟南龛李思弘造像记-1,唐文德元年（888 年）,888,四川省巴中市巴中石窟南龛,069 号,1,男,一佛二弟子二菩萨、二天王二力士、十一身供养人,李思弘,信众,在职官员,非社邑,造像制作、,复新重修,信息不详,信息不详,信息不详,信息不详,事件未提,[不详],重妆,佛教,无法判定,另有版本
396,巴中石窟南龛李思弘造像记-2,唐代,618-907,四川省巴中市巴中石窟南龛,071 号,1,男,[不详],李思弘,信众,在职官员,非社邑,造像制作、,复新重修,信息不详,信息不详,信息不详,信息不详,事件未提,[不详],重妆,佛教,无法判定,另有版本
397,巴中石窟南龛李思弘造像记-3,唐代,618-907,四川省巴中市巴中石窟南龛,077 号,1,男,一佛二弟子二菩萨、二天王二力士、十一身供养人,李思弘,信众,在职官员,非社邑,造像制作、,复新重修,信息不详,信息不详,信息不详,信息不详,事件未提,[不详],重妆,佛教,无法判定,
398,巴中石窟南龛李思弘勾氏五娘造像记,唐代,618-907,四川省巴中市巴中石窟南龛,077 号,8,3 男、5 女,一佛二弟子二菩萨、二天王二力士、十一身供养人,李思弘、勾氏五娘、成双、保寿等,信众、家属,混合群体(在职官员、虔诚弟子),非社邑,信息不详、,信息不详,信息不详,信息不详,信息不详,信息不详,事件未提,[不详],重妆,佛教,无法判定,
399,巴中石窟南龛刘安造像记,南宋绍兴二十六年（1156 年）,1156,四川省巴中市巴中石窟南龛,077 号,2,1 男、1 女,一佛二弟子二菩萨、二天王二力士、十一身供养人,刘安、张氏、刘全,军员、信女,平民合众(家庭合署),非社邑,庄严修饰、供养施舍、纪念庆赞、,重装修饰、看经念诵、设斋表赞,信息不详,信息不详,修复缮完,修复圣像 (重装),事件未提,[不详],重妆,佛教,无法判定,
400,巴中石窟南龛含二狮造像记,唐开元年间,713-741,四川省巴中市巴中石窟南龛,083 号,[不详],未知（题记模糊）,三佛二狮子、七身供养人,[不详],[不详],[不详],非社邑,造像制作、,发心造像,信息不详,信息不详,修复缮完,重修古迹,事件未提,[不详],新造,佛教,无法判定,
401,巴中石窟南龛含天王造像记,唐天宝十年（751 年）,751,四川省巴中市巴中石窟南龛,089 号,[不详],[不详],多天王、力士、菩萨、飞天等,[不详],[不详],[不详],非社邑,造像制作、造像制作、,造塔建幢、镌刻雕造,信息不详,信息不详,信息不详,信息不详,事件未提,佛顶尊胜陀罗尼,新造,佛教,密教,
402,李朝兴造像记,唐代,618-907,[不详],四川省巴中市巴中石窟南龛 064 号,1,男,内龛十五尊（正壁三佛、两侧四弟子二菩萨等）、龛外二力士,李朝兴,清信弟子,虔诚弟子,非社邑,信息不详、,信息不详,信息不详,信息不详,信息不详,信息不详,事件未提,[不详],新造,佛教,无法判定,
403,巴中石窟南龛李思弘造观音地藏像记,唐乾元二年（759 年）,759,四川省巴中市巴中石窟南龛,080 号,2,2 男,一观音、一地藏,李思弘、赵□□,信众,混合群体(在职官员、虔诚弟子),非社邑,庄严修饰、纪念庆赞、,妆銮彩绘、立碑题铭,信息不详,信息不详,修复缮完,修复圣像 (报粧),事件未提,[不详],重妆,佛教,无法判定,
404,杨仙造像记,唐贞元二年,786,[不详],四川省巴中市巴中石窟南龛 106 号,[不详],[不详],药师琉璃光像、释迦文像、阿难、迦叶、观音、势至、二金刚等,杨仙等,佛弟子,平民合众,非社邑,造像制作、造像制作、,发心造像、镌刻雕造,超度往生,往生净土 (往生者),超度荐亡,亡亲超荐、普度众生,事件未提,[不详],新造,佛教,药师体系；观音体系,
405,巴中石窟南龛造六臂如意轮观音像记,唐咸通年间,860-874,四川省巴中市巴中石窟南龛,016 号,1,未知（题记模糊）,一六臂如意轮观音、二天王,[不详],信众,虔诚弟子,非社邑,庄严修饰、,妆銮彩绘,信息不详,信息不详,修复缮完,修复圣像 (装彩),事件未提,[不详],重妆,佛教,"密教,观音体系",
406,李保寿造像记,未知,不详,[不详],四川省巴中市巴中石窟南龛 065 号,1,男,毗沙门天王像,李保寿,信众,虔诚弟子,非社邑,供养施舍、,设斋供养,信息不详,信息不详,信息不详,信息不详,事件未提,[不详],重妆,佛教,密教,
407,巴中石窟南龛赵行同造像记,唐光启三年（887 年）,887,四川省巴中市巴中石窟南龛,103 号,2,2 男,一佛二力士二供养小人、一飞天,赵行同、辛目,镌石人、饭人,商贾匠人,非社邑,纪念庆赞、,立碑题铭,信息不详,信息不详,信息不详,信息不详,事件未提,[不详],新造,佛教,密教,
408,净清徐鸣造像记,不详,不详,[不详],四川省巴中市巴中石窟南龛 103 号,[不详],[不详],一佛二力士二供养小人、一飞天,净清、徐鸣、余民□等,信众,平民合众,非社邑,寺院建设、庄严修饰、,建寺创殿、重装修饰,信息不详,信息不详,修复缮完,重修古迹、修复圣象（重装）,事件未提,[不详],重修 + 重妆,佛教,无法判定,
409,净清辛世华造像记,不详,不详,[不详],四川省巴中市巴中石窟南龛 103 号,8,7 男、1 女,一佛二力士二供养小人、一飞天,净清、辛世华、辛瑞真等,信众、家属,平民合众(家庭合署),非社邑,寺院建设、庄严修饰、,建寺创殿、重装修饰,信息不详,信息不详,修复缮完,重修古迹、修复圣象（重装）,事件未提,[不详],重修 + 重妆,佛教,无法判定,
410,水宁寺録事参军造像记,唐景龙三年（709 年）,709,四川省巴中市巴中区水宁寺镇水宁村水宁寺,21 号龛,1,未知（题记模糊）,三尊药师像、二力士,巴州始宁县改阆州録事参军,録事参军,在职官员,非社邑,造像制作、造像制作、,发心造像、镌刻雕造,信息不详,信息不详,信息不详,信息不详,事件未提,[不详],新造,佛教,无法判定,
411,含立式天王造像记,晚于开元末,晚于 741,[不详],四川省巴中市巴中区水宁寺镇水宁村水宁寺 09 号龛,1,1 男、1 女,一佛二弟子二立式天王二力士,[不详],信众,虔诚弟子,非社邑,造像制作、造像制作、寺院建设、,发心造像、镌刻雕造、开窟凿洞,信息不详,信息不详,信息不详,信息不详,事件未提,[不详],新造,佛教,药师体系,
412,旺苍佛子岩王伟造像记,唐天宝六年（747 年）,747,地平县旺苍佛子岩,3 号龛（或 2 号龛）,1,男,释迦牟尼像,王伟,地平县员外尉,在职官员,非社邑,造像制作、造像制作、纪念庆赞、,发心造像、镌刻雕造、立碑题铭,现世福报,福寿康宁 (愿早平安归),祈福禳灾,家族昌盛、消灾免难,事件未提(谪官),[不详],新造,佛教,无法判定,
413,阳岳寺造菩萨像记,不详,不详,四川广元苍溪阳岳寺,1 号龛,[不详],[不详],菩萨一身,[不详],[不详],[不详],非社邑,信息不详、,信息不详,信息不详,信息不详,信息不详,信息不详,事件未提,[不详],新造,佛教,无法判定,
414,阳岳寺王戒度造像记,不详,不详,四川广元苍溪阳岳寺,2 号龛,1,男,阿弥陀佛,王戒度,崇法弟子,虔诚弟子,非社邑,造像制作、造像制作、纪念庆赞、,发心造像、镌刻雕造、立碑题铭,信息不详,信息不详,报恩酬德,报佛恩 修证悟道->发心修行,事件未提,[不详],新造,佛教,无法判定,
415,阳岳寺庆□造像记,唐天宝十三年（754 年）,754,四川省广元市苍溪县三川镇阳岳寺,5 号龛,[不详],[不详],宝胜佛、南无宝集佛、大光明佛等十二类佛像,庆□、□娘、男□□等,信众,平民合众,非社邑,纪念庆赞、,设斋表赞,信息不详,信息不详,信息不详,信息不详 ,事件未提,宝集佛相关经文(南无宝集佛、宝胜佛、大光明佛、宝声如来、燃灯火佛、得大无畏佛、无边无垢佛、无垢光明佛、卢舍那光明佛、卢舍那镜像佛、不动佛),新造,佛教,净土,
416,平杨府君阙造像记,不详,不详,四川省绵阳市区平杨府君阙造像,15 号龛,1,男,无量寿佛,[不详],佛弟子,虔诚弟子,非社邑,造像制作、造像制作、,发心造像、镌刻雕造,超度往生,亡亲超荐 (为梁主至尊敬),超度荐亡,亡亲超荐 祈福禳灾->家族昌盛,事件未提,[不详],新造,佛教,无法判定,
417,平杨府君阙许善造像记,梁大通三年（529 年）,529,四川省绵阳市区平杨府君阙造像,17 号龛,2,2 男,观音大士、佛像,许善、道洪,佛弟子,虔诚弟子,非社邑,造像制作、造像制作、,发心造像、镌刻雕造,超度往生,亡亲超荐 (为七世父),超度荐亡,亡亲超荐 祈福禳灾->家族昌盛,事件未提,[不详],新造,佛教,净土,
418,横梁子王佛愿造像记,唐贞观二十一年（647 年）,647,四川省广元市剑阁县武连镇横梁子造像,2 号,1,男,释迦佛,王佛愿,佛弟子,虔诚弟子,非社邑,造像制作、造像制作、,发心造像、镌刻雕造,超度往生,往生净土,信息不详,信息不详,事件未提,[不详],新造,佛教,观音体系,
419,横梁子任永乐造像记,不详,不详,四川省广元市剑阁县武连镇横梁子造像,4 号龛,1,男,一佛二弟子二菩萨,任永乐,[不详],[不详],非社邑,造像制作、,发心造像,信息不详,信息不详,信息不详,信息不详,事件未提,[不详],新造,佛教,无法判定,
420,横梁子任玄荣造像记,唐贞观二十一年（647 年）,647,四川省广元市剑阁县武连镇横梁子造像,4 号龛（或 6 号龛）,1,男,一佛二弟子二菩萨,任玄荣,[不详],[不详],非社邑,造像制作、,发心造像,信息不详,信息不详,信息不详,信息不详,事件未提,[不详],新造,佛教,无法判定,
421,横梁子王宝定造像记,唐贞观二十二年（648 年）；,648,四川省广元市剑阁县武连镇横梁子造像,15、16 号龛,1,男,二菩萨,王宝定,信众,虔诚弟子,非社邑,游观题咏、,游观题名,信息不详,信息不详,信息不详,信息不详,事件未提,[不详],新造,佛教,无法判定,中秋节，月光菩萨圣诞
422,横梁子造像记,唐景云二年（711 年）,711,四川省广元市剑阁县武连镇横梁子造像,15、16 号龛,[不详],[不详],[不详],[不详],[不详],[不详],非社邑,游观题咏、,游观题名,信息不详,信息不详,信息不详,信息不详,事件未提,[不详],[不详],佛教,无法判定,
423,横梁子任永乐杨穆造像记,[不详],不详,四川省广元市剑阁县武连镇横梁子造像,15、16 号龛,2,2男,二菩萨,任永乐、杨穆,信众,平民合众,非社邑,游观题咏、,游观题名,信息不详,信息不详,信息不详,信息不详,事件未提,[不详],新造,佛教,无法判定,
424,横梁子任永安造像记,[不详],不详,四川省广元市剑阁县武连镇横梁子造像,15、16 号龛,1,男,二菩萨,任永安、张剑,信众,平民合众,非社邑,造像制作、,发心造像,信息不详,信息不详,信息不详,信息不详,事件未提,[不详],新造,佛教,无法判定,
425,卧龙山邓士琬造像记,唐贞观八年（634 年）,634,四川省绵阳市梓潼县卧龙山千佛崖,第 1 龛,38,男 33 人、女 5 人,阿弥陁佛、五十二菩薩,鄧士琬、鄧厚順、任八等,信众、书者、作龕镌字人,混合群体(商贾匠人、普通百姓),非社邑,造像制作、造像制作、纪念庆赞、,发心造像、镌刻雕造、立碑题铭,信息不详,信息不详,弘法传教,弘传佛法 祈福禳灾->普度众生,事件未提,[不详],新造,佛教,净土,另有版本
426,玉女泉黄法暾造像记,隋大业六年（610 年）,610,四川绵阳玉女泉,[不详],1,男,天尊像,黄法暾,三洞道士,虔诚弟子,非社邑,造像制作、造像制作、,发心造像、镌刻雕造,信息不详,信息不详,信息不详,信息不详,事件未提,[不详],新造,道教,无法判定,
427,鹤鸣山郑国造像记,唐大中十一年（857 年）,857,四川省广元市剑阁县普安镇鹤鸣山,4 号龛,1,男,长生保命天尊像,郑国,前剑州刺史、赐紫金鱼袋,封爵贵族,非社邑,造像制作、造像制作、纪念庆赞、,发心造像、镌刻雕造、立碑题铭,现世福报,福寿康宁 (长生保命),祈福禳灾,延寿增福,事件未提,[不详],新造,道教,无法判定,
428,圆觉洞孙侪造像记,南宋绍兴二十三年（1153 年）,1153,安岳石窟圆觉洞,11 号窟（或 7 号龛）,至少4人,3 男、1 女,净瓶观音像、菩萨、飞天、供养菩萨、供养人,孙侪、孙衍、孙衡、黄氏小寿娘,使州都孔目官、信众,混合群体(在职官员、普通百姓),非社邑,庄严修饰、特殊行为、纪念庆赞、,妆銮彩绘、剃度出家、立碑题铭,现世福报,福寿康宁 (祈寿年绵延),祈福禳灾,延寿增福,事件未提,[不详],重妆,佛教,无法判定,
429,圆觉洞含龙女造像记,宋代,960-1279,安岳石窟圆觉洞,7 号龛,[不详],未知（题记模糊）,飞天、龙女、供养人像,[不详],[不详],[不详],非社邑,信息不详、,信息不详,信息不详,信息不详,信息不详,信息不详,事件未提,[不详],新造,佛教,无法判定,
430,圆觉洞颜公辅造像记,宋代,960-1279,安岳石窟圆觉洞,9 号龛,3,男 3 人,佛像三尊、左右圆觉菩萨各六尊,顏公輔、楊文□,知安岳縣事、石匠,混合群体(在职官员、商贾匠人),非社邑,纪念庆赞、,立碑题铭,信息不详,信息不详,信息不详,信息不详,事件未提,[不详],新造,佛教,密教,
431,圆觉洞周显达造像记,宋代,960-1279,安岳石窟圆觉洞,9 号龛,1,男 4 人,佛像三尊、左右圆觉菩萨各六尊,周显達、王运□、周显□等,信众,平民合众,非社邑,庄严修饰、纪念庆赞、,重装修饰、立碑题铭,信息不详,信息不详,修复缮完,修复圣像 (装塑),事件未提,[不详],重修,佛教,密教,
432,圆觉洞冯倓造像记,南宋庆元四年（1198 年）,1198,安岳石窟圆觉洞,9 号龛,2,至少1男,圆觉洞佛像,元士馮倓、景一之,元士、书者,虔诚弟子,非社邑,寺院建设、造像制作、纪念庆赞、,开窟凿洞、镌刻雕造、立碑题铭,修证悟道,觉悟成佛 (圆觉),弘法传教,弘传佛法,事件未提,[不详],新造,佛教,无法判定,
433,王□□造像记,北宋,960-1127,[不详],安岳石窟圆觉洞 10 号龛,[不详],[不详],一佛像、一飞天、一弟子、两供养人,王□□、□提□,朝散大夫、军判,在职官员,非社邑,信息不详、,信息不详,信息不详,信息不详,信息不详,信息不详,事件未提,[不详],新造,佛教,无法判定,
434,徐耕造像记,南宋,1127-1279,[不详],安岳石窟圆觉洞 10 号龛,至少6人,男 5 人、女 1 人,释迦佛像,徐耕、徐尚坤、姚氏等,信善、家属,平民合众(家庭合署),非社邑,庄严修饰、纪念庆赞、,重装修饰、立碑题铭,国邦安宁,国泰民安 (皇王万岁，天下太平),祈福禳灾,护国兴邦,事件未提,[不详],重妆,佛教,禅宗,
435,造金峰长老像记,五代,907-960,[不详],安岳石窟圆觉洞 12 号龛,[不详],[不详],金峰长老真身,[不详],[不详],[不详],非社邑,特殊行为、,涅槃奉安,信息不详,信息不详,信息不详,信息不详,事件未提,[不详],新造,佛教,禅宗,
436,圆觉洞杨正卿造石觀音像记,北宋元符三年（1100 年）动工，大观二年（1108 年）完工,1100-1108,安岳石窟圆觉洞,14 号龛,6,男 3 人、女 3 人,石觀音像、供养人像,楊正卿、邹氏、馬氏等,功德主、信众,平民合众(家庭合署),非社邑,造像制作、造像制作、寺院建设、供养施舍、纪念庆赞、,发心造像、组织营建、开窟凿洞、法会供养、立碑题铭,信息不详,信息不详,报恩酬德,报先人恩 弘法传教,家庭变故(故父元善、故叔父元愛、故叔母胡氏),[不详],新造,佛教,观音体系,
437,杨景华造像记,不详,不详,[不详],安岳石窟圆觉洞 14 号龛,1,男 3 人、女 2 人,[不详],楊景華、陳氏、楊有無等,信善、家属,平民合众(家庭合署),非社邑,庄严修饰、,重装修饰,现世福报,福寿康宁 (祈平安),修复缮完,修复圣像 (重装),事件未提,[不详],重妆,佛教,"密教,观音体系",
438,圆觉洞赵义和造观音像记,大蜀天汉元年（917 年）,917,安岳石窟圆觉洞,22 号龛,1,男,救苦观音菩萨,趙義和,功德主、节度左厢先锋兵馬使等,封爵贵族,非社邑,造像制作、庄严修饰、,发心造像、妆銮彩绘,现世福报,家庭和睦 (阖门昌吉),祈福禳灾,消灾免难、家族昌盛,地方暴力(生遭兵火),[不详],新造,佛教,无法判定,
439,孙韬邺造像记,五代,907-960,[不详],安岳石窟圆觉洞 22 号龛,[不详],[不详],七佛,孫韬鄴,佛弟子,虔诚弟子,非社邑,信息不详、,信息不详,信息不详,信息不详,信息不详,信息不详,事件未提,[不详],新造,佛教,无法判定,
440,圆觉洞赵义和造三世佛像记,大蜀天汉元年（917 年）,917,安岳石窟圆觉洞,22 号龛,7,男 7 人,三世佛,赵義和、陳球、高山真等,社首、社户、节度左厢先锋兵馬使等,平民合众(社邑组织),社邑,庄严修饰、纪念庆赞、,重装修饰、立碑题铭,现世福报,消灾免难 (三灾不遇),修复缮完,修复圣像 (重装) 祈福禳灾->家族昌盛 护国兴邦,地方暴力(兵甲休息，规避兵祸),[不详],重妆,佛教,无法判定,
441,陀罗尼经造像记,五代,907-960,[不详],安岳石窟圆觉洞 33 号龛,[不详],[不详],石碑刻佛顶尊胜陀罗尼经,无明确出资者,[不详],[不详],非社邑,造像制作、,镌刻雕造,信息不详,信息不详,信息不详,信息不详,事件未提,佛顶尊胜陀罗尼,新造,佛教,密教,
442,大悲观音造像记,五代,907-960,[不详],安岳石窟圆觉洞 37 号龛,[不详],[不详],大悲观音菩萨,[不详],[不详],[不详],非社邑,信息不详、,信息不详,信息不详,信息不详,信息不详,信息不详,事件未提,[不详],新造,佛教,观音体系,
443,圆觉洞南面山崖40号龛造像记,不详,不详,安岳石窟圆觉洞南面山崖40号龛,安岳石窟圆觉洞 40 号龛,[不详],[不详],[不详],[不详],信众,虔诚弟子,非社邑,庄严修饰、,妆銮彩绘,信息不详,信息不详,信息不详,信息不详,事件未提,[不详],重妆,佛教,无法判定,
444,圆觉洞造像记（一窟多人）-1,五代,907-960,安岳石窟圆觉洞南面山崖,40号龛,16（至475条，共16人）,男,十六罗汉像,郭行章等,弟子,混合群体(在职官员、普通百姓),非社邑,造像制作、造像制作、,发心造像、镌刻雕造,信息不详,信息不详,信息不详,信息不详,事件未提,[不详],新造,佛教,无法判定,
445,圆觉洞造像记（一窟多人）-2,五代,907-960,安岳石窟圆觉洞南面山崖,40号龛,16（至475条，共16人）,男,十六罗汉像,张海全,弟子,混合群体(在职官员、普通百姓),非社邑,造像制作、,发心造像,信息不详,信息不详,信息不详,信息不详,事件未提,[不详],新造,佛教,无法判定,
446,圆觉洞造像记（一窟多人）-3,五代,907-960,安岳石窟圆觉洞南面山崖,40号龛,16（至475条，共16人）,男,十六罗汉像,杨孟汤,弟子,混合群体(在职官员、普通百姓),非社邑,造像制作、,发心造像,信息不详,信息不详,信息不详,信息不详,事件未提,[不详],新造,佛教,无法判定,
447,圆觉洞造像记（一窟多人）-4,五代,907-960,安岳石窟圆觉洞南面山崖,40号龛,16（至475条，共16人）,男,十六罗汉像,士和,不详,混合群体(在职官员、普通百姓),非社邑,造像制作、,发心造像,信息不详,信息不详,信息不详,信息不详,事件未提,[不详],新造,佛教,无法判定,
448,圆觉洞造像记（一窟多人）-5,五代,907-960,安岳石窟圆觉洞南面山崖,40号龛,16（至475条，共16人）,男,十六罗汉像,不详,不详,混合群体(在职官员、普通百姓),非社邑,造像制作、,发心造像,信息不详,信息不详,信息不详,信息不详,事件未提,[不详],新造,佛教,无法判定,
449,圆觉洞造像记（一窟多人）-6,五代,907-960,安岳石窟圆觉洞南面山崖,40号龛,16（至475条，共16人）,男,十六罗汉像,王□□,节度十将,混合群体(在职官员、普通百姓),非社邑,造像制作、,发心造像,信息不详,信息不详,信息不详,信息不详,事件未提,[不详],新造,佛教,无法判定,
450,圆觉洞造像记（一窟多人）-7,五代,907-960,安岳石窟圆觉洞南面山崖,40号龛,16（至475条，共16人）,男,十六罗汉像,张岌,弟子,混合群体(在职官员、普通百姓),非社邑,造像制作、,发心造像,信息不详,信息不详,信息不详,信息不详,事件未提,[不详],新造,佛教,无法判定,
451,圆觉洞造像记（一窟多人）-8,五代,907-960,安岳石窟圆觉洞南面山崖,40号龛,16（至475条，共16人）,男,十六罗汉像,不详,弟子,混合群体(在职官员、普通百姓),非社邑,造像制作、,发心造像,信息不详,信息不详,信息不详,信息不详,事件未提,[不详],新造,佛教,无法判定,
452,圆觉洞造像记（一窟多人）-9,五代,907-960,安岳石窟圆觉洞南面山崖,40号龛,16（至475条，共16人）,男,十六罗汉像,不详,白衣弟子,混合群体(在职官员、普通百姓),非社邑,造像制作、,发心造像,信息不详,信息不详,信息不详,信息不详,事件未提,[不详],新造,佛教,无法判定,
453,圆觉洞造像记（一窟多人）-10,五代,907-960,安岳石窟圆觉洞南面山崖,40号龛,16（至475条，共16人）,男,十六罗汉像,不详,弟子,混合群体(在职官员、普通百姓),非社邑,造像制作、,发心造像,信息不详,信息不详,信息不详,信息不详,事件未提,[不详],新造,佛教,无法判定,
454,势至菩萨造像记,五代,907-960,[不详],安岳石窟圆觉洞 40 号龛,[不详],[不详],势至菩萨,[不详],[不详],[不详],非社邑,造像制作、,发心造像,信息不详,信息不详,信息不详,信息不详,事件未提,[不详],新造,佛教,无法判定,
455,杨姓造像记,五代,907-960,[不详],安岳石窟圆觉洞 40 号龛,1,女 1 人,观音像,杨姓女弟子,女弟子,虔诚弟子,非社邑,造像制作、,发心造像,信息不详,信息不详,信息不详,信息不详,事件未提,[不详],新造,佛教,观音体系,
456,杨简造像记,不详,不详,[不详],安岳石窟圆觉洞 56 号龛,1,[不详],十王像,杨简等三十□人,信众,平民合众,非社邑,庄严修饰、纪念庆赞、,重装修饰、立碑题铭,超度往生,亡亲超荐 (追往生),修复缮完,重修古迹,事件未提,[不详],重修,二教混合（佛道）,地藏体系,
457,聂姓造像记,五代,907-960,[不详],安岳石窟圆觉洞 58 号龛,1,男 1 人,现实人物像,聂姓官员,金紫光祿大夫、檢校司徒、普州刺史,封爵贵族,非社邑,信息不详、,信息不详,信息不详,信息不详,信息不详,信息不详,事件未提,[不详],新造,佛教,无法判定,
458,请命造像记,五代,907-960,安岳石窟圆觉洞南面山崖58号龛,安岳石窟圆觉洞 58 号龛,[不详],[不详],佛像,[不详],軍州官吏,在职官员,非社邑,信息不详、,信息不详,信息不详,信息不详,信息不详,信息不详,事件未提,[不详],新造,佛教,无法判定,
459,唐进造像记,五代,907-960,[不详],安岳石窟圆觉洞 60 号龛,5,男 5 人,判官像,王□、唐进、曹判官等,弟子、判官,混合群体(在职官员、普通百姓),非社邑,造像制作、庄严修饰、庄严修饰、,发心造像、妆銮彩绘、重装修饰,信息不详,信息不详,修复缮完,修复圣像 (重装),事件未提,[不详],新造 + 重妆,二教混合（佛道）,无法判定,
460,圆觉洞都勾中丞造像记,五代武成二年（909 年）,909,安岳石窟圆觉洞,69 号龛,5,男 3 人、女 2 人,一佛二菩萨、十六罗汉像,都勾中丞、門師體儒等,都勾中丞、僧人,混合群体(在职官员、僧尼个体、商贾匠人),非社邑,造像制作、造像制作、纪念庆赞、,发心造像、镌刻雕造、立碑题铭,现世福报,消灾免难 (灾难消除),祈福禳灾,消灾免难、家族昌盛,事件未提,[不详],新造,佛教,净土,
461,圆觉洞黎令宾造天尊像记,唐开元二十四年（736 年）,736,安岳石窟圆觉洞,71 号龛,1,男,天尊像,黎令賓,前州倉督、錄事、骑都尉勳官五品,在职官员,非社邑,造像制作、造像制作、,发心造像、镌刻雕造,现世福报,福寿康宁 (愿平安),祈福禳灾,家族昌盛,事件未提,[不详],新造,道教,无法判定,
462,张公造像记,中唐,756-835,[不详],四川省眉山市仁寿县高家镇鹰头村牛角寨石窟牛角寨区 N-Y1-001-1,1,男 1 人,八部众、观音菩萨、势至菩萨、阿难尊者,张公,植福弟子,虔诚弟子,非社邑,信息不详、,信息不详,信息不详,信息不详,信息不详,信息不详,事件未提,[不详],新造,佛教,"净土,观音体系",
463,士𮟀造像记,盛唐,713-755,[不详],四川省眉山市仁寿县高家镇鹰头村牛角寨石窟牛角寨区 N-Y1-002-1,1,男 1 人,观音菩萨,士𮟀,沙弥,僧尼个体,非社邑,造像制作、,发心造像,信息不详,信息不详,信息不详,信息不详,事件未提,[不详],新造,佛教,观音体系,
464,□卢造像记,中唐,756-835,[不详],四川省眉山市仁寿县高家镇鹰头村牛角寨石窟牛角寨区 N-Y1-022,1,至少男 4 人,一佛二弟子二菩萨二天王,卢□、卢明母等,佛弟子、家属,平民合众(家庭合署),非社邑,造像制作、,发心造像,信息不详,信息不详,信息不详,信息不详,事件未提,[不详],新造,佛教,无法判定,
465,□娘造像记,中唐,756-835,[不详],四川省眉山市仁寿县高家镇鹰头村牛角寨石窟牛角寨区 N-Y4-022,1,女 1 人,菩萨,□娘,女弟子,虔诚弟子,非社邑,造像制作、,发心造像,信息不详,信息不详,信息不详,信息不详,事件未提,[不详],新造,佛教,无法判定,
466,李生造像记,唐贞元十一年（795 年）,795,[不详],四川省眉山市仁寿县高家镇鹰头村牛角寨石窟牛角寨区 N-Y7-037,[不详],[不详],四大天王、一老尊、一天君,李生□、陈期等,信众,平民合众,非社邑,造像制作、,发心造像,信息不详,信息不详,信息不详,信息不详,事件未提,[不详],新造,二教混合（佛道）,无法判定,
467,杨行进造像记,唐天宝八年（749 年）,749,[不详],四川省眉山市仁寿县高家镇鹰头村牛角寨石窟坛神岩区 T-Y1-057,4,男 2 人、女 2 人,三宝像,杨行进、杨正真、杨正观等,三洞道士、女道士,虔诚弟子,非社邑,造像制作、造像制作、,发心造像、镌刻雕造,国邦安宁,国泰民安 (为国为家),信息不详,信息不详,事件未提,[不详],新造,道教,无法判定,六斋日
468,惠静造像记,盛唐,713-755,[不详],四川省眉山市仁寿县高家镇鹰头村牛角寨石窟坛神岩区 T-Y5-088,8,男 8 人,一佛二弟子二菩萨二力士,惠静、法全、赵思侯等,比丘、弟子、信众,混合群体(僧尼个体、普通百姓),非社邑,信息不详、,信息不详,信息不详,信息不详,信息不详,信息不详,事件未提,[不详],新造,佛教,无法判定,
469,碧水寺造像记,唐贞观年间（627-649 年）,627-649,四川省绵阳市游仙区碧水寺摩崖造像,第 10 龛,1,男,经文龛（《金刚经》相关经文）,[不详],[不详],[不详],非社邑,造像制作、,镌刻雕造,信息不详,信息不详,弘法传教,弘传佛法,事件未提,金刚经,新造,佛教,无法判定,浴佛节
470,玉女泉何造像记,唐咸亨元年（670 年）,670,四川省绵阳市玉女泉摩崖造像,第 16 龛,1,男 1 人,天尊,何□□曾□,弟子,虔诚弟子,非社邑,造像制作、,发心造像,信息不详,信息不详,信息不详,信息不详,事件未提,[不详],新造,道教,无法判定,
471,玉女泉任智斌造像记,唐中早期,618-712,四川省绵阳市玉女泉摩崖造像,第 17 龛,1,男 1 人,天尊、老君,任智斌,道□,虔诚弟子,非社邑,造像制作、,发心造像,超度往生,亡亲超荐 (为亡父、亡师),超度荐亡,亡亲超荐,家庭变故(為亡父任士、亡師任士),[不详],新造,道教,无法判定,另有版本
472,圣水寺雄说伯造像记,唐永徽元年（650 年）,650,四川省绵阳市魏城镇圣水村圣水寺,第 2 龛,至少2人,男≥2 人,天尊老君、阿弥陀佛、新灵像,雄說伯等三洞弟子、道僧,三洞弟子、道僧,混合群体(混合流派),非社邑,造像制作、造像制作、,发心造像、镌刻雕造,国邦安宁,国运太平,祈福禳灾,护国安邦、家族昌盛 超度荐亡-> 普度众生,事件未提,[不详],新造,二教混合（佛道）,无法判定,
473,圣水寺杨文德造像记,唐开元十七年（729 年）,729,四川省绵阳市魏城镇圣水村圣水寺,第 2 龛,1,男 1 人,八身造像（题材不详）,楊文德,洞玄弟子,虔诚弟子,非社邑,庄严修饰、,妆銮彩绘,信息不详,信息不详,信息不详,信息不详,事件未提,[不详],新造,二教混合（佛道）,无法判定,
474,圣水寺王□造像记,唐太和二年（828 年）,828,四川省绵阳市魏城镇圣水村圣水寺,第 5 龛,2,男 2 人,一主尊二胁侍,王…… 等三人,信众,平民合众,非社邑,纪念庆赞、,设斋表赞,信息不详,信息不详,信息不详,信息不详,事件未提,[不详],新造,佛教,无法判定,
475,圣水寺王宗建造像记,唐中和五年（885 年）,885,四川省绵阳市魏城镇圣水村圣水寺,第 7 龛,1,男 1 人,水月观音菩萨,王宗建,弟子,虔诚弟子,非社邑,造像制作、纪念庆赞、,发心造像、设斋表赞,信息不详,信息不详,信息不详,信息不详,事件未提,[不详],新造,佛教,"密教,观音体系",
476,圣水寺王五娘造像记,后蜀广政三年（940 年）,940,四川省绵阳市魏城镇圣水村圣水寺,第 7 龛,1,男,供养像,王五娘,女弟子,虔诚弟子,非社邑,纪念庆赞、,设斋表赞,信息不详,信息不详,信息不详,信息不详,事件未提,[不详],重妆,无法判定,无法判定,
477,北山院马造像记,唐乾符四年（877 年）,877,四川省绵阳市魏城镇北山院,第 2 龛（或 1 号龛）,[不详],[不详],弥勒菩萨,馬……、黄顯□等五人,佛弟子、舍俗僧人,混合群体(僧尼个体、普通百姓),非社邑,造像制作、造像制作、,发心造像、镌刻雕造,信息不详,信息不详,信息不详,信息不详,地方暴力(白刃到孟津，遭兵火),[不详],新造,佛教,弥勒体系,
478,北山院含供养人造像记,唐乾符七年（880 年）,880,四川省绵阳市魏城镇北山院,第 5 龛,[不详],[不详],供养菩萨、供养人,[不详],信众、僧人,混合群体(僧尼个体、普通百姓),非社邑,造像制作、造像制作、,发心造像、镌刻雕造,超度往生,往生净土 (十念往生),超度荐亡,亡亲超荐,事件未提,[不详],新造,无法判定,无法判定,
479,北山院造十王像记,五代到北宋（907-1127 年）,907-1127,四川省绵阳市魏城镇北山院,第 10 龛,1,未知（题记模糊）,十王像、地藏菩萨,[不详],信众,平民合众,非社邑,造像制作、造像制作、,发心造像、镌刻雕造,信息不详,信息不详,信息不详,信息不详,事件未提,[不详],新造,二教混合（佛道）,地藏体系,
480,北山院造菩萨像记,唐中和元年（881 年）,881,四川省绵阳市魏城镇北山院,第 13 龛,[不详],[不详],菩萨,[不详],信众,虔诚弟子,非社邑,纪念庆赞、,设斋表赞,信息不详,信息不详,信息不详,信息不详,地方暴力(遇賊),[不详],新造,佛教,无法判定,
481,卧龙山离晋造像记,唐中和四年（884 年）,884,四川省绵阳市梓潼县卧龙山千佛崖,第 1 龛,1,未知（题记模糊）,一佛二菩萨,離晉□□□,弟子,虔诚弟子,非社邑,庄严修饰、,重装修饰,超度往生,往生净土 (愿亡者),超度荐亡,亡亲超荐,事件未提,[不详],重妆,佛教,无法判定,
482,常静造像记,唐初唐,618-712,[不详],四川省绵阳市梓潼县卧龙山千佛崖第 2 龛,1,男 1 人,释迦牟尼佛变,常靜,比丘,僧尼个体,非社邑,庄严修饰、,妆銮彩绘,超度往生,往生净土 (愿亡者),超度荐亡,亡亲超荐,家庭变故(為亡妣亡敬粧),[不详],重妆,佛教,无法判定,
483,青义镇千佛崖造像记,唐开元年间（713-741 年）,713-741,四川省绵阳市青义镇千佛崖,第 8 龛,[不详],[不详],一主尊二胁侍,[不详],[不详],[不详],非社邑,造像制作、,发心造像,信息不详,信息不详,信息不详,信息不详,事件未提,[不详],新造,佛教,无法判定,
484,青义镇千佛崖第12龛造像记,唐晚唐,836-907,四川省绵阳市青义镇千佛崖第12龛,四川省绵阳市青义镇千佛崖 12 号龛,1,[不详],天尊,[不详],[不详],[不详],非社邑,信息不详、,信息不详,信息不详,信息不详,信息不详,信息不详,事件未提,[不详],新造,道教,无法判定,
485,青义镇千佛崖袁□□造像记,唐广明元年（880 年）,880,四川省绵阳市青义镇千佛崖,第 13 龛,1,男 1 人,救苦觀世音菩薩,袁□□,弟子,虔诚弟子,非社邑,造像制作、,发心造像,现世福报,家庭和睦 (愿合家平安),祈福禳灾,护宅安镇,事件未提,[不详],新造,佛教,观音体系,下元节
486,青义镇千佛崖王法庆造像记,唐广明元年（880 年）,880,四川省绵阳市青义镇千佛崖,第 16 龛,2,男 2 人,觀世音菩薩,王法庆、袁□□,弟子,虔诚弟子,非社邑,造像制作、,发心造像,现世福报,家庭和睦 (为见存),祈福禳灾,家族昌盛,事件未提,[不详],新造,佛教,观音体系,
487,夹江千佛岩五十三佛造像记,不详,不详,四川省乐山市夹江县千佛岩古代摩崖,C 区 049 龛,[不详],[不详],佛像五十三尊,[不详],[不详],[不详],非社邑,信息不详、,信息不详,信息不详,信息不详,信息不详,信息不详,事件未提,[不详],新造,佛教,"净土,药师体系",
488,夹江千佛岩含香炉造像记-1,唐大中十三年（859 年）,859,四川省乐山市夹江县千佛岩古代摩崖,C 区 062 龛,[不详],[不详],三佛二比丘一香炉二卧狮,[不详],[不详],[不详],非社邑,信息不详、,信息不详,信息不详,信息不详,信息不详,信息不详,事件未提,[不详],新造,佛教,无法判定,
489,夹江千佛岩斋户造像记,唐乾符六年（879 年，原标大中二十一年）,879,四川省乐山市夹江县千佛岩古代摩崖,C 区 063 龛,至少1人,男≥1 人,一佛二菩萨二弟子二力士二卧狮,斋户等,斋户,平民合众,非社邑,造像制作、纪念庆赞、,集体共修、庆讫记功,信息不详,信息不详,信息不详,信息不详,事件未提,[不详],新造,佛教,无法判定,
490,夹江千佛岩含香炉造像记-2,唐大历十一年（776 年）,776,四川省乐山市夹江县千佛岩古代摩崖,C 区 078 龛,1,[不详],一佛二菩萨二弟子二力士一香炉二卧狮,[不详],[不详],[不详],非社邑,信息不详、,信息不详,信息不详,信息不详,信息不详,信息不详,事件未提,[不详],新造,佛教,无法判定,
491,夹江千佛岩孙善造像记,中唐,756-835,四川省乐山市夹江县千佛岩古代摩崖,D 区 099 龛,1,男 1 人,一佛二菩萨,孫□善,弟子,虔诚弟子,非社邑,信息不详、,信息不详,现世福报,福寿康宁 (保□□顺),祈福禳灾,护宅安镇,事件未提,[不详],新造,佛教,无法判定,
492,夹江千佛岩三尊佛造像记,唐大中十一年（857 年）,857,四川省乐山市夹江县千佛岩古代摩崖,E 区 115 龛,[不详],[不详],三尊佛、十八尊菩萨、诸多疑似佛菩萨像,[不详],[不详],[不详],非社邑,信息不详、,信息不详,信息不详,信息不详,信息不详,信息不详,事件未提,[不详],新造,佛教,无法判定,
493,夹江千佛岩坐像造像记,不详,不详,四川省乐山市夹江县千佛岩古代摩崖,E 区 133 龛,[不详],[不详],坐像两尊,[不详],[不详],[不详],非社邑,信息不详、,信息不详,信息不详,信息不详,信息不详,信息不详,事件未提,[不详],新造,无法判定,无法判定,
494,夹江千佛岩王起造像记,中唐（清代重装）,756-835,四川省乐山市夹江县千佛岩古代摩崖,E 区 135 龛,至少32人,男 20 人、女 12 人,佛坐像六十六尊、菩萨立像两尊,王起、杜氏、謝永彰等,信士、信女,平民合众,非社邑,庄严修饰、,重装修饰,信息不详,信息不详,修复缮完,修复圣像 (重装),事件未提,[不详],新造 + 重妆,佛教,无法判定,
495,夹江千佛岩含香炉造像记-3,唐开元二十七年（739 年）,739,四川省乐山市夹江县千佛岩古代摩崖,F 区 151 龛,[不详],[不详],一佛坐像二菩萨二比丘一立像一香炉二卧狮,[不详],[不详],[不详],非社邑,信息不详、,信息不详,信息不详,信息不详,信息不详,信息不详,事件未提,[不详],新造,佛教,无法判定,
496,夹江千佛岩校尉造像记,唐开元二十七年（739 年）,739,四川省乐山市夹江县千佛岩古代摩崖,F 区 152 龛,至少4人,男≥4 人,佛立像、比丘立像、菩萨立像,校尉□□□、□都尉等,校尉、都尉,在职官员,非社邑,造像制作、,发心造像,信息不详,信息不详,信息不详,信息不详,事件未提,[不详],新造,佛教,无法判定,
497,夹江千佛岩王荣造像记,不详,不详,四川省乐山市夹江县千佛岩古代摩崖,F 区 153 龛,[不详],未知（题记模糊）,一坐佛二菩萨立像,王荣,[不详],[不详],非社邑,信息不详、,信息不详,信息不详,信息不详,信息不详,信息不详,事件未提,[不详],新造,佛教,无法判定,
498,夹江千佛岩造比丘立像记,不详,不详,四川省乐山市夹江县千佛岩古代摩崖,F 区 154 龛,[不详],未知（题记模糊）,比丘立像、菩萨立像,[不详],[不详],[不详],非社邑,信息不详、,信息不详,信息不详,信息不详,信息不详,信息不详,事件未提,[不详],新造,佛教,无法判定,
499,龙拖湾张仁忠造像记,西凉嘉兴元年（417 年）,417,四川蒲江龙拖湾摩崖石刻造像,4 号龛 4 号碑,2,男 2 人,圆首方碑（无明确造像）,张仁忠、许七忠,信众,虔诚弟子,非社邑,信息不详、,信息不详,信息不详,信息不详,信息不详,信息不详,事件未提,[不详],新造,无法判定,无法判定,
500,龙拖湾造像记,唐代,618-907,四川蒲江龙拖湾土地嘴造像,4 号龛,[不详],[不详],一佛二弟子二菩萨像,[不详],[不详],[不详],非社邑,信息不详、,信息不详,信息不详,信息不详,信息不详,信息不详,事件未提,[不详],新造,佛教,无法判定,
501,龙拖湾含力士造像记,唐天宝年间（742-756 年）,742-756,四川蒲江龙拖湾土地嘴造像,11 号龛,[不详],[不详],一佛二弟子二菩萨二力士,[不详],[不详],[不详],非社邑,信息不详、,信息不详,信息不详,信息不详,信息不详,信息不详,事件未提,[不详],新造,佛教,无法判定,
502,石马庵造像记,不详,不详,四川省成都市蒲江县石马庵造像,1 号龛,1,[不详],小菩萨坐像,[不详],[不详],[不详],非社邑,信息不详、,信息不详,信息不详,信息不详,信息不详,信息不详,事件未提,[不详],新造,佛教,无法判定,
503,石马庵李郁造像记,唐大顺元年（890 年）、大中十一年（857 年）,857、890,四川省成都市蒲江县石马庵造像,2 号龛,3,男 3 人,一佛二弟子二菩萨二力士、周壁六层小佛像,李郁,都勾当人,在职官员,非社邑,造像制作、庄严修饰、,发心造像、重装修饰,现世福报,家庭和睦 (合家平安),修复缮完,修复圣像 (修装画),事件未提,[不详],新造 + 重妆,佛教,无法判定,
504,猫儿洞造像记,唐咸通六年（865 年）,865,四川省成都市蒲江县猫儿洞,1 号龛,[不详],[不详],二菩萨像、环壁五层小佛像,[不详],[不详],[不详],非社邑,纪念庆赞、,庆讫记功,信息不详,信息不详,信息不详,信息不详,事件未提,[不详],新造,佛教,无法判定,
505,看灯山造像记,唐乾符年间（874-879 年）,874-879,四川省成都市蒲江县看灯山造像,16 号龛,[不详],[不详],三尊坐像,[不详],[不详],[不详],非社邑,信息不详、,信息不详,信息不详,信息不详,信息不详,信息不详,事件未提,[不详],新造,无法判定,无法判定,
506,看灯山地藏观音造像记-1,唐代,618-907,四川省成都市蒲江县看灯山造像,17 号龛,[不详],未知（题记模糊）,地藏菩萨像、观音菩萨像,[不详],[不详],[不详],非社邑,信息不详、,信息不详,信息不详,信息不详,信息不详,信息不详,事件未提,[不详],新造,佛教,地藏体系；观音体系,
507,看灯山地藏观音造像记-2,唐代,618-907,四川省成都市蒲江县看灯山造像,17 号龛,1,未知（题记模糊）,地藏菩萨像、观音菩萨像,[不详],[不详],[不详],非社邑,信息不详、,信息不详,信息不详,信息不详,信息不详,信息不详,事件未提,[不详],新造,佛教,地藏体系；观音体系,
508,看灯山何国渐造像记,唐咸通七年（866 年）,866,四川省成都市蒲江县看灯山造像,24 号龛,1,男 1 人,三尊坐像（主尊头残 + 二菩萨）,何国渐,信众,虔诚弟子,非社邑,造像制作、纪念庆赞、,发心造像、庆讫记功,超度往生,亡亲超荐 (为亡僧),超度荐亡,亡亲超荐,家庭变故(为亡僧田恩泰敬造),[不详],新造,佛教,弥勒体系,
509,看灯山周元造像记,唐光化二年（899 年）,899,四川省成都市蒲江县看灯山造像,55 号龛,2,男 1 人、女 1 人,二尊观音像,周元、马五娘,弟子、信众,平民合众,非社邑,造像制作、,发心造像,信息不详,信息不详,信息不详,信息不详,事件未提,[不详],新造,佛教,观音体系,
510,看灯山造千手千眼观音像记,唐乾符三年（876 年）,876,四川省成都市蒲江县看灯山造像,59 号龛,[不详],[不详],千手千眼观音像,[不详],[不详],[不详],非社邑,造像制作、,发心造像,信息不详,信息不详,信息不详,信息不详,事件未提,[不详],新造,佛教,"密教,观音体系",
511,尖山寺张倾造像记,明代嘉定三十六年（重装）,不详,四川省成都市蒲江县尖山寺白云乡桥楼村,6 号龛,9,男 8 人、女 1 人,地藏像,张倾、李氏等,信士、施财功德主,平民合众,非社邑,游观题咏、,游观题名,信息不详,信息不详,修复缮完,修复圣像（重装）,事件未提,[不详],新造 + 重妆,佛教,地藏体系,
512,尖山寺含天龙八部造像记,唐代,618-907,四川省成都市蒲江县尖山寺白云乡桥楼村,9 号龛,[不详],[不详],一佛二弟子二菩萨二力士、后壁天龙八部、左右侧二狮,[不详],[不详],[不详],非社邑,信息不详、,信息不详,信息不详,信息不详,信息不详,信息不详,事件未提,[不详],新造,佛教,无法判定,
513,盐井沟王和伯造像记,宋淳熙十三年（1186 年）,1186,四川省成都市蒲江县盐井沟唐代造像龛,盐井沟造像龛,2,男 2 人,一佛二菩萨像二力士,王和伯、樊贞、姜善等,勾当盐井人、通引官,平民合众(行业结社),非社邑,信息不详、,信息不详,信息不详,信息不详,信息不详,信息不详,事件未提,[不详],新造,佛教,无法判定,
514,盐井沟造像记,唐元和八年（813 年）,813,四川省成都市蒲江县盐井沟唐代造像龛,盐井沟造像龛,[不详],[不详],一佛二菩萨像二力士,[不详],[不详],[不详],非社邑,信息不详、,信息不详,信息不详,信息不详,信息不详,信息不详,事件未提,[不详],新造,佛教,无法判定,
515,石马沟造像记,唐代,618-907,四川省成都市蒲江县石马沟摩崖石刻,1 号龛,[不详],[不详],一坐佛二弟子二力士、二尊供养人像、上方二小坐佛像,[不详],[不详],[不详],非社邑,信息不详、,信息不详,信息不详,信息不详,信息不详,信息不详,事件未提,[不详],新造,佛教,无法判定,
516,石马沟李逸造像记,唐代,618-907,四川省成都市蒲江县石马沟摩崖石刻,3 号龛,5,男 4 人、女 1 人,一佛二弟子二菩萨像、外周壁小千佛、下方二尊供养人,李逸、勾才、陈氏、熊十二等,信众,平民合众,非社邑,造像制作、,发心造像,信息不详,信息不详,信息不详,信息不详,事件未提,[不详],新造,佛教,无法判定,
517,鸡公树山含坐狮菩萨造像记,隋大业十四年（618 年）,618,四川省成都市蒲江县鸡公树山长秋乡新建村,1 号龛,[不详],[不详],下层一佛像 + 左右各三尊像（含一菩萨）、上层一佛像 + 左右各三尊菩萨像（含一坐狮菩萨）,[不详],[不详],[不详],非社邑,信息不详、,信息不详,信息不详,信息不详,信息不详,信息不详,事件未提,[不详],新造,佛教,无法判定,
518,鸡公树山 33 尊小佛像造像记,唐显庆年间（656-661 年）,656-661,四川省成都市蒲江县鸡公树山长秋乡新建村,3 号龛,1,[不详],五排 33 尊小佛像、中部一佛二弟子二菩萨像,[不详],[不详],[不详],非社邑,信息不详、,信息不详,信息不详,信息不详,信息不详,信息不详,事件未提,[不详],新造,佛教,无法判定,
519,鸡公树山十二光佛造像记,唐大中九年（855 年）,855,四川省成都市蒲江县鸡公树山长秋乡新建村,9 号龛,[不详],未知（题记模糊）,十二光佛、二天王像、二力士像,[不详],信众,虔诚弟子,非社邑,造像制作、,发心造像,超度往生,亡亲超荐 (为亡),超度荐亡,亡亲超荐,家庭变故(为亡□造),[不详],新造,佛教,净土,
520,鸡公树山含俗装人像造像记,唐大中五年（851 年）,851,四川省成都市蒲江县鸡公树山长秋乡新建村,15 号龛,[不详],未知（题记模糊）,一佛二弟子二菩萨像二力士、四尊俗装人像、五尊人物立像,[不详],[不详],[不详],非社邑,造像制作、,发心造像,现世福报,福寿康宁 (平安),祈福禳灾,护宅安镇,事件未提,[不详],新造,佛教,无法判定,
521,鹤山镇造像记,唐大历五年（770 年）,770,四川省成都市蒲江县鹤山镇造像,老君洞,[不详],未知（题记模糊）,坐像一尊、立像二尊,[不详],[不详],[不详],非社邑,信息不详、,信息不详,信息不详,信息不详,信息不详,信息不详,事件未提,[不详],新造,道教,无法判定,
522,太清观造像记,宋代,960-1279,四川省成都市蒲江县太清观灵官堂造像,10 号龛,1,未知（题记模糊）,一尊像、一文官、一鬼卒,[不详],[不详],[不详],非社邑,信息不详、,信息不详,信息不详,信息不详,信息不详,信息不详,事件未提,[不详],新造,道教,无法判定,
523,石荀山上人造像记,唐大历三年（768 年）,768,四川省成都市邛崃市大同镇村景沟村石荀山,26 和 28 号龛,2,男 2 人,一菩萨龛、一释迦龛,上人（俗姓孙）,僧人、弟子,僧尼个体,非社邑,造像制作、造像制作、寺院建设、纪念庆赞、,发心造像、镌刻雕造、开窟凿洞、立碑题铭,信息不详,信息不详,祈福禳灾,护国兴邦、普度众生,事件未提,[不详],新造,佛教,无法判定,
524,花置寺僧采造像记,唐贞元十四年（798 年）（宋元祐二年重刊）,798、1087,四川省成都市邛崃市临邛镇花石山花置寺,6 号龛,1,男,无量诸佛石龛像、一佛二弟子二菩萨二力士,僧采、道应、元戍方伯等,上京章敬寺僧人、临坛大德沙门、官员,混合群体(在职官员、僧尼个体),非社邑,造像制作、寺院建设、造像制作、纪念庆赞、,发心造像、建寺创殿、镌刻雕造、立碑题铭,国邦安宁,国运太平,护国兴邦,护国安邦 报恩酬德,事件未提,[不详],新造,佛教,无法判定,
525,盘陀寺利安造像记,唐元和十五年（820 年）,820,四川省成都市邛崃市临邛镇盘陀村花果山盘陀寺,1 号龛,至少47人,男 40 人、女 7 人,一主尊二菩萨四伎乐、一普贤菩萨相关像、一文殊菩萨相关像,利安法师、辛士甫、杜洽等,法师、居士、信众,混合群体(僧尼个体、普通百姓),社邑,造像制作、造像制作、纪念庆赞、,发心造像、镌刻雕造、庆讫记功,信息不详,信息不详,信息不详,信息不详 修证悟道,事件未提,[不详],新造,佛教,无法判定,
526,广元文管所惠楞造像记,北魏延昌三年（514 年）,514,四川省广元市（现藏广元市文管所）,[不详],2,男 2 人,释迦文佛石像,惠楞、僧政,比丘,僧尼个体,非社邑,造像制作、造像制作、,发心造像、镌刻雕造,超度往生,龙华三会 (龙华三会),超度荐亡,忘亲超荐、普度众生,家庭变故(为亡者、现在眷属造像),[不详],新造,佛教,无法判定,
527,平阳府君阙造像记,梁中大通元年（527 年）,527,四川省绵阳市仙人桥平阳府君阙,[不详],1,未知（题记模糊）,观世音菩萨,[不详],佛弟子,虔诚弟子,非社邑,造像制作、,发心造像,信息不详,信息不详,信息不详,信息不详,事件未提,[不详],新造,佛教,观音体系,
528,万佛寺侯朗造像记,梁大同三年（537 年）,537,四川省成都市万佛寺,[不详],1,男 1 人,佛像,侯朗,佛弟子,虔诚弟子,非社邑,造像制作、,发心造像,信息不详,信息不详,信息不详,信息不详,事件未提,[不详],新造,佛教,无法判定,
529,吴氏泰造像记,梁中大同元年（546 年）,546,四川省成都市（具体地点不详）,[不详],5,男 5 人,光明佛,吴氏泰、王善、马中、尹大、田甲,邑子,平民合众(社邑组织),社邑,造像制作、造像制作、,发心造像、镌刻雕造,信息不详,信息不详,信息不详,信息不详,事件未提,[不详],新造,佛教,净土,
530,新繁三会院丁文乱造像记,梁天正元年（551 年）,551,四川省成都市新都区新繁三会院,[不详],1,男 1 人、女 1 人,释迦双身六刑石像,丁文乱,佛弟子,虔诚弟子,非社邑,造像制作、造像制作、,发心造像、镌刻雕造,超度往生,往生净土 (常获西方净土),超度荐亡,亡亲超荐 祈福禳灾,家庭变故(为亡妻苏氏造像),[不详],新造,佛教,净土,
531,大佛岩强伯乐造像记,北周元年（557 年）,557,四川省成都市龙泉驿区山泉乡大佛岩摩崖造像,[不详],1,男 1 人,佛道二尊像,强伯乐,车骑大将军、仪同三司等,封爵贵族,非社邑,造像制作、造像制作、纪念庆赞、,发心造像、镌刻雕造、立碑题铭,信息不详,信息不详,信息不详,信息不详,[不详],[不详],新造,二教混合（佛道）,无法判定,
532,大佛岩何周造像记,北周元年（557 年）,557,四川省成都市龙泉驿区山泉乡大佛岩摩崖造像,第 38 号龛,1,男 1 人,释迦像,何周,弟子,虔诚弟子,非社邑,造像制作、,发心造像,超度往生,普度众生 (愿一切法界众生早得作佛),超度荐亡,普度众生,[不详],[不详],新造,佛教,无法判定,
533,大佛岩造像记,北周元年（557 年）,557,四川省成都市龙泉驿区山泉乡大佛岩摩崖造像,[不详],[不详],[不详],坐像,[不详],[不详],[不详],非社邑,造像制作、,发心造像,超度往生,普度众生 (为法界众生),超度荐亡,普度众生,[不详],[不详],新造,佛教,无法判定,
534,广元文管所田文约造像记,北周（557-581 年）,557-581,四川省广元市（现藏广元市文管所）,[不详],至少30人,男≥30 人,造像碑（一佛二菩萨）,田文约、尉迟通、刘约等,大都督、郡守、县令等,在职官员,非社邑,造像制作、,发心造像,信息不详,信息不详,信息不详,信息不详,[不详],[不详],新造,佛教,无法判定,
535,定明山造像记,隋开皇十一年（591 年）,591,重庆市潼南县定明山大佛寺,[不详],1,[不详],天尊,[不详],[不详],[不详],非社邑,造像制作、,发心造像,信息不详,信息不详,信息不详,信息不详,[不详],[不详],新造,道教,无法判定,
536,定明山杨佛造像记,隋大业六年（610 年）,610,重庆市潼南县定明山大佛寺,[不详],1,男 1 人,天尊,杨佛𬤮,弟子,虔诚弟子,非社邑,造像制作、,发心造像,信息不详,信息不详,信息不详,信息不详,[不详],[不详],新造,道教,无法判定,
537,西山观文讬造像记,隋大业十年（614 年）,614,四川省绵阳市西山观,[不详],1,女 1 人,天尊像,文讬,女弟子,虔诚弟子,非社邑,造像制作、,发心造像,现世福报,福寿康宁 (愿生长寿),祈福禳灾,护子求嗣、家族昌盛,家庭变故(为儿生造像祈福),[不详],新造,道教,无法判定,
538,西山观文造像记,唐武德二年（619 年）,619,四川省绵阳市西山观,[不详],1,男 1 人,天尊像,文□□,三洞弟子,虔诚弟子,非社邑,造像制作、,发心造像,信息不详,信息不详,信息不详,信息不详,[不详],[不详],新造,道教,无法判定,
539,较场坝杨和鸾造像记,唐贞观四年（630 年）,630,四川省茂县较场坝点将台北壁,[不详],1,男 1 人,释迦牟尼像,杨和鸾,翼水县丞、骑都尉,在职官员,非社邑,造像制作、,发心造像,超度往生,普度众生 (为法界众生),超度荐亡,普度众生,[不详],[不详],新造,佛教,无法判定,
540,较场坝李玄嗣造像记,唐贞观四年（630 年）,630,四川省茂县较场坝点将台北壁,[不详],15,男 15 人,释迦像、弥勒像,李玄嗣、张仲侃、常诠胄等,刺史、治中、参军、县令等,在职官员,非社邑,造像制作、造像制作、,发心造像、镌刻雕造,超度往生,普度众生 (愿法界众生咸同斯福),超度荐亡,普度众生,[不详],[不详],新造,佛教,弥勒体系,另有版本
541,西山观文绍胤造像记,唐贞观八年（634 年）,634,四川省绵阳市西山观,[不详],2,男 1 人、女 1 人,天尊像,文绍胤、文绍胤之妻,信众,平民合众(家庭合署),非社邑,造像制作、,发心造像,超度往生,亡亲超荐 (为存亡二世),超度荐亡,亡亲超荐 祈福禳灾,家庭变故(为存亡二世造像),[不详],新造,道教,无法判定,浴佛节
542,开元寺造像记,唐贞观二十年（642 年）,642,四川省绵阳市开元寺,[不详],1,[不详],释迦多宝说法龛,[不详],[不详],[不详],非社邑,信息不详、,信息不详,信息不详,信息不详,信息不详,信息不详,[不详],[不详],新造,佛教,无法判定,
543,佛祖岩辨法迁造像记,唐贞观二十二年（648 年）,648,四川省绵阳市佛祖岩,[不详],1,男 1 人,天尊像,辨法迁,洞玄弟子,虔诚弟子,非社邑,造像制作、,发心造像,现世福报,子嗣昌盛 (为儿),祈福禳灾,护子求嗣,家庭变故(为儿造像祈福),[不详],新造,道教,无法判定,
544,尖山子大匠造像记,唐永徽年间（650-655 年）,650-655,重庆市大足尖山子摩崖造像,7 号龛,[不详],[不详],弥勒说法龛,大匠□□,匠人,商贾匠人,非社邑,造像制作、,发心造像,信息不详,信息不详,信息不详,信息不详,[不详],[不详],新造,佛教,弥勒体系,
545,通江千佛崖造阿弥陀佛变相龛像记,唐龙朔三年（663 年）,663,四川省通江县千佛崖摩崖造像,6 号龛,[不详],[不详],阿弥陀佛变相龛,[不详],[不详],[不详],非社邑,造像制作、,造塔建幢,信息不详,信息不详,信息不详,信息不详,[不详],[不详],新造,佛教,净土,
546,通江千佛崖造观音像记,唐麟德二年（665 年）,665,四川省通江县千佛崖摩崖造像,6 号龛,[不详],[不详],观音菩萨,[不详],[不详],[不详],非社邑,信息不详、,信息不详,信息不详,信息不详,信息不详,信息不详,[不详],[不详],新造,佛教,观音体系,
547,通江千佛崖马明府造像记,唐乾封元年（666 年）,666,四川省通江县千佛崖摩崖造像,2 号龛,1,男,[不详],马明府,广纳县县令,在职官员,非社邑,造像制作、,发心造像,信息不详,信息不详,祈福禳灾,家族昌盛,家庭变故(为夫人□氏造像),[不详],新造,无法判定,无法判定,浴佛节
548,西山观造天尊像记,唐乾封三年（668 年）,668,四川省绵阳市西山观,[不详],2,男1 人、女1 人,天尊像,[不详],弟子、女信众,平民合众,非社邑,供养施舍、,设斋供养,信息不详,信息不详,信息不详,信息不详,[不详],[不详],新造,道教,无法判定,
549,西山观邓阿妲造像记,唐咸亨元年（670 年）,670,四川省绵阳西山观道教摩崖造像,第 14、15 号龛之间,1,女 1 人,天尊像,邓阿妲,女弟子,虔诚弟子,非社邑,造像制作、,发心造像,信息不详,信息不详,祈福禳灾,家族昌盛,家庭变故(为自身及男女妻母造像),[不详],新造,道教,无法判定,
550,西山观邓何氏造像记,唐咸亨元年（670 年）,670,四川省绵阳西山观道教摩崖造像,第 16、17 号龛之间,2,男 1 人、女 1 人,天尊像,何（残泐）、邓何氏,信众,平民合众(家庭合署),非社邑,造像制作、,发心造像,信息不详,信息不详,信息不详,信息不详,家庭变故(及妻母邓何氏造像),[不详],新造,道教,无法判定,
551,飞仙阁王造像记,唐永昌三年（689 年）,689,四川省蒲江飞仙阁摩崖造像,第 60 号龛,1,未知（题记模糊）,弥勒佛,王□□,[不详],虔诚弟子,非社邑,造像制作、,发心造像,信息不详,信息不详,信息不详,信息不详,[不详],[不详],新造,佛教,弥勒体系,
552,千佛崖王行淹造释迦牟尼像记,周万岁通天元年（696 年）,696,四川省广元千佛崖摩崖造像,第 13 号莲花洞,1,男 1 人,释迦牟尼佛一铺、救苦观音一躯,王行淹,仁议大夫、利州长史、上柱国,在职官员,非社邑,造像制作、,发心造像,超度往生,亡亲超荐 (愿使□代),信息不详,信息不详,[不详],[不详],新造,佛教,观音体系,
553,千佛崖王行淹造观音像记,周万岁通天元年（696 年）,696,四川省广元千佛崖摩崖造像,第 13 号莲花洞,1,男,救苦观音,王行淹,仁议大夫、利州长史、上柱国,在职官员,非社邑,造像制作、,发心造像,信息不详,信息不详,信息不详,信息不详,[不详],[不详],新造,佛教,观音体系,
554,夹江千佛崖造像记,唐先天元年（712 年）,712,四川省夹江千佛崖摩崖造像,第 153 号龛,1,[不详],阿弥陀佛、观音、地藏菩萨,[不详],[不详],[不详],非社邑,信息不详、,信息不详,信息不详,信息不详,信息不详,信息不详,[不详],[不详],新造,佛教,"净土,观音体系；地藏体系",
555,太蓬山安禄山造像记,唐先天二年（713 年）,713,四川省营山县太蓬山摩崖造像,第 28 号龛,1,男 1 人,弥勒像龛,安禄山（疑似冒名）,弟子,虔诚弟子,非社邑,造像制作、,发心造像,超度往生,亡亲超荐 (上为帝王人王、七代父母),超度荐亡,亡亲超荐 祈福禳灾,[不详],[不详],新造,佛教,弥勒体系,
556,通江千佛崖王徇造像记,唐开元七年（719 年）,719,四川省通江县千佛崖,第 35 号龛,1,男 1 人,一佛二弟子二菩萨二天王二力士,王徇,弟子,虔诚弟子,非社邑,造像制作、造像制作、,发心造像、镌刻雕造,超度往生,普度众生 (愿一切众生),超度荐亡,普度众生,[不详],[不详],新造,佛教,净土,
557,青城山杨悟玄造像记,唐开元十一年（723 年）,723,四川省都江堰市青城山天师洞,[不详],1,男 1 人,三皇像,杨悟玄,道士,虔诚弟子,非社邑,造像制作、,发心造像,国邦安宁,国运太平,护国兴邦,护国安邦,[不详],[不详],新造,道教,无法判定,
558,卧佛院杨义造像记,唐开元十一年（723 年）,723,四川省安岳卧佛院,第 50 号龛,1,男 1 人,千佛,杨义,弟子,虔诚弟子,非社邑,造像制作、,发心造像,现世福报,福寿康宁 (为自身平安),祈福禳灾,护宅安镇,[不详],[不详],新造,佛教,无法判定,
559,杨文德造像记,唐开元十七年（729 年）,729,四川省,[不详],1,男 1 人,[不详],杨文德,弟子,虔诚弟子,非社邑,信息不详、,信息不详,信息不详,信息不详,信息不详,信息不详,[不详],[不详],新造,无法判定,无法判定,
560,千佛崖屈突季将造像记,唐开元十八年（730 年）,730,四川省广元千佛崖,[不详],1,男 1 人,弥勒像,屈突季将,朝议大夫、利州刺史,在职官员,非社邑,造像制作、,发心造像,超度往生,亡亲超荐 (当□□生泡□),超度荐亡,亡亲超荐 修证悟道,[不详],[不详],新造,佛教,弥勒体系,
561,千佛寨黎令宾造像记,唐开元二十年（732 年）,732,四川省安岳千佛寨,第 38 号龛,4,男 4 人,东面三世诸佛、西面救苦观世音菩萨,黎令宾、虔格、虔远,骑都尉、县令、助教,在职官员,非社邑,造像制作、造像制作、,发心造像、镌刻雕造,超度往生,亡亲超荐 (为亡父母),超度荐亡,亡亲超荐,家庭变故(为亡父母及亡□造像),[不详],新造,佛教,观音体系,
562,圆觉洞黎令宾造像记,唐开元二十年（732 年）,732,四川省安岳圆觉洞,第 96 号龛,2,男 2 人,[不详],黎令宾,普州仓督、安岳县录事、骑尉勋官五品,在职官员,非社邑,造像制作、,发心造像,信息不详,信息不详,信息不详,信息不详,[不详],[不详],新造,无法判定,无法判定,
563,卧佛院李沙造像记,唐开元二十三年（735 年）,735,四川省安岳县卧佛院,59 号窟,2,男 1 人、女 1 人,佛像,李沙、清信女满,信众,平民合众,非社邑,造像制作、,发心造像,信息不详,信息不详,信息不详,信息不详,[不详],[不详],新造,佛教,无法判定,
564,南江崔无诐造像记,唐开元二十五年（737 年）,737,四川省南江县,[不详],1,男 1 人,佛像,崔无诐,中大夫、集州刺史、上柱国,在职官员,非社邑,造像制作、造像制作、纪念庆赞、,发心造像、镌刻雕造、立碑题铭,信息不详,信息不详,弘法传教,弘传佛法,[不详],[不详],新造,佛教,无法判定,
565,鲁班石造像记,唐天宝元年（742 年）,742,四川省通江县鲁班石摩崖造像,7 号龛,1,[不详],一佛二弟子二菩萨二力士,[不详],[不详],[不详],非社邑,信息不详、,信息不详,信息不详,信息不详,信息不详,信息不详,[不详],[不详],新造,佛教,无法判定,
566,千佛崖韦凛造像记,唐天宝元年（742 年）,742,四川省广元千佛崖,[不详],1,男 1 人,释迦像、菩萨像,韦凛,登义郎、简州金水县令,在职官员,非社邑,造像制作、,发心造像,信息不详,信息不详,信息不详,信息不详,[不详],[不详],新造,佛教,无法判定,
567,千佛崖行利州参军造像记,唐天宝元年（742 年）,742,四川省广元千佛崖第 2 号多宝窟,北壁前上部 1 龛右、南壁中上部 1 龛,1,男 1 人,救苦观世音菩萨,行利州参军,参军,在职官员,非社邑,造像制作、,发心造像,信息不详,信息不详,祈福禳灾,家族昌盛,[不详],[不详],新造,佛教,观音体系,
568,千佛寨申造像记,唐天宝四载（745 年）,745,四川省安岳县千佛寨,第 24 号窟,1,女 1 人,药师琉璃光佛,申□□,清信女弟子,虔诚弟子,非社邑,造像制作、,发心造像,信息不详,信息不详,祈福禳灾,祛病安康,[不详],[不详],新造 + 重妆,佛教,药师体系,
569,玄妙观左识相造像记,唐天宝七载（748 年）,748,四川省安岳县玄妙观,第 6 号龛,1,男,救苦天尊、天真、飞天神王、古五娘真像,左识相、李玄则等,弟子、法师,普通百姓群体,非社邑,造像制作、造像制作、纪念庆赞、,发心造像、镌刻雕造、立碑题铭,超度往生,亡亲超荐 (为慈母),超度荐亡,亡亲超荐 祈福禳灾,[不详],[不详],新造,道教,无法判定,
570,南江杜昆吾造像记,唐天宝七载（748 年）,748,四川省南江县,[不详],2,男 2人,佛像,杜昆吾,后魏黄门侍郎五代孙、皇朝大仆卿之子、郡司马,封爵贵族,非社邑,造像制作、造像制作、纪念庆赞、,发心造像、镌刻雕造、立碑题铭,信息不详,信息不详,弘法传教,弘传佛法,[不详],[不详],新造,佛教,无法判定,
571,飞仙阁扈灵寂造像记,唐天宝九载（750 年）,750,四川蒲江飞仙阁,第 44 号龛,2,男 2 人,天尊一铺,扈灵寂,五道、弟子,虔诚弟子,非社邑,造像制作、,发心造像,信息不详,信息不详,信息不详,信息不详,家庭变故(为亡师贾光宗造像),[不详],新造,道教,无法判定,
572,龙多山蒲正观造像记,唐天宝十载（751 年）,751,重庆市合川区龙多山西崖,第 5 号龛,1,男 1 人,佛像,蒲正观,居士,虔诚弟子,非社邑,造像制作、造像制作、,发心造像、镌刻雕造,信息不详,信息不详,信息不详,信息不详,[不详],[不详],新造,佛教,无法判定,
573,龙洞河王惟什造像记,唐天宝十载（751 年）,751,四川省资中县龙洞河摩崖造像,第 1 号龛,至少8人,男≥8 人,三世佛,王惟什、李如跃、江元礼等,录事、县令、主簿、丞、尉,在职官员,非社邑,造像制作、造像制作、造像制作、,发心造像、镌刻雕造、集体共修,超度往生,普度众生 (法界苍生),超度荐亡,普度众生,[不详],[不详],新造,佛教,无法判定,
574,刘嘴比丘僧造像记,唐天宝十二载（753 年）,753,四川省眉山市丹棱县中隆乡刘嘴摩崖造像,第 8 号龛,至少5人,男≥5 人,一佛二弟子二菩萨二力士、天龙八部像,比丘僧、监录、首望、典正等,比丘、乡绅,混合群体(僧尼个体、普通百姓),非社邑,造像制作、造像制作、,发心造像、镌刻雕造,信息不详,信息不详,信息不详,信息不详,家庭变故(为七世兄亡造像),[不详],新造,佛教,无法判定,
575,郑山王文殊造像记,唐天宝十三载（754 年）,754,四川省眉山市丹棱县郑山,第 48 号龛（或 51 号龛）,至少20人,男≥20 人,释迦佛、天龙八部像,王文殊、罗□□、文龙戴等,社师主、院主、上座、录事等,平民合众(社邑组织),社邑,造像制作、造像制作、造像制作、,发心造像、镌刻雕造、集体共修,超度往生,普度众生 (法界苍生),超度荐亡,普度众生,[不详],[不详],新造,佛教,无法判定,
576,达州造像记,唐至德元年（756 年，原标天宝十五载）,756,四川达州,[不详],2,男 2 人,佛像,[不详],[不详],[不详],非社邑,造像制作、造像制作、纪念庆赞、,发心造像、镌刻雕造、立碑题铭,信息不详,信息不详,信息不详,信息不详,[不详],[不详],新造,佛教,无法判定,
577,白良罐陈珍宝造像记,唐至德元年（756 年）,756,重庆仁寿白良罐摩崖造像,第 2 号龛,1,男≥2 人、女 1 人,佛像,陈珍宝母子昆季等,佩法男弟子、信众,平民合众(家庭合署),非社邑,造像制作、,发心造像,信息不详,信息不详,信息不详,信息不详,[不详],[不详],新造,佛教,无法判定,
578,石笋山造像记,唐大历二年（767 年）,767,四川省邛崃石笋山摩崖造像,第 32 号龛,1,[不详],菩提释迦二像,[不详],[不详],[不详],非社邑,造像制作、,发心造像,信息不详,信息不详,信息不详,信息不详,[不详],[不详],新造,佛教,无法判定,
579,大佛岩羊贵造像记,唐大历五年（770 年）,770,四川省成都市龙泉驿区山泉乡大佛岩,第 37 号龛,1,男 1 人,阿弥陀佛一铺,羊贵,河南府开国男、守左骁卫大将军、兼少府监、赐金鱼袋,封爵贵族,非社邑,造像制作、造像制作、,发心造像、镌刻雕造,信息不详,信息不详,信息不详,信息不详,[不详],[不详],新造,佛教,净土,
580,大佛岩叱干公造像记,唐大历六年（771 年）,771,四川省成都市龙泉驿区大佛岩摩崖造像,第 25 号,1,男,弥勒佛像,叱干公、智顺、雍慈敏等,资州刺史、沙门、镌字人、都料匠,混合群体(在职官员、僧尼个体),非社邑,造像制作、,发心造像,国邦安宁,国运太平,护国兴邦,护国安邦,[不详],[不详],新造,佛教,弥勒体系,
581,法雨寺昭玄造像记,唐大历十二年（777 年）,777,四川资阳法雨寺北崖,[不详],至少45人,男 39 人、女 6 人,释迦佛,昭玄、法演、李二娘等,上座僧、寺主、录事、信众,混合群体(僧尼个体、普通百姓),社邑,造像制作、纪念庆赞、,发心造像、庆讫记功,信息不详,信息不详,信息不详,信息不详,[不详],[不详],新造,佛教,无法判定,
582,法雨寺左嵒造像记,唐建中元年（780 年）,780,四川资阳法雨寺,[不详],2,男 2 人,释迦牟尼佛龛,左嵒,居士,虔诚弟子,非社邑,造像制作、造像制作、,发心造像、镌刻雕造,信息不详,信息不详,信息不详,信息不详,[不详],[不详],新造,佛教,无法判定,
583,新开寺黄才光造像记,唐贞元元年（785 年）,785,四川省遂宁市蓬溪县三凤镇新开寺摩崖造像,第 4 号龛,3,男 2 人、女 1 人,佛像,黄才光、李波若,菩萨戒行女、善夫,平民合众(家庭合署),非社邑,庄严修饰、供养施舍、,妆銮彩绘、施财舍物,现世福报,消灾免难 (愿百病除),祈福禳灾,祛病安康,[不详],[不详],重妆,佛教,无法判定,
584,菩提寺造像记,唐贞元元年（785 年）,785,四川省安岳县驯龙乡菩提寺,[不详],[不详],[不详],佛像,[不详],弟子,虔诚弟子,非社邑,造像制作、,发心造像,现世福报,福寿康宁 (三生平安),祈福禳灾,护宅安镇,[不详],[不详],新造,佛教,无法判定,
585,望峨台造像记,唐贞元六年（790 年）,790,四川省眉山市仁寿望峨台崖寨后面造像龛,[不详],1,男 1 人,佛像,[不详],寺主,僧尼个体,非社邑,信息不详、,信息不详,信息不详,信息不详,信息不详,信息不详,[不详],[不详],新造,佛教,无法判定,
586,段文昌造像记,唐元和二年（807 年）,807,四川广元千佛崖（未编号）,[不详],4,男 3 人、女 1 人,菩萨二身,段文昌、斯立、思齐、真如海,前秘书省校书郎、弟子,混合群体(在职官员、普通百姓),非社邑,造像制作、,复新重修,现世福报,福寿康宁 (愿平安),祈福禳灾,护宅安镇,[不详],[不详],新造,佛教,无法判定,
587,左弼造像记,唐元和二年（807 年）,807,四川广元千佛崖（段文昌题记下方）,[不详],1,男 1 人,[不详],左弼,弟子,虔诚弟子,非社邑,造像制作、,发心造像,信息不详,信息不详,信息不详,信息不详,[不详],[不详],新造,无法判定,无法判定,
588,濮岩寺刘温造像记,唐长庆三年（823 年）,823,重庆市合川市濮岩寺摩崖造像,[不详],1,男 1 人,卢舍那佛、菩萨,刘温,银青光禄大夫、合州刺史、兼御史中丞,封爵贵族,非社邑,造像制作、,发心造像,信息不详,信息不详,信息不详,信息不详,[不详],[不详],新造,佛教,华严,另有版本
589,重龙山道立造像记,唐长庆年间（821-824 年）,821-824,四川省资中重龙山摩崖造像,第 29 号龛,2,男 1 人、女 1 人,药师佛、观音、地藏菩萨,道立、王氏,信众,平民合众(家庭合署),非社邑,造像制作、,发心造像,现世福报,福寿康宁 (希自身女徒□□□福佑),祈福禳灾,祛病安康,[不详],[不详],新造,佛教,药师体系；地藏体系；观音体系,
590,高升乡千佛崖王玄建造像记,唐大和二年（828 年）,828,四川省安岳县高升乡千佛崖摩崖造像（未编号）,[不详],2,未知（题记模糊）,释迦牟尼佛龛、金刚一身,王玄建、释子林道、僧行审等,镌字人、沙门、僧人,混合群体(僧尼个体、商贾匠人),非社邑,造像制作、,镌刻雕造,信息不详,信息不详,信息不详,信息不详,[不详],[不详],新造 + 重妆,佛教,无法判定,
591,清溪张造像记,唐大和三年（829 年）,829,四川省内江市高粱镇清溪摩崖造像,第 15 号龛,2,男 1 人、女 1 人,救苦观音菩萨,张□□、杨氏,弟子、妾,平民合众(家庭合署),非社邑,造像制作、纪念庆赞、,发心造像、设斋表赞,现世福报,消灾免难 (先遭患),祈福禳灾,祛病安康,家庭变故(为妾杨氏祛患造像),[不详],新造,佛教,观音体系,
592,绵阳驿使介室造像记,唐开成元年（836 年）,836,四川省绵阳市,[不详],2,男 2 人,佛像,驿使介室、丁有,驿使、内侍内仆令,在职官员,非社邑,造像制作、造像制作、,发心造像、镌刻雕造,修证悟道,往生净土 (伏愿弥勒下生会中),修证悟道,发心修行,[不详],[不详],新造,佛教,弥勒体系,
593,高升乡千佛崖造观音像记,唐开成二年（837 年）,837,四川省安岳县高升乡千佛崖,[不详],[不详],[不详],观音菩萨像,[不详],[不详],[不详],非社邑,造像制作、,发心造像,信息不详,信息不详,信息不详,信息不详,[不详],[不详],新造,佛教,观音体系,
594,药师岩行如造像记,唐开成二年（837 年）,837,四川省成都市大邑药师岩石窟,药师佛龛,1,男,释迦佛像,行如、二百余家信众,苾刍、信众,混合群体(僧尼个体、普通百姓),非社邑,造像制作、造像制作、纪念庆赞、,发心造像、镌刻雕造、立碑题铭,信息不详,信息不详,信息不详,信息不详,[不详],[不详],新造,佛教,无法判定,
595,北崖魏恩造像记,唐开成四年（839 年）,839,四川省资中县北崖,[不详],1,男 1 人,佛像,魏恩,弟子,虔诚弟子,非社邑,造像制作、,发心造像,超度往生,往生净土 (为亡考妣),超度荐亡,亡亲超荐,家庭变故(为亡考妣造像),[不详],新造,佛教,无法判定,
596,罗汉洞李栖辰造像记,唐大中元年（847年）,847,四川省荣县罗汉洞,2、3号龛之间,1,男,弥勒佛,李栖辰,[不详],[不详],非社邑,信息不详、,信息不详,信息不详,信息不详,信息不详,信息不详,[不详],[不详],新造,佛教,弥勒体系,
597,重龙山寂方简造像记,唐大中八年（854 年）,854,四川省资中重龙山,第 90 号龛,1,[不详],地藏菩萨,寂方简、王氏女十三娘,弟子、女弟子,平民合众(家庭合署),非社邑,造像制作、,发心造像,现世福报,家庭和睦 (合家平安),祈福禳灾,家族昌盛,[不详],[不详],新造,佛教,地藏体系,
598,重龙山罗元靖造像记,唐大中十二年（858 年）,858,四川省资中重龙山,第 100 号龛,2,男 1 人、女 1 人,药师琉璃光佛、药王菩萨、药上菩萨,罗元靖,弟子,虔诚弟子,非社邑,造像制作、纪念庆赞、,发心造像、庆讫记功,现世福报,消灾免难 (恶节患疾除退),祈福禳灾,祛病安康、家族昌盛,[不详],[不详],新造,佛教,药师体系,
599,新开寺黎讯造像记,唐咸通元年（860 年）,860,四川省遂宁市蓬溪县三凤镇新开寺摩崖造像,第 1 号龛,1,男 1 人,大悲观音菩萨,黎讯、阿雍斋娘、世二娘等,弟子、信众,平民合众,非社邑,造像制作、纪念庆赞、,发心造像、庆讫记功,信息不详,信息不详,信息不详,信息不详,[不详],[不详],新造,佛教,观音体系,
600,重龙山萧远造像记,唐咸通五年（864 年）,864,四川省资中重龙山,第 54 号龛,9,男 6 人、女 3 人,地藏像,萧远、李开,司仓参军、录事参军,在职官员,非社邑,信息不详、,信息不详,信息不详,信息不详,信息不详,信息不详,[不详],[不详],新造,佛教,地藏体系,
601,重龙山冯元庆造像记,唐咸通六年（865 年）,865,四川省资中重龙山,第 49 号龛,至少3人,男≥3 人,北方天王,冯元庆,当州都虞,在职官员,非社邑,造像制作、纪念庆赞、,发心造像、庆讫记功,现世福报,家庭和睦 (合家大小平安),祈福禳灾,护宅安镇,[不详],[不详],新造,佛教,密教,
602,龙多山薛敬远造像记,唐咸通六年（865 年）,865,重庆市合川区龙多山南崖,第 9 号龛,1,男 1 人,弥勒佛,薛敬远,将仕郎、赤水县主簿、试太常寺奉礼郎,在职官员,非社邑,造像制作、纪念庆赞、,发心造像、庆讫记功,现世福报,福寿康宁 (愿□□平安),祈福禳灾,护宅安镇,[不详],[不详],新造,佛教,弥勒体系,
603,西山观孙灵造像记,唐咸通七年（866 年）,866,四川省绵阳市西山观,[不详],2,男 1 人、女 1 人,天尊像,孙灵、李大岑、张大仙等,道士、邑人、上座、录事,平民合众(社邑组织),社邑,造像制作、纪念庆赞、,集体共修、设斋表赞,信息不详,信息不详,信息不详,信息不详,[不详],[不详],新造,道教,无法判定,
604,西山观孙灵讽造像记,唐咸通十二年（871 年）,871,四川省绵阳西山观子云亭道教造像,第 1 号龛,至少45人,男≥45 人,天尊、老君,孙灵讽、景好古、孙灵国等,三洞真一道士、洞玄道士、社务书人,平民合众(社邑组织),社邑,造像制作、纪念庆赞、,集体共修、设斋表赞,现世福报,家庭和睦 (合家平安),祈福禳灾,护宅安镇,[不详],[不详],新造,道教,无法判定,
605,重龙山邓喑造像记,唐咸通十四年（872 年）,872,四川省资中重龙山,第 43 号龛,至少4人,男≥4 人,救苦观世音菩萨、九天尊,邓喑,摄资州录事参军,在职官员,非社邑,造像制作、纪念庆赞、纪念庆赞、,发心造像、设斋表赞、立碑题铭,现世福报,解冤释结 (翻遭猾吏加诬，祈阴骘，俾复本官),祈福禳灾,解冤释结,[不详],[不详],新造,二教混合（佛道）,无法判定,
606,重龙山造阿弥陀佛像记,唐咸通十四年（873 年）,873,四川省资中重龙山,第 8 号龛,1,男 1 人,阿弥陀佛、观音菩萨,[不详],弟子,虔诚弟子,非社邑,造像制作、纪念庆赞、,发心造像、庆讫记功,信息不详,信息不详,信息不详,信息不详,家庭变故(为亡兄造像),[不详],新造,佛教,"净土,观音体系",
607,古佛寺造像记,唐咸通十四年（873 年）,873,四川省资阳市丹山镇古佛寺（未编号）,[不详],[不详],[不详],菩萨像,[不详],[不详],[不详],非社邑,信息不详、,信息不详,信息不详,信息不详,信息不详,信息不详,[不详],[不详],新造,佛教,无法判定,
608,三磊寺任公胜造像记,唐乾符元年（874 年，原标咸通十五年）,874,四川省安岳县龙台镇三磊寺,[不详],1,[不详],西方净土变龛,任公胜、任公选等众社户,社首、院主、社户,平民合众(社邑组织),社邑,造像制作、造像制作、,集体共修、发心造像,超度往生,往生净土 (西方龛),超度荐亡,亡亲超荐,[不详],[不详],新造,佛教,净土,
609,牛仙寺李开奇造像记,唐乾符元年（874 年，原标咸通十五年）,874,四川省夹江县吴场镇白龙寺附近牛仙寺摩崖造像,第 220 号龛,至少3人,男≥3 人,西方净土变龛,李开奇,弟子,虔诚弟子,社邑,造像制作、造像制作、,组织营建、镌刻雕造,信息不详,信息不详,信息不详,信息不详,[不详],[不详],新造,佛教,净土,
610,重龙山赵造像记,唐乾符二年（875 年）,875,四川省资中重龙山,第 40 号龛,1,男≥1 人,大悲龛,赵□,宣节校尉、行东川荣州□□将,在职官员,非社邑,造像制作、纪念庆赞、,发心造像、设斋表赞,现世福报,家庭和睦 (愿合宅平安),祈福禳灾,护宅安镇,[不详],[不详],新造,佛教,观音体系,
611,北山院圆照造像记,唐乾符六年（879 年）,879,四川省绵阳北山院,第 6 龛,1,男 1 人,西方阿弥陀佛像,圆照,僧人,僧尼个体,非社邑,造像制作、造像制作、纪念庆赞、,发心造像、镌刻雕造、立碑题铭,超度往生,往生净土 (十念往生),超度荐亡,亡亲超荐,[不详],[不详],新造,佛教,净土,
612,青义镇千佛崖王法盛造像记,唐广明元年（880 年）,880,四川省绵阳市青义乡千佛崖（未编号）,[不详],1,男 1 人,观音菩萨,王法盛,弟子,虔诚弟子,非社邑,造像制作、纪念庆赞、,发心造像、设斋表赞,超度往生,亡亲超荐 (为见存母),超度荐亡,亡亲超荐,家庭变故(为见存母造像),[不详],新造,佛教,观音体系,中元节
613,魏城曹翰造像记,唐广明元年（880 年）,880,四川绵阳市东北魏城镇,[不详],1,男 1 人,救苦观世音菩萨,曹翰,弟子,虔诚弟子,非社邑,造像制作、纪念庆赞、,发心造像、设斋表赞,现世福报,家庭和睦 (合家平安),祈福禳灾,护宅安镇,[不详],[不详],新造,佛教,观音体系,下元节
614,千佛崖田皎造像记,唐中和三年（883 年）,883,四川广元千佛崖,[不详],1,男 1 人,释迦牟尼佛,田□皎,□中□□□使,[不详],非社邑,造像制作、纪念庆赞、,发心造像、立碑题铭,国邦安宁,国泰民安 (天下太平),信息不详,信息不详,[不详],[不详],新造,佛教,无法判定,
615,药师岩造像记,唐文德元年（888 年，原标光启四年）,888,四川省大邑县药师岩石窟,药师佛像龛,1,男 1 人,大佛像,[不详],[不详],[不详],非社邑,造像制作、纪念庆赞、,造塔建幢、庆讫记功,信息不详,信息不详,信息不详,信息不详,[不详],[不详],新造,佛教,无法判定,
616,太蓬山冯可振造像记,唐乾宁二年（895 年）,895,四川省南充市营山县太蓬山摩崖造像,第 11 号龛,1,[不详],千手千眼菩萨,冯可振,县衙典,在职官员,非社邑,造像制作、纪念庆赞、,发心造像、设斋表赞,现世福报,福寿康宁 (愿□□亲眷万福，寿命□远),祈福禳灾,延寿增福,[不详],[不详],新造,佛教,"密教,观音体系",上元节
617,重龙山张景嶙造像记,唐乾宁二年（895 年）,895,四川省资中重龙山,第 19 号龛,1,男,释迦牟尼像龛,张景嶙,弟子,虔诚弟子,非社邑,造像制作、,发心造像,信息不详,信息不详,信息不详,信息不详,[不详],[不详],新造,佛教,无法判定,
618,北山佛湾何君友造像记,唐乾宁二年（895 年）,895,重庆市大足区北山佛湾,第 24 号龛,1,男 1 人,日月光菩萨,何君友,弟子,虔诚弟子,非社邑,造像制作、纪念庆赞、,发心造像、设斋表赞,现世福报,福寿康宁 (自身安泰，夫妇咸昌),祈福禳灾,延寿增福,[不详],[不详],新造,佛教,药师体系,
619,圣水寺造像记,唐乾宁三年（896 年）,896,四川省内江市郊交通乡晨光村圣水寺后山岩,1小龛第 3 号,1,男 1 人,菩萨像,[不详],弟子,虔诚弟子,非社邑,造像制作、,发心造像,超度往生,亡亲超荐 (为亡妻),超度荐亡,亡亲超荐,家庭变故(为亡妻阿谢造像),[不详],新造,佛教,无法判定,
620,安岳李行全造像记,唐光化二年（899 年）,899,四川省安岳县龙台镇（未编号）,[不详],1,未知（题记模糊）,千手观音,李行全、王廷望等众社户,勾当头首、院主、施主,平民合众(社邑组织),社邑,造像制作、造像制作、,集体共修、发心造像,信息不详,信息不详,信息不详,信息不详,[不详],[不详],新造,佛教,"密教,观音体系",
621,北山佛湾造千手千眼观音像记,唐天复元年（901 年，原标光化四年）,901,重庆市大足北山佛湾,第 243 号龛,3,男 3 人,大悲千手千眼菩萨,[不详],弟子,虔诚弟子,非社邑,信息不详、,信息不详,信息不详,信息不详,信息不详,信息不详,[不详],[不详],新造,佛教,"密教,观音体系",
622,光化四年资中西岩造像记,唐天复元年（901 年）,901,四川省内江县资中西岩,第 84 号龛,1,[不详],佛像,[不详],[不详],[不详],非社邑,信息不详、,信息不详,信息不详,信息不详,信息不详,信息不详,[不详],[不详],新造,佛教,无法判定,
623,资中西岩造阿弥陀佛像记,唐天复元年（901 年）,901,四川省内江县资中西岩,第 85 号龛,[不详],[不详],西方阿弥陀佛,[不详],弟子,虔诚弟子,非社邑,信息不详、,信息不详,现世福报,家庭和睦 (宅清泰),祈福禳灾,护宅安镇,[不详],[不详],新造,佛教,净土,
624,南龛造像记,唐天复二年（902 年）,902,巴中南龛,第 62 号龛,1,[不详],佛、菩萨像,[不详],[不详],[不详],非社邑,信息不详、,信息不详,信息不详,信息不详,信息不详,信息不详,[不详],[不详],新造,佛教,无法判定,
625,天复二年资中西岩造像记,唐天复二年（902 年）,902,四川省内江县资中西岩,第 82 号龛,1,[不详],佛像,[不详],弟子,虔诚弟子,非社邑,信息不详、,信息不详,信息不详,信息不详,信息不详,信息不详,[不详],[不详],新造,佛教,无法判定,
626,资中西岩造观音地藏像记,唐天复年间（901-903 年）,901-903,四川省内江县资中西岩,第 83 号龛,[不详],[不详],救苦观音、地藏菩萨,[不详],弟子,虔诚弟子,非社邑,信息不详、,信息不详,信息不详,信息不详,信息不详,信息不详,[不详],[不详],新造,佛教,观音体系；地藏体系,
627,庵堂寺造地藏像记,唐天复七年（907 年）,907,四川省安岳县林凤镇安岳庵堂寺,第 3 号龛,[不详],[不详],地藏菩萨,[不详],[不详],[不详],非社邑,信息不详、,信息不详,信息不详,信息不详,信息不详,信息不详,[不详],[不详],新造,佛教,地藏体系,
628,资中西岩张怀造像记,前蜀武成三年（910 年）,910,四川资中西岩,第 57 号龛,至少3人,男 2 人、女≥1 人,十王,张怀□、黄□□妻母白氏等,社户、院僧、女弟子,混合群体(僧尼个体、普通百姓),社邑,造像制作、造像制作、,集体共修、镌刻雕造,超度往生,亡亲超荐 (为先亡),超度荐亡,亡亲超荐,[不详],[不详],新造,二教混合（佛道）,地藏体系,
629,造像记,唐代,618-907,[不详],四川省眉山市丹棱县双桥镇黄金村刘嘴石窟 53 号龛,至少60人,男≥35 人、女≥25 人,[不详],[不详],[不详],[不详],非社邑,信息不详、,信息不详,信息不详,信息不详,信息不详,信息不详,[不详],[不详],新造,无法判定,无法判定,
630,刘嘴瑜明造像记,唐元和十三年（818 年）,818,四川省眉山市丹棱县双桥镇黄金村刘嘴石窟,37 号龛,[不详],[不详],[不详],瑜明、史邦,弟子,虔诚弟子,非社邑,信息不详、,信息不详,信息不详,信息不详,信息不详,信息不详,[不详],[不详],新造,无法判定,无法判定,
631,义本造像记,唐代,618-907,[不详],四川省眉山市丹棱县双桥镇黄金村刘嘴石窟28号龛,2,男 2 人,一佛二天王,义本及佛教信徒集体,比丘、信众,混合群体(僧尼个体、普通百姓),非社邑,造像制作、,发心造像,信息不详,信息不详,信息不详,信息不详,[不详],[不详],新造,佛教,无法判定,
632,造师造像记,唐代,618-907,[不详],四川省眉山市丹棱县双桥镇黄金村刘嘴石窟28,1,男 1 人,七佛,造师及佛教信徒集体,造师、信众,混合群体(商贾匠人、普通百姓),非社邑,造像制作、,发心造像,信息不详,信息不详,信息不详,信息不详,[不详],[不详],新造,佛教,无法判定,
633,赵氏造像记,唐代,618-907,[不详],四川省眉山市丹棱县双桥镇黄金村刘嘴石窟37,1,男 1 人,[不详],赵氏及佛教信徒集体,信众,平民合众(集体捐造),非社邑,造像制作、,发心造像,信息不详,信息不详,信息不详,信息不详,[不详],[不详],新造,无法判定,无法判定,
634,僧法才造像记,唐代,618-907,[不详],四川省眉山市丹棱县双桥镇黄金村刘嘴石窟,1,女 1 人,千佛龛,僧法才、玄济、清信女弟子等,僧人、弟子、清信女,混合群体(僧尼个体、普通百姓),非社邑,造像制作、造像制作、,复新重修、集体共修,信息不详,信息不详,信息不详,信息不详,[不详],[不详],重修,佛教,无法判定,
635,庵堂寺怀真造像记,后唐天成五年（930 年）,930,四川省安岳县林凤镇安岳庵堂寺,第 13 龛,1,男≥6 人、女≥1 人,白衣观音菩萨,怀真,比丘,僧尼个体,非社邑,造像制作、造像制作、庄严修饰、,发心造像、镌刻雕造、妆銮彩绘,现世福报,消灾免难 (自身忽染天行时疾),祈福禳灾,祛病安康,家庭变故(染天行时疾造像祈福),[不详],新造 + 重妆,佛教,"密教,观音体系",
636,王道山造像记,晚唐,836-907,[不详],四川省内江市马鞍子石窟,[不详],[不详],[不详],王道山,泉主簿,在职官员,非社邑,信息不详、,信息不详,信息不详,信息不详 (重妆，无具体祈愿),信息不详,信息不详,[不详],[不详],重妆,无法判定,无法判定,
637,石室观何传裕造像记,唐广明元年（880 年）,880,四川省阆中市保宁镇石室观摩崖造像,[不详],1,男 1 人,尊像,何传裕、何传迪、赵仙长等,勾当妆修功德主、道士、押衙等,混合群体(在职官员、僧尼个体、普通百姓),社邑,庄严修饰、,重装修饰,信息不详,信息不详 (重妆),修复缮完,修复圣像 (重妆),[不详],[不详],重修 + 重妆,道教,无法判定,
638,千佛崖王氏造像记,南宋绍兴八年（1138 年）,1138,四川广元千佛崖,第 746-4 龛,至少97人,男≥85 人、女≥12 人,菩萨,王氏,女弟子,虔诚弟子,非社邑,庄严修饰、纪念庆赞、,重装修饰、立碑题铭,信息不详,信息不详 (重妆),修复缮完,修复圣像 (修妆),[不详],[不详],重妆,佛教,无法判定,
639,圆觉洞宇文小二娘造像记,北宋绍圣四年（1097 年）,1097,四川省安岳圆觉洞,39 龛,2,女 1 人,不详,宇文小二娘,女弟子,虔诚弟子,非社邑,庄严修饰、,重装修饰,信息不详,信息不详 (重妆),祈福禳灾,祛病安康,家庭变故(久患眼目造像祈福),[不详],重妆,无法判定,无法判定,
640,卧龙山杨宗颜造像记,北宋天圣二年（1024 年）,1024,绵阳梓潼卧龙山,第 2 龛,1,女 1 人,三世佛、药师佛,杨宗颜、句龙氏,奉善弟子、母亲,平民合众(家庭合署),非社邑,庄严修饰、,妆銮彩绘,信息不详,信息不详 (重妆),修复缮完,修复圣像 (重妆銮),[不详],[不详],重妆,佛教,药师体系,
641,灵游院赵鹤缚造像记,南宋建炎四年（1130 年）,1130,四川安岳灵游院,第 8 龛,2,男 1 人、女 1 人,释迦圣佛,赵鹤缚,奉善弟子,虔诚弟子,非社邑,庄严修饰、,重装修饰,现世福报,消灾免难 (自身气疾，眼耳昏暗),祈福禳灾,祛病安康,家庭变故(气疾、眼耳昏暗造像祈福),[不详],重妆,佛教,无法判定,
642,能仁寺勾玠造像记,南宋绍兴十四年（1144 年）,1144,四川省眉山市仁寿县能仁寺摩崖造像,[不详],1,男 1 人,千手观音,勾玠、鲜于八娘子,信众、酒务主,平民合众(家庭合署),非社邑,庄严修饰、,重装修饰,现世福报,福寿康宁 (夫妇同属本命降诞),祈福禳灾,延寿增福,[不详],[不详],重妆,佛教,"密教,观音体系",
643,冯景晖造像记,唐宋时期,618-1279,[不详],四川省安岳县灵游院摩崖石刻,2,男 1 人、女 1 人,[不详],冯景晖、契闲,军事押衙、院主沙门,混合群体(在职官员、僧尼个体),非社邑,庄严修饰、,妆銮彩绘,信息不详,信息不详,信息不详,信息不详,[不详],[不详],重妆,无法判定,无法判定,
644,灵游院押衙造像记,后蜀明德四年（937 年）,937,四川省安岳县灵游院摩崖石刻,1 号龛,至少2人,男2人,阿难、迦叶,押衙及众信众,押衙、信众,混合群体(在职官员、普通百姓),非社邑,庄严修饰、,妆銮彩绘,信息不详,信息不详,修复缮完,修复圣像（妆銮）,[不详],[不详],新造,佛教,无法判定,
645,灵游院众社户造像记,后蜀广政七年（944 年）,944,四川省安岳县灵游院摩崖石刻,5 号龛,至少15人,男≥10 人、女≥5 人,老君并部众,众社户,社户,平民合众(社邑组织),社邑,造像制作、纪念庆赞、,发心造像、设斋表赞,信息不详,信息不详,信息不详,信息不详,[不详],[不详],新造 + 重妆,道教,无法判定,
646,灵游院造像记,后唐天成二年（927 年）,927,四川省安岳县灵游院摩崖石刻,9 号龛,1,[不详],造像碑,[不详],[不详],[不详],非社邑,造像制作、庄严修饰、,集体共修、妆銮彩绘,信息不详,信息不详,信息不详,信息不详,[不详],[不详],新造,无法判定,无法判定,
647,上大佛胡敬宾造像记,唐天宝十四载（755 年）,755,四川省安岳县清流乡长新村上大佛摩崖造像,第 5 龛,至少15人,男≥15 人,佛陀涅槃经变像,胡敬宾、黄□□、杨道讙等,上座、录事、判曹、平正、社老,平民合众(社邑组织),社邑,信息不详、,信息不详,超度往生,亡亲超荐 (为亡灵),超度荐亡,亡亲超荐,[不详],[不详],新造,佛教,无法判定,
648,上大佛王义友造像记,北宋至道三年（997 年）,997,四川省安岳县清流乡长新村上大佛摩崖造像,第 7 龛,至少7人,男≥5 人、女≥2 人,一佛二菩萨、长寿王,王义友、王康寿、新妇氏□等,弟子、家属,平民合众(家庭合署),非社邑,造像制作、造像制作、,集体共修、发心造像,现世福报,福寿康宁 (长寿王),祈福禳灾,延寿增福,[不详],[不详],新造,佛教,无法判定,
649,上大佛张宫造像记,不详,不详,四川省安岳县清流乡长新村上大佛摩崖造像,第 7 龛,至少9人,男≥7 人、女≥2 人,一佛二菩萨、文殊、普贤、四天王,张宫、冯规、镐文键等,弟子、新妇、娘子,平民合众,非社邑,造像制作、造像制作、,发心造像、镌刻雕造,信息不详,信息不详 (重妆),修复缮完,修复圣像 (重镌粧),[不详],[不详],重妆,佛教,无法判定,
650,上大佛曹定镐造像记,北宋淳化元年（990 年）,990,四川省安岳县清流乡长新村上大佛摩崖造像,第 7 龛,至少2人,男 2 人,佛像（不详）,曹定镐、文钟等,清信弟子,虔诚弟子,非社邑,庄严修饰、,重装修饰,超度往生,亡亲超荐 (为亡母白氏),超度荐亡,亡亲超荐,家庭变故(为亡母白氏重妆祈福),[不详],重妆,无法判定,无法判定,
651,上大佛王氏造像记,不详,不详,四川省安岳县清流乡长新村上大佛摩崖造像,第 8 龛,1,女 1 人,千佛,王氏,信众,虔诚弟子,非社邑,庄严修饰、纪念庆赞、,重装修饰、设斋表赞,信息不详,信息不详,信息不详,信息不详,[不详],[不详],新造,佛教,无法判定,
652,上大佛地主造像记,北宋端拱元年（988 年）,988,四川省安岳县清流乡长新村上大佛摩崖造像,第 8 龛,至少9人,男≥5 人、女≥4 人,长寿王菩萨、白衣观世音菩萨,地主□□□、李氏、十二娘等,弟子、女弟子,平民合众,非社邑,造像制作、,发心造像,现世福报,家庭和睦 (合家清泰),祈福禳灾,护宅安镇,[不详],[不详],新造,佛教,"密教,观音体系",
653,上大佛何彦超造像记,北宋端拱元年（988 年）,988,四川省安岳县清流乡长新村上大佛摩崖造像,第 8 龛,3,男 1 人、女 2 人,白衣观音,何彦超、孙氏、长女何氏,弟子、母女弟子,平民合众(家庭合署),非社邑,造像制作、,发心造像,现世福报,福寿康宁 (保安泰清吉),祈福禳灾,护宅安镇,[不详],[不详],新造,佛教,"密教,观音体系",
654,上大佛造地藏像记,不详,不详,四川省安岳县清流乡长新村上大佛摩崖造像,第8龛,不详,不详,地藏菩萨,[不详],无,[不详],非社邑,造像制作,镌刻雕造,现世福报,福寿康宁（保安泰清吉）,祈福禳灾,祛病安康,[不详],[不详],新造,佛教,地藏体系,
655,上大佛夫妇造像记,北宋咸平五年（1002 年）,1002,四川省安岳县清流乡长新村上大佛摩崖造像,第 9 龛,2,男 1 人、女 1 人,[不详],□□□夫妇,弟子,平民合众(家庭合署),非社邑,造像制作、,发心造像,现世福报,福寿康宁 (保祈寿命长远),祈福禳灾,延寿增福,家庭变故(为男波孙造像祈寿),[不详],新造,无法判定,无法判定,
656,上大佛造释迦像记,北宋太平兴国八年（983 年）,983,四川省安岳县清流乡长新村上大佛摩崖造像,第 10 龛,1,未知（题记模糊）,释迦佛、观音菩萨,[不详],弟子,虔诚弟子,非社邑,造像制作、,发心造像,超度往生,亡亲超荐 (为亡母白氏，为亡□罗氏),超度荐亡,亡亲超荐,家庭变故(为亡母白氏、亡□罗氏造像),[不详],新造,佛教,"净土,观音体系",上元节
657,上大佛王珣渥造像记,北宋雍熙三年（986 年）,986,四川省安岳县清流乡长新村上大佛摩崖造像,第 10 龛,1,男 1 人,日月光菩萨,王珣渥,弟子,虔诚弟子,非社邑,造像制作、,发心造像,现世福报,祝诞庆寿 (因生晨本命庆赞),祈福禳灾,延寿增福 (因生晨本命庆赞),[不详],[不详],新造,佛教,地藏体系,
658,圆觉洞杨正卿造像记,北宋元符三年（1099 年）动工，大观元年（1107 年）完工,1099-1107,四川省安岳石窟圆觉洞东北面山崖,15 号龛,5,男 3 人、女 2 人,石观音像,杨正卿、邹氏、马氏等,功德主、信众,平民合众(家庭合署),非社邑,纪念庆赞、,庆讫记功,信息不详,信息不详,报恩酬德,报先人恩,[不详],[不详],新造,佛教,观音体系,另有版本
659,千佛寨黎远钦造像记,唐代,618-907,四川省安岳千佛寨,第 38 号龛,2,男 1 人、女 2 人,三观音像、三供养人像,黎远钦、亡妻□氏、亡母虔氏,前省事安岳县录事、奉制极授简州平泉县令,在职官员,非社邑,造像制作、造像制作、寺院建设、供养施舍、纪念庆赞、,发心造像、组织营建、开窟凿洞、法会供养、立碑题铭,超度往生,亡亲超荐 (亡妻、亡母、亡父),超度荐亡,亡亲超荐,家庭变故(亡妻、亡母、亡父供养造像),[不详],新造,佛教,观音体系,
660,千佛寨文造像记,南宋绍熙三年（1192 年）,1192,四川省安岳县千佛寨,第 24 号西方三圣窟,2,男 ,阿弥陀像、长寿王如来,文㻑、师锡、师寭等,郡人、弟子,平民合众,非社邑,供养施舍、,设斋供养,信息不详,信息不详 (重修),修复缮完,重修古迹,[不详],[不详],重修,佛教,净土,
661,千佛寨王天麟造像记,南宋庆元二年（1196 年）,1196,四川省安岳县千佛寨,第 60 号窟,2,男 1 人、女 1 人,解冤结菩萨,王天麟、汝氏,奉佛弟子、同室,平民合众(家庭合署),非社邑,造像制作、纪念庆赞、,复新重修、立碑题铭,现世福报,解冤释结 (解冤结菩萨),祈福禳灾,解冤释结,[不详],[不详],新造,佛教,密教,
662,第28号龛千佛寨造像记,南宋绍熙四年（1193 年）,1193,四川省安岳县千佛寨,第 28 号龛,[不详],[不详],[不详],[不详],[不详],[不详],非社邑,造像制作、,发心造像,信息不详,信息不详,信息不详,信息不详,[不详],[不详],新造,无法判定,无法判定,
663,毗卢洞造像记,五代（光启二年至天福六年）,886-941,四川安岳赤云乡油坪村毗卢洞摩崖造像,第 1 号窟,1,男 1 人,炼指、立雪等十类修行造像,[不详],本尊教主、徒弟,虔诚弟子,非社邑,信息不详、,信息不详,修行证悟,普度众生 (誓救苦恼众生),祈福禳灾,祛病安康,[不详],[不详],新造,佛教,密教,
664,圣泉寺杨公造像记,前后蜀时期,902-965,四川安岳来凤乡圣泉寺摩崖造像,第 13 龛,1,男≥30 人、女≥20 人,[不详],杨公□、严孟琦、勾公顺等,弟子、女弟子,平民合众(社邑组织),社邑,特殊行为、,涅槃奉安,信息不详,信息不详,信息不详,信息不详,[不详],[不详],新造 + 重妆,无法判定,无法判定,
665,菩萨湾白绍少造像记,唐宋时期,618-1279,四川安岳岳阳镇菩萨湾摩崖造像,第 5 龛,2,男 2 人,西方极乐世界阿弥陀佛并二菩萨、五十三佛,白绍少,使□劾职官、勾覆官,在职官员,非社邑,造像制作、纪念庆赞、,集体共修、设斋表赞,修证悟道,忏悔业障 (十恶五逆无门忏悔),修证悟道,忏悔业障,[不详],[不详],新造,佛教,净土,
666,菩萨湾僧金秋造像记,晚唐,836-907,四川安岳岳阳镇菩萨湾摩崖造像,第 12 龛,2,男 2 人,十方佛,僧金秋,比丘,僧尼个体,非社邑,修证悟道、造像制作、,忏悔业障、发心造像,信息不详,信息不详,信息不详,信息不详,[不详],[不详],新造 + 重妆,佛教,无法判定,
667,木鱼山造观世音大势至像记,中晚唐时期,756-907,四川安岳木鱼山摩崖造像,k11,[不详],[不详],观世音菩萨、大势至菩萨,[不详],弟子,虔诚弟子,非社邑,信息不详、,信息不详,信息不详,信息不详,信息不详,信息不详,[不详],[不详],新造,佛教,"净土,观音体系",
668,木鱼山造观世音像记,唐贞元元年（785 年）,785,四川安岳木鱼山摩崖造像,k21,[不详],[不详],观音菩萨,[不详],弟子,虔诚弟子,非社邑,造像制作、,发心造像,信息不详,信息不详,信息不详,信息不详,[不详],[不详],新造,佛教,观音体系,
669,玄妙观造阿弥陀佛像记,唐代,618-907,四川安岳玄妙观摩崖造像,66 号龛,[不详],[不详],阿弥陀佛,[不详],[不详],[不详],非社邑,信息不详、,信息不详,信息不详,信息不详,信息不详,信息不详,[不详],[不详],新造,佛教,净土,
670,玄妙观含金刚造像记,唐大中十四年（860 年）,860,四川安岳玄妙观摩崖造像,69 号龛,[不详],[不详],穿道袍的真人、菩萨、四金刚,[不详],[不详],[不详],非社邑,造像制作、,发心造像,信息不详,信息不详,信息不详,信息不详,[不详],[不详],新造,二教混合（佛道）,无法判定,
671,舍身岩造像记,唐天宝年间,742-756,四川安岳舍身岩摩崖造像,第 14 龛,[不详],[不详],一佛二弟子,[不详],[不详],[不详],非社邑,造像制作、,镌刻雕造,信息不详,信息不详,信息不详,信息不详,[不详],[不详],新造,佛教,无法判定,
672,龙门垭长儿郎绪造像记,隋大业十一年（615 年）,615,四川盐亭龙门垭摩崖造像,k18,5,男 5 人,天尊、弥勒佛、老君、观世音菩萨、金刚、狮子,□长儿郎绪、元祥、子诜等,弟子、东都□户,平民合众(家庭合署),非社邑,造像制作、,镌刻雕造,超度往生,普度众生 (为天地六道四生),超度荐亡,普度众生,[不详],金刚经,新造,三教混合（佛道儒）,无法判定,
673,石锣沟李约之造像记,北宋皇祐五年（1053 年）,1053,四川安岳长河源石锣沟摩崖造像,3 号龛,2,男,长寿王菩萨、千秋男、万岁女,李约之,当州在郭居住陇西□教□使,在职官员,非社邑,造像制作、造像制作、,发心造像、镌刻雕造,现世福报,福寿康宁 (堂前二亲各希泰),祈福禳灾,延寿增福,[不详],[不详],新造,佛教,"密教,观音体系",
674,石锣沟造菩萨像记,不详,不详,四川安岳长河源石锣沟摩崖造像,4 号龛,2,女 2 人,菩萨、供养人,[不详],信众,虔诚弟子,非社邑,造像制作、造像制作、庄严修饰、,发心造像、镌刻雕造、妆銮彩绘,信息不详,信息不详,信息不详,信息不详,[不详],[不详],新造,佛教,无法判定,
675,石锣沟造十方佛并菩萨像记,唐咸通十二年（871 年）,871,四川安岳长河源石锣沟摩崖造像,5 号龛,[不详],[不详],十方佛并菩萨,[不详],[不详],平民合众,非社邑,供养施舍、,设斋供养,信息不详,信息不详,信息不详,信息不详,[不详],[不详],新造,佛教,无法判定,
676,石锣沟孙师造像记,唐咸通十二年（871 年）,871,四川安岳长河源石锣沟摩崖造像,5 号龛,4,男 4 人,供养人像,孙师□、孙行直、孙钊、徐玥,弟子、功德头首,平民合众,非社邑,造像制作、造像制作、纪念庆赞、纪念庆赞、,发心造像、镌刻雕造、设斋表赞、立碑题铭,信息不详,信息不详,信息不详,信息不详,[不详],[不详],新造,无法判定,无法判定,
677,石锣沟孙行直造像记,唐咸通十二年（871 年）,871,四川安岳长河源石锣沟摩崖造像,5 号龛,1,男 1 人,七佛,孙行直,弟子,平民合众,非社邑,造像制作、造像制作、供养施舍、,组织营建、发心造像、设斋供养,超度往生,亡亲超荐 (为□□□妣),超度荐亡,亡亲超荐,[不详],[不详],新造,佛教,无法判定,
678,石锣沟公适造像记,唐咸通年间,860-874,四川安岳长河源石锣沟摩崖造像,6 号龛,1,男 1 人、女 1 人,药师佛,□公适、孙氏,弟子、夫妇,平民合众,非社邑,造像制作、纪念庆赞、,发心造像、设斋表赞,信息不详,信息不详,信息不详,信息不详,[不详],[不详],新造,佛教,药师体系,
679,石锣沟造观世音像记,不详,不详,四川安岳长河源石锣沟摩崖造像,6 号龛,2,[不详],救苦观世音菩萨,[不详],弟子,平民合众,非社邑,造像制作、,发心造像,信息不详,信息不详,信息不详,信息不详,[不详],[不详],新造,佛教,观音体系,
680,石锣沟李祐造像记,唐咸通十二年（871 年）,871,四川安岳长河源石锣沟摩崖造像,6 号龛,2,男 1 人、女 1 人,救苦观世音菩萨,李□祐、杨氏,当州军事押衙、妻,在职官员,非社邑,造像制作、,发心造像,信息不详,信息不详,信息不详,信息不详,[不详],[不详],新造,佛教,观音体系,
681,石锣沟王道信造像记,不详,不详,四川安岳长河源石锣沟摩崖造像,6 号龛,1,男 1 人,不详,王道信,比丘僧,僧尼个体,非社邑,造像制作、纪念庆赞、,发心造像、设斋表赞,信息不详,信息不详,信息不详,信息不详,[不详],[不详],新造,佛教,无法判定,
682,石锣沟13号龛造像记,不详,不详,四川安岳长河源石锣沟摩崖造像,13 号龛,[不详],[不详],不详,[不详],[不详],[不详],非社邑,造像制作、,发心造像,信息不详,信息不详,信息不详,信息不详,[不详],[不详],新造,无法判定,无法判定,
683,石锣沟造大阿罗汉像记,后蜀广政年间,938-965,四川安岳长河源石锣沟摩崖造像,14 号龛,[不详],[不详],大阿罗汉,[不详],弟子,平民合众,非社邑,信息不详、,信息不详,信息不详,信息不详,信息不详,信息不详,[不详],[不详],新造,佛教,无法判定,
684,石锣沟胡亮造像记,不详,不详,四川安岳长河源石锣沟摩崖造像,14 号龛,至少12人,男≥8 人、女≥4 人,罗汉像,胡亮、王从礼、贾氏、文氏等,弟子、女弟子,平民合众,非社邑,造像制作、纪念庆赞、,发心造像、设斋表赞,信息不详,信息不详,信息不详,信息不详,[不详],[不详],新造,佛教,无法判定,
685,石锣沟晏氏造像记,北宋开宝七年（974 年）,974,四川安岳长河源石锣沟摩崖造像,15 号龛,至少2人,男≥1 人、女≥1 人,地藏菩萨、观世音菩萨,□□氏、晏氏,弟子、夫妇,平民合众,非社邑,造像制作、,发心造像,现世福报,祈福 (一为现福田，二作未来因果),祈福禳灾,延寿增福,[不详],[不详],新造,佛教,地藏体系；观音体系,
686,石锣沟□□氏造像记,晚唐,836-907,四川安岳长河源石锣沟摩崖造像,18 号龛,1,女 1 人,不详,□□氏,信众,平民合众,非社邑,造像制作、纪念庆赞、,发心造像、设斋表赞,信息不详,信息不详,信息不详,信息不详,[不详],[不详],新造,无法判定,无法判定,
687,石锣沟含阿傩迦叶造像记,晚唐,836-907,四川安岳长河源石锣沟摩崖造像,18 号龛,[不详],[不详],一佛二菩萨、阿难、迦叶,[不详],弟子,平民合众,非社邑,供养施舍、,设斋供养,信息不详,信息不详,信息不详,信息不详,[不详],[不详],新造,佛教,无法判定,
688,石锣沟智严造像记,晚唐,836-907,四川安岳长河源石锣沟摩崖造像,18 号龛,4,女 4 人,供养人像（比丘尼智严、李氏、新妇□氏、新妇杨氏）,智严、李氏、新妇□氏、新妇杨氏,比丘尼、信众、新妇,混合群体(僧尼个体、普通百姓),非社邑,造像制作、,发心造像,信息不详,信息不详,信息不详,信息不详,[不详],[不详],新造,无法判定,无法判定,
689,石锣沟孙兴保造像记,晚唐,836-907,四川安岳长河源石锣沟摩崖造像,18 号龛,1,男 1 人,不详,孙兴保,信众,平民合众,非社邑,供养施舍、,设斋供养,信息不详,信息不详,信息不详,信息不详,[不详],[不详],新造,无法判定,无法判定,
690,马鞍山造像记,8 世纪中下叶,750-779,四川内江东兴区大治乡马鞍山摩崖造像,第 2 龛,至少20人,男≥16人，女≥4人,不详,[不详],[不详],[不详],非社邑,供养施舍、,设斋供养,信息不详,信息不详,信息不详,信息不详,[不详],[不详],新造,无法判定,无法判定,
691,马鞍山李青云造像记,不详,不详,四川内江东兴区大治乡马鞍山摩崖造像,第6龛,至少24人,男≥20，女≥4,不详,李青云、李朝异等,地主人李青云、总会信人、夫妇父子敬献、捐钱、出树子,混合群体(豪强地主、基层百姓),非社邑,信息不详,信息不详,佛法弘传,供养永续,信息不详,信息不详,[不详],[不详],新造,佛教,观音体系,
692,马鞍山僧伽和尚造像记,唐贞元九年（793 年）,793,四川内江东兴区大治乡马鞍山摩崖造像,第 10 龛,1,男 1 人,不详,僧伽和尚,僧人,僧尼个体,非社邑,信息不详、,信息不详,信息不详,信息不详,信息不详,信息不详,[不详],[不详],新造,佛教,观音体系,
693,南龛寺张鼎造像记,南宋绍熙五年（1194 年）,1194,重庆市潼南区南龛寺摩崖造像,2 号龛,至少12人,男≥8 人、女≥4 人,佛像,张鼎、张鼒、张元孝等,乡贡进士、弟子,混合群体(名门士族、普通百姓),非社邑,信息不详、,信息不详,超度往生,亡亲超荐 (为先灵),超度荐亡,亡亲超荐,[不详],[不详],新造,佛教,无法判定,
694,南龛寺造像记,唐大中十四年（860 年）,860,重庆市潼南区南龛寺摩崖造像,8 号龛,1,[不详],不详,[不详],[不详],[不详],非社邑,造像制作、纪念庆赞、,发心造像、立碑题铭,信息不详,信息不详,信息不详,信息不详,[不详],[不详],新造,无法判定,无法判定,
695,翔龙山造地藏像记,晚唐至五代,836-960,四川内江翔龙山摩崖造像,K2,[不详],[不详],地藏,[不详],弟子,虔诚弟子,非社邑,信息不详、,信息不详,信息不详,信息不详,信息不详,信息不详,[不详],[不详],新造,佛教,地藏体系,
696,淳熙三年翔龙山造像记,南宋淳熙三年（1176 年）,1176,四川内江翔龙山摩崖造像,K13,2,[不详],不详,[不详],[不详],[不详],非社邑,信息不详、,信息不详,信息不详,信息不详,信息不详,信息不详,[不详],[不详],新造,无法判定,无法判定,
697,翔龙山袁就造像记,宋初,960-1022,四川内江翔龙山摩崖造像,K58,至少2人,男≥1 人、女 1 人,救苦地藏、观音,袁□就、李氏,弟子、亡母,平民合众,非社邑,信息不详、,信息不详,超度往生,亡亲超荐 (亡母),超度荐亡,亡亲超荐,家庭变故(为亡母李氏造像祈福),[不详],新造,佛教,观音体系；地藏体系,
698,翔龙山黎造像记,宋初,960-1022,四川内江翔龙山摩崖造像,K62,1,男 1 人、女 1 人,观音、天尊,黎□□、罗氏,信士,平民合众,非社邑,造像制作、,发心造像,信息不详,信息不详,信息不详,信息不详,[不详],[不详],新造,二教混合（佛道）,无法判定,
699,翔龙山郑仲造像记,唐广明元年（880 年）,880,四川内江翔龙山摩崖造像,K65,1,男≥1 人,不详,郑仲□,弟子,平民合众,非社邑,信息不详、,信息不详,现世福报,消灾免难 (诸灾障□),祈福禳灾,消灾免难,[不详],[不详],新造,无法判定,无法判定,
700,翔龙山王吉庆造像记,晚唐,836-907,四川内江翔龙山摩崖造像,K74,1,男 1 人,不详,王吉庆,信众,平民合众,非社邑,造像制作、,发心造像,信息不详,信息不详,信息不详,信息不详,[不详],[不详],新造,无法判定,无法判定,
701,晚唐翔龙山造像记,晚唐,836-907,四川内江翔龙山摩崖造像,K74,1,[不详],不详,[不详],清信弟子,平民合众,非社邑,信息不详、,信息不详,信息不详,信息不详,信息不详,信息不详,[不详],[不详],新造,无法判定,无法判定,
702,长岭山造像记,盛唐,713-755,四川简阳长岭山摩崖造像,第 12 龛,1,男 1 人,造像碑,[不详],信士,平民合众,非社邑,信息不详、,信息不详,信息不详,信息不详,信息不详,信息不详,[不详],[不详],新造,佛教,无法判定,
703,长岭山平令造像记,唐建中二年（781 年）,781,四川简阳长岭山摩崖造像,第 14 龛,[不详],[不详],天尊、托化塔,平令□,平令,在职官员,非社邑,造像制作、,镌刻雕造,超度往生,亡亲超荐 (为亡儿),超度荐亡,亡亲超荐,家庭变故(为亡儿进客造像),[不详],新造,道教,无法判定,
704,长岭山僧智捷造像记,8 世纪中后期,750-799,四川简阳长岭山摩崖造像,第 16 龛,至少44人,男≥40 人、女≥4 人,阿弥陀佛,僧智捷、杨朝、周翰等,僧人、弟子,混合群体(僧尼个体、普通百姓),非社邑,造像制作、,发心造像,信息不详,信息不详,信息不详,信息不详,[不详],[不详],新造,佛教,净土,
705,长岭山唐宝震造像记,唐代,618-907,四川简阳长岭山摩崖造像,第 18 龛,至少30人,男≥30 人,阿弥陀佛,唐宝震、任□□、罗阿竹等,弟子,平民合众,非社邑,造像制作、造像制作、,集体共修、发心造像,信息不详,信息不详,信息不详,信息不详,[不详],[不详],新造,佛教,净土,
706,重龙山思顺造像记,后蜀广政十五年（952 年）,952,四川省资中重龙山摩崖造像,第 28 号龛,至少5儿女,男≥4 人、女 1 人,药师佛,思顺、思谦等,弟子,平民合众,非社邑,造像制作、造像制作、,集体共修、发心造像,超度往生,亡亲超荐 (为亡婆、亡公、亡父),超度荐亡,亡亲超荐,[不详],[不详],新造,佛教,药师体系,
707,重龙山窦滂造像记,中唐,756-835,四川省资中重龙山摩崖造像,第 30 号龛,1,男 1 人,一佛二僧二菩萨二力士,窦滂,刺史,封爵贵族,非社邑,造像制作、纪念庆赞、,发心造像、设斋表赞,信息不详,信息不详,信息不详,信息不详,[不详],[不详],新造,佛教,无法判定,
708,重龙山造像记,北宋大中祥符二年（1009 年）,1009,四川省资中重龙山摩崖造像,第 55 号龛,1,男≥10 人,西方净土变相,[不详],信众(十户),平民合众,非社邑,造像制作、,发心造像,信息不详,信息不详 (重妆),修复缮完,修复圣像 (重妆),[不详],[不详],重妆,佛教,净土,
709,重龙山孟从今造像记,北宋大中祥符三年（1010 年）,1010,四川省资中重龙山摩崖造像,第 60 号龛,1,男 1 人,观音菩萨,孟从今,资中磐石县令,在职官员,非社邑,庄严修饰、,重装修饰,现世福报,富贵功名 (寿禄增筵，□官清吉),修复缮完,修复圣像 (重妆),[不详],[不详],重妆,佛教,观音体系,另有版本
710,重龙山行安造像记,中唐,756-835,四川省资中重龙山摩崖造像,第 62 号龛,1,男 3 人,说法图（一佛二弟子、胁侍菩萨、天龙八部、护法金刚）,行安、行恂、延贵等,安夷军衙前人员,混合群体(军人武士、普通百姓),非社邑,庄严修饰、,重装修饰,信息不详,信息不详,信息不详,信息不详,[不详],[不详],新造,佛教,无法判定,
711,重龙山造地藏像记,晚唐,836-907,四川省资中重龙山摩崖造像,第 94 号龛,1,[不详],地藏菩萨,[不详],弟子,平民合众,非社邑,造像制作、,发心造像,信息不详,信息不详,信息不详,信息不详,[不详],[不详],新造,佛教,地藏体系,
712,重龙山造释迦摩尼像记,后蜀广政二十一年（958 年）,958,四川省资中重龙山摩崖造像,第 145 号龛,1,未知（题记模糊）,释迦牟尼佛并都部众,[不详],弟子,平民合众,非社邑,造像制作、,发心造像,超度往生,亡亲超荐 (为亡□王氏),超度荐亡,亡亲超荐,[不详],[不详],新造,佛教,无法判定,
713,重龙山造华严三圣像记,北宋,960-1127,四川省资中重龙山摩崖造像,第 155 号龛,[不详],[不详],华严三圣,[不详],弟子,平民合众,非社邑,造像制作、造像制作、,发心造像、镌刻雕造,现世福报,家庭和睦 (合家平安),祈福禳灾,护宅安镇,[不详],[不详],新造,佛教,华严,
714,重龙山道芝造像记,北宋,960-1127,四川省资中重龙山摩崖造像,第 157 号龛,3,男 3 人,药师琉璃光佛并部众,道芝、惠岩、弘真,僧人,僧尼个体,非社邑,造像制作、,发心造像,信息不详,信息不详,信息不详,信息不详,[不详],[不详],新造,佛教,药师体系,
715,南龛寺寂益造像记,不详,不详,四川省巴中市巴州区南龛寺神仙坡北段,103 龛,5,男 5 人,不详,寂益、普遍印祥静等,住持释子、徒弟,僧尼个体,非社邑,信息不详、,信息不详,信息不详,信息不详 (修缮),修复缮完,修缮古迹,[不详],[不详],重修,佛教,无法判定,
716,南龛寺王尚玉造像记,不详,不详,四川省巴中市巴州区南龛寺神仙坡北段,103 龛,3,男 2 人、女 1 人,不详,王尚玉、李氏、李贵元,信众、夫妇,平民合众,非社邑,寺院建设、,建寺创殿,信息不详,信息不详,信息不详,信息不详,[不详],[不详],新造,无法判定,无法判定,
717,西龛子蒙造像记,唐乾符五年（878 年）,878,四川省巴中市巴中石窟西龛,21 龛,7,男 7 人,不详,子蒙、广之、仰之等,士人,名门士族,非社邑,信息不详、,信息不详,信息不详,信息不详,信息不详,信息不详,[不详],[不详],新造,无法判定,无法判定,
718,卧佛院冯政造像记,南宋绍兴年间,1131-1162,四川省安岳卧佛院北岩区,第 17 号摩崖题记,1,男≥5 人,卧佛,冯政母、冯士□等,信众,平民合众,非社邑,游观题咏、,游观题名,信息不详,信息不详 (重修),修复缮完,重修古迹,[不详],[不详],重修,佛教,无法判定,
719,卧佛院王彦昭造尊胜幢像记,后蜀广政二十四年（961 年）,961,四川省安岳卧佛院,52 号经幢（备注记为 51 号）,1,男 1 人,尊胜幢座,王彦昭,前摄龙州兼普军州事衙推、五音地理,在职官员,非社邑,庄严修饰、,重装修饰,现世福报,消灾免难 (咸乞康宁，此世不值冤嫌),超度荐亡,亡亲超荐,[不详],[不详],新造,佛教,密教,
720,卧佛院王彦昭造三身佛像记,后蜀广政二十二年（959 年）,959,四川省安岳卧佛院,52 号经幢下方,1,男 1 人,三身佛并经龛,王彦昭,前撮龙州军事兼普州军事衙推、五音地理,在职官员,非社邑,造像制作、造像制作、,发心造像、造塔建幢,现世福报,家庭和睦 (眷属團圓),修复缮完,修复圣像 (修装),[不详],[不详],重妆,佛教,无法判定,
721,卧佛院张心造像记,后蜀广政二年,939,四川省安岳卧佛院,68 号龛,2,男 1 人、女1人,释迦牟尼佛并阿难迦叶与部众,张心、妇,弟子、夫妇,平民合众,非社邑,庄严修饰、,重装修饰,现世福报,家庭和睦 (合家眷属),修复缮完,修复圣像 (修装),[不详],[不详],重妆,佛教,无法判定,
722,卧佛院冯崇造像记,北宋开宝七年（974 年）,974,四川省安岳卧佛院,70 号龛,2,男 1 人、女 1 人,释迦牟尼佛部众、遮佛龛厦舍,冯崇、妇,弟子、夫妇,平民合众,非社邑,庄严修饰、,重装修饰,现世福报,家庭和睦 (合家大小),修复缮完,修复圣像 (修装),[不详],[不详],重妆,佛教,无法判定,
723,卧佛院蒙彦進造像记,后蜀广政年间,938-965,四川省安岳卧佛院,82 号龛,1,男 1 人、女 1 人,释迦牟尼佛并部众,蒙彦進、罗氏,弟子、夫妇,平民合众,非社邑,庄严修饰、,重装修饰,现世福报,家庭和睦 (合家大小),修复缮完,修复圣像 (修粧),家庭变故(为女弟子刘氏小女祈福),[不详],重妆,佛教,无法判定,
724,卧佛院黄贵造像记,后蜀广政年间,938-965,四川省安岳卧佛院,116-1 号龛,至少4人,男≥3 人、女≥1 人,佛像,黄贵□旁,積善弟子,平民合众,非社邑,庄严修饰、,重装修饰,信息不详,信息不详 (重装),修复缮完,修复圣像 (重装),家庭变故(自身染疾重装祈福),[不详],重妆,佛教,无法判定,
725,卧佛院慈海造像记,北宋政和四年（1114 年）或宣和四年（1122 年）,1114 或 1122,四川省安岳卧佛院,51 窟,8,男 7 人、女 1 人,不详,慈海、杨德和、德舜、谭彦宗夫妇等,僧人、镌匠、弟子,混合群体(僧尼个体、商贾匠人、普通百姓),非社邑,造像制作、造像制作、,发心造像、镌刻雕造,信息不详,信息不详,信息不详,信息不详,[不详],[不详],新造,佛教,无法判定,
726,报国寺5-3龛造像记,不详,不详,四川乐至县报国寺摩崖造像,5-3 龛,[不详],[不详],不详,[不详],信众,[不详],非社邑,信息不详、,信息不详,信息不详,信息不详,信息不详,信息不详,[不详],[不详],新造,无法判定,无法判定,
727,报国寺6号龛造像记,不详,不详,四川乐至县报国寺摩崖造像,6 号龛,1,[不详],不详,[不详],[不详],[不详],非社邑,信息不详、,信息不详,信息不详,信息不详,信息不详,信息不详,[不详],[不详],新造,无法判定,无法判定,
728,报国寺谢大泽造像记,不详,不详,四川乐至县报国寺摩崖造像,7 号龛,1,男 1 人,不详,谢大泽,邑人、书手,平民合众,非社邑,信息不详、,信息不详,信息不详,信息不详,信息不详,信息不详,[不详],[不详],新造,佛教,无法判定,
729,报国寺紹疑造像记,后蜀广政二十六年（963 年）,963,四川乐至县报国寺摩崖造像,8 号龛,1,男 1 人,地藏菩萨、白衣观音菩萨,紹疑及信众,住持僧、弟子,混合群体(僧尼个体、普通百姓),非社邑,造像制作、造像制作、,发心造像、镌刻雕造,信息不详,信息不详,祈福禳灾,护宅安镇,[不详],[不详],新造,佛教,"密教,观音体系；地藏体系",
730,杀人槽造像记,唐元和十五年（820 年）,820,仁寿县大化镇杀人槽摩崖造像,第 10 龛,1,男 ,造像碑,[不详],弟子,平民合众,非社邑,造像制作、纪念庆赞、,发心造像、立碑题铭,信息不详,信息不详,信息不详,信息不详,[不详],[不详],新造,佛教,无法判定,
731,石佛寺罗君憘造像记,北宋天禧四年（1020 年）,1020,重庆市江津区石佛寺遗址,K3,1,男 1 人,佛足,罗君憘,弟子,平民合众,非社邑,造像制作、,复新重修,信息不详,信息不详 (重修),修复缮完,修复圣像 (修佛足),[不详],[不详],重修,佛教,无法判定,
732,石佛寺张氏六娘子造像记,北宋元祐元年（1086 年）,1086,重庆市江津区石佛寺遗址,K4,1,男 1人、女 1 人,石灯轮,张氏六娘子、僧清宝、何延福,信众、僧人、作头,混合群体(僧尼个体、商贾匠人、普通百姓),非社邑,造像制作、供养施舍、纪念庆赞、,发心造像、施财舍物、设斋表赞,现世福报,消灾免难 (无灾),祈福禳灾,消灾免难,[不详],[不详],新造,佛教,无法判定,
733,石佛寺寋清造像记,南宋绍兴壬申年（1152 年）,1152,重庆市江津区石佛寺遗址,K4,1,男 1 人,泗州大圣,寋清,处士,名门士族,非社邑,造像制作、,镌刻雕造,信息不详,信息不详,信息不详,信息不详,[不详],[不详],新造,佛教,观音体系,
734,佛岩造像记,前蜀永平三年（913 年）,913,四川省安岳县偏岩乡佛岩摩崖造像,[不详],[不详],[不详],菩提瑞像,[不详],弟子,平民合众,非社邑,信息不详、,信息不详,信息不详,信息不详,信息不详,信息不详,[不详],[不详],新造,佛教,无法判定,
735,佛岩杨常陵造像记,五代,907-960,四川省安岳县偏岩乡佛岩摩崖造像,第 11 龛,1,男≥3 人,佛像、塔,杨常陵、杨师谋等,地主、信众,平民合众,非社邑,造像制作、造像制作、,发心造像、镌刻雕造,信息不详,信息不详,信息不详,信息不详,[不详],[不详],新造,佛教,无法判定,
736,高升乡千佛崖13号龛造像记,晚唐至五代,836-960,四川安岳高升乡千佛崖摩崖造像,13 号龛,1,[不详],一佛,[不详],弟子,平民合众,非社邑,信息不详、,信息不详,信息不详,信息不详,信息不详,信息不详,[不详],[不详],新造,佛教,无法判定,
737,高升乡千佛崖造地藏像记,晚唐至五代,836-960,四川安岳高升乡千佛崖摩崖造像,13 号龛,1,男1 人,地藏菩萨,[不详],弟子,平民合众,非社邑,造像制作、,发心造像,超度往生,往生净土 (愿亡考生天见佛离苦),超度荐亡,亡亲超荐,[亡亲祈福] 为亡考离苦生天,[不详],新造,佛教,地藏体系,
738,高升乡千佛崖妙缘造地藏像记,后蜀广政二十二年（959 年）,959,四川安岳高升乡千佛崖摩崖造像,13 号龛,1,男 1 人,地藏菩萨,妙缘,比丘,僧尼个体,非社邑,庄严修饰、,重装修饰,信息不详,信息不详 (报妆),修复缮完,修复圣像 (报妆),[不详],[不详],重妆,佛教,地藏体系,
739,高升乡千佛崖妙缘造救苦菩萨像记,后蜀广政二十二年（959 年）,959,四川安岳高升乡千佛崖摩崖造像,13 号龛,1,男 1 人,救苦菩萨,妙缘,比丘,僧尼个体,非社邑,庄严修饰、,重装修饰,信息不详,信息不详 (报妆),修复缮完,修复圣像 (报妆),[不详],[不详],重妆,佛教,观音体系,
740,高升乡千佛崖侯行造像记,晚唐至五代,836-960,四川安岳高升乡千佛崖摩崖造像,13 号龛,1,男 1 人,观世音菩萨,侯行□,弟子,平民合众,非社邑,造像制作、,发心造像,信息不详,信息不详,信息不详,信息不详,[不详],[不详],新造,佛教,观音体系,
741,高升乡千佛崖文玄朗造像记,后蜀广政廿七年（964 年）,964,四川安岳高升乡千佛崖摩崖造像,16 号龛,1,男 1 人、女≥1 人,不详,文玄朗及家眷,衙推、弟子,在职官员,非社邑,庄严修饰、,重装修饰,信息不详,信息不详 (修妆),修复缮完,修复圣像 (修妆),[不详],[不详],重妆,无法判定,无法判定,
742,高升乡千佛崖造阿弥陀佛像记,晚唐至五代,836-960,四川安岳高升乡千佛崖摩崖造像,16 号龛,[不详],[不详],阿弥陀佛,[不详],弟子,平民合众,非社邑,造像制作、,发心造像,信息不详,信息不详,信息不详,信息不详,[不详],[不详],新造,佛教,净土,
743,高升乡千佛崖龙武造像记,唐光启二年（886 年）,886,四川安岳高升乡千佛崖摩崖造像,17 号龛,至少8人,男≥8 人,造像碑,龙武□□、何师本等,弟子,平民合众,非社邑,信息不详、,信息不详,信息不详,信息不详,信息不详,信息不详,[不详],[不详],新造,佛教,无法判定,
744,高升乡千佛崖造释迦摩尼像记,唐长庆元年（821 年）动工，大和二年（828 年）完工,821-828,四川安岳高升乡千佛崖摩崖造像,20 号龛,至少44人,男≥43人，女≥1人,释迦牟尼佛、八部之众,杨述俊、勾唯干等,弟子,平民合众,社邑,造像制作、造像制作、庄严修饰、纪念庆赞、,发心造像、镌刻雕造、妆銮彩绘、立碑题铭,信息不详,信息不详,信息不详,信息不详,[不详],[不详],新造,佛教,无法判定,
745,高升乡千佛崖22号龛造观音像记,唐开成二年（837 年）,837,四川安岳高升乡千佛崖摩崖造像,22 号龛,[不详],[不详],大悲观音,[不详],弟子,平民合众,非社邑,造像制作、,发心造像,信息不详,信息不详,信息不详,信息不详,[不详],[不详],新造,佛教,观音体系,
746,高升乡千佛崖造像记,不详,不详,四川安岳高升乡千佛崖摩崖造像,22 号龛,[不详],[不详],不详,[不详],[不详],[不详],非社邑,信息不详、,信息不详,信息不详,信息不详,信息不详,信息不详,[不详],[不详],重妆,无法判定,无法判定,
747,西山观陈造像记,初唐,618-712,四川省绵阳西山观,[37764 号] 遗留残石,至少25人,男≥15 人、女≥10 人,道教像、供养人像,陈□□、蒲仲虚、杨大娘等,三洞道士、骑都尉、品子、信众,混合群体(在职官员、道士、普通百姓),社邑,造像制作、,集体共修,信息不详,信息不详,信息不详,信息不详,[不详],[不详],新造,道教,无法判定,
748,西山观女造像记,唐武德二年（619 年，题记改刻为至德二年 757 年）,619、757,四川省绵阳西山观,[37766 号] 遗留残石,1,男,天尊像,女□□,三洞弟子,平民合众,非社邑,造像制作、,发心造像,信息不详,信息不详,信息不详,信息不详,[不详],[不详],新造,道教,无法判定,
749,寂光寺寂光师造像记,唐至德二载（757 年）,757,四川安岳寂光寺摩崖造像,第 4 龛,1,男≥3 人、女≥1 人,不详,寂光师及信众,僧人、弟子,混合群体(僧尼个体、普通百姓),非社邑,造像制作、,发心造像,国邦安宁,国运太平,护国兴邦,护国安邦,[不详],[不详],新造,无法判定,无法判定,
750,佛耳岩造像记,唐武德三年（620 年）,620,四川安岳永清佛耳岩摩崖造像,第 45 龛,1,男≥1 人,一佛二弟子二菩萨、二力士、二狮子、四供养人,□□□,弟子,平民合众,非社邑,造像制作、,发心造像,信息不详,信息不详,信息不详,信息不详,[不详],[不详],新造,佛教,无法判定,
751,塔子梁董善愿造像记,唐武德九年（626 年）,626,四川江油龙凤镇塔子梁摩崖造像,第 12 龛,1,男 1 人,一佛二弟子二菩萨、二狮子,董善愿,信众,平民合众,非社邑,造像制作、,发心造像,信息不详,信息不详,信息不详,信息不详,[亡者供养],[不详],新造,佛教,无法判定,
752,石室观王鞮造像记,隋开皇十四年（594 年）,594,四川阆中石室观摩崖造像,K2,1,男 1 人,一天尊二弟子二真人二侍童,王鞮□,弟子,平民合众,非社邑,造像制作、,发心造像,超度往生,亡亲超荐 (为亡父),超度荐亡,亡亲超荐,[亡亲祈福] 为亡父亡兄,[不详],新造,道教,无法判定,下元节
753,石室观赵法会造像记,隋开皇十五年（595 年）,595,四川阆中石室观摩崖造像,K3,6,男 6 人,天尊像、真人、仙男仙女,赵法会、侯董子等,三洞弟子、道民,平民合众,非社邑,造像制作、造像制作、,发心造像、集体共修,超度往生,亡亲超荐 (愿亡者□天□苦),超度荐亡,亡亲超荐,[不详],[不详],新造,道教,无法判定,下元节
754,石室观侯竹亮造像记,唐贞观十年（636 年）,636,可能为四川阆中石室观摩崖造像,K7,至少18人,男≥18 人,一老君二真人二供养人,侯竹亮、李文艺等,弟子、书手,平民合众,社邑,造像制作、寺院建设、,发心造像、开窟凿洞,信息不详,信息不详,信息不详,信息不详,[不详],[不详],新造,道教,无法判定,
755,石室观侯善寿造像记,唐开元七年（719 年）,719,可能为四川阆中石室观摩崖造像,K9,1,男 1 人,天尊一座及左右真人,侯善寿,弟子,平民合众,非社邑,造像制作、,发心造像,超度往生,亡亲超荐 (为亡灵父母),超度荐亡,亡亲超荐,[亡亲祈福] 为亡父母,[不详],新造,道教,无法判定,
756,石室观侯永仁造像记,唐神龙二年（706 年）,706,四川阆中石室观,[不详],至少50人,男≥30 人、女≥20 人,修缮原有道教造像,侯永仁、何至真、范智靖等,社老、观主、弟子、女弟子,混合群体(道士、普通百姓),社邑,特殊行为、,营办藏经,国邦安宁,国运太平,护国兴邦,护国安邦,[不详],[灵宝尊经、斋社经],重修 + 新造,道教,无法判定,上元节
757,千佛崖田造像记,武周时期,690-705,四川广元千佛崖莲花洞,535-99 号龛,1,男,释迦佛像,田□□,弟子,平民合众,非社邑,造像制作、,发心造像,超度往生,亡亲超荐 (为亡灵),超度荐亡,亡亲超荐,[亡亲祈福] 为七代先亡,[不详],新造,佛教,无法判定,
758,甲扎尔甲石窟藏文造像记-1,14-15世纪,1301—1500,四川马尔康室甲扎尔甲石窟,K区K1-5,不详,不详,尊像,不详,无,[不详],非社邑,信息不详,信息不详,信息不详,信息不详,信息不详,信息不详,[不详],[不详],新造,佛教,密教,藏文
759,甲扎尔甲石窟藏文造像记-2,14-15世纪,1301—1500,四川马尔康室甲扎尔甲石窟,K区K1-5,不详,不详,尊像,不详,无,[不详],非社邑,信息不详,信息不详,信息不详,信息不详,信息不详,信息不详,[不详],[不详],新造,佛教,无法判定,藏文
760,甲扎尔甲石窟藏文造像记-3,14-15世纪,1301—1500,四川马尔康室甲扎尔甲石窟,Z区Z6--1,不详,不详,尊像,不详,无,[不详],非社邑,信息不详,信息不详,信息不详,信息不详,信息不详,信息不详,[不详],[不详],新造,佛教,密教,藏文
761,玉女泉道灵寿造像记,唐咸通十二年（871 年）,871,绵阳市西山玉女泉摩崖造像,第 31 龛,8,男 4 人、女 4 人,天尊老君,道□□靈壽、景好古,三洞道士、书人,道士,社邑,造像制作、纪念庆赞、,发心造像、设斋表赞,信息不详,信息不详,信息不详,信息不详,[不详],[不详],新造,道教,无法判定,
762,玉女泉雍纣盈造像记,不详,不详,绵阳市西山玉女泉摩崖造像,31 龛,至少8人,男≥6 人、女≥2 人,供养人像（雍紂盈等）,雍紂盈、尹富榮、□大仙等,文師、洞玄道士、平民,混合群体(道士、普通百姓),非社邑,信息不详、,信息不详,信息不详,信息不详,信息不详,信息不详,[不详],[不详],新造,道教,无法判定,
763,石匣寺郑神瓘造像记,唐开元九年（721 年）,721,四川乐至县石匣寺摩崖造像,8 号龛,[不详],[不详],造像碑、二菩萨,郑神瓘及家眷,弟子、夫妻,平民合众,非社邑,造像制作、纪念庆赞、,发心造像、立碑题铭,信息不详,信息不详,信息不详,信息不详,[不详],[般若波罗蜜多心经],新造,佛教,无法判定,
764,石匣寺文满周造像记,北宋淳化四年（993 年）,993,四川乐至县石匣寺摩崖造像,16 号,至少4人,男≥4 人,石阶一所、路道,文满周、王氏及家眷,清信弟子,平民合众,非社邑,造像制作、寺院建设、,发心造像、修桥铺路,现世福报,福寿康宁 (夫妇寿算延远),祈福禳灾,延寿增福,[不详],[不详],新造,佛教,净土,
765,石匣寺王汉宗造像记,北宋淳化四年（993 年）,993,四川乐至县石匣寺摩崖造像,16 号,3,男 3 人,释迦牟尼佛、金刚力士、香花菩萨,王汉宗、衡氏等众户,清信弟子,平民合众,社邑,庄严修饰、,重装修饰,信息不详,信息不详 (重妆),修复缮完,修复圣像 (重妆),[不详],[不详],重妆,佛教,无法判定,
766,张家庙造像记,南宋绍兴三年（1133 年）,1133,重庆市大足区龙石乡张家庙摩崖造像,第 3 号龛,至少2人,男≥2 人,西方三圣,不详,弟子,平民合众,非社邑,造像制作、,镌刻雕造,信息不详,信息不详,信息不详,信息不详,[不详],[不详],新造,佛教,净土,
767,卧佛院母山造像记,南宋绍兴四年（1134 年）,1134,四川安岳卧佛院摩崖造像,第 3 号窟,3,男 1 人,卧佛并侍者、岩巨,母山、男士幼、士章,攻镌匠人、孙氏后裔,混合群体(名门士族、商贾匠人),非社邑,庄严修饰、,重装修饰,信息不详,信息不详 (重修),修复缮完,重修古迹,[不详],[不详],重修,佛教,无法判定,
768,千佛崖吕再兴造像记,南宋绍兴八年（1138 年）,1138,四川广元千佛崖摩崖造像,第 28 号窟,至少4人,男≥4 人,释迦佛,吕再兴、刘立、田忠,瓷窑户、平民,平民合众,非社邑,庄严修饰、,重装修饰,信息不详,信息不详 (重妆),修复缮完,修复圣像 (重妆),[不详],[不详],重妆,佛教,无法判定,
769,千佛崖北端造像记,南宋绍兴八年（1138 年）,1138,四川广元千佛崖摩崖造像,第 4 号睡佛窟,1,男,卧如来,□北端兄弟,平民,平民合众,非社邑,庄严修饰、,重装修饰,信息不详,信息不详 (重妆),修复缮完,修复圣像 (重妆),[不详],[不详],重妆,佛教,无法判定,
770,北山赵瓦造像记,南宋绍兴十七年（1147 年）,1147,重庆大足北山摩崖造像,多宝塔塔门,2,男 2 人,多宝塔,赵瓦,平民,平民合众,非社邑,造像制作、,造塔建幢,信息不详,信息不详,信息不详,信息不详,[不详],[不详],新造,佛教,无法判定,
771,白塔院李宗良造像记,南宋绍兴二十年（1150 年）,1150,四川资阳市乐至县白塔院,不详,2,男 1 人,25 尊圣像、《重修白塔院圣像记》碑,李宗良、李良宗、母士隆,信士弟子、孙氏后裔,混合群体(名门士族、普通百姓),非社邑,造像制作、寺院建设、造像制作、纪念庆赞、,复新重修、开窟凿洞、镌刻雕造、立碑题铭,信息不详,信息不详,修复缮完,重修古迹,[孝行] 继父志重修圣像,[不详],重修 + 新造,佛教,净土,
772,净慧岩赵庆升造像记,南宋绍兴二十一年（1151 年）,1151,四川安岳净慧岩摩崖造像,第 6 号,2,男≥1 人,赵庆升居士像,赵庆升、文仲璋,居士、攻镌匠人,混合群体(名门士族、商贾匠人),非社邑,造像制作、纪念庆赞、,镌刻雕造、立碑题铭,信息不详,信息不详,信息不详,信息不详,[不详],[不详],新造,佛教,无法判定,
773,净慧岩文仲璋造像记,南宋绍兴二十一年（1151 年）,1151,四川安岳净慧岩摩崖造像,15 号龛,1,男≥3 人、女 1 人,数珠手观音像,文仲璋、文琇,攻镌匠人父子,商贾匠人,非社邑,造像制作、,镌刻雕造,信息不详,信息不详,信息不详,信息不详,[不详],[不详],新造,佛教,"密教,观音体系",
774,卧佛院王官学造像记,南宋绍兴二十八年（1158 年）,1158,四川安岳卧佛院摩崖造像,第 3 号释迦涅槃变相窟,[不详],[不详],释迦佛,王官学,朝散大夫、知州,在职官员,非社邑,庄严修饰、,重装修饰,信息不详,信息不详 (重妆),修复缮完,修复圣像 (重妆),[不详],[不详],重妆,佛教,无法判定,
775,涞滩二佛寺当保弟造像记,南宋淳熙十四年（1177 年）,1177,重庆市合川区涞滩二佛寺南岩,第 3 号,[不详],[不详],达摩像,当保弟□□□□,平民,平民合众,非社邑,造像制作、,镌刻雕造,现世福报,福寿康宁 (此世来生福报),祈福禳灾,延寿增福,[祈愿] 此世来生福报,[不详],新造,佛教,禅宗,
776,涞滩二佛寺孙造像记,南宋淳熙十四年（1177 年）,1177,重庆市合川区涞滩二佛寺南岩,第 3 号,2,男 1 人、女 1 人,须菩提像,孙□、罗氏二娘、僧绍□,平民、僧人,混合群体(僧尼个体、普通百姓),非社邑,造像制作、,镌刻雕造,信息不详,信息不详,信息不详,信息不详,[不详],[不详],新造,佛教,无法判定,
777,涞滩二佛寺造释迦摩尼像记,南宋淳熙十三年（1186 年）,1186,重庆市合川区涞滩二佛寺西岩,第 15 号,2,男 2 人,释迦牟尼佛与禅宗六祖,不详,弟子,平民合众,非社邑,造像制作、,镌刻雕造,修行证悟,普度众生 (上报四恩),报恩酬德,报四恩,[上报四恩 / 下资三有 / 普及法界],[不详],新造,佛教,禅宗,
778,千佛寨造释迦像记,南宋绍熙四年（1193 年）,1193,四川安岳千佛寨摩崖造像,第 38 号龛,至少5人,男≥5 人,释迦佛,不详,弟子,平民合众,非社邑,造像制作、,发心造像,信息不详,信息不详,信息不详,信息不详,[不详],[不详],新造,佛教,无法判定,
779,千佛寨王天麒造像记,南宋庆元二年（1196 年）,1196,四川安岳千佛寨摩崖造像,第 58 号龛,[不详],[不详],佛像,王天麒、周氏喜娘,佛弟子夫妻,平民合众,非社邑,造像制作、,发心造像,信息不详,信息不详,信息不详,信息不详,[亡亲祈福] 为李氏往生,[不详],新造,佛教,无法判定,
780,涞滩二佛寺罗廷俊造像记,南宋嘉泰元年（1201 年）,1201,重庆市合川区涞滩二佛寺西岩,第 5 号龛,[不详],[不详],西方三圣龛,罗廷俊、僧绍灯,平民、僧人,混合群体(僧尼个体、普通百姓),非社邑,造像制作、,发心造像,超度往生,往生净土 (李氏往生净土),超度荐亡,亡亲超荐,[祈愿] 李氏往生净土,[不详],新造,佛教,净土,
781,深甫造像记,南宋嘉泰二年（1201 年）,1202,四川省简阳市摩崖造像,不详,[不详],[不详],佛像（重修旧龛 + 新开七龛）,深甫、檀越、母震等,信众、匠人,混合群体(商贾匠人、普通百姓),非社邑,造像制作、寺院建设、,复新重修、开窟凿洞,现世福报,福寿康宁 (寿禄高崇),修复缮完,重修古迹,[知府寿禄高崇 / 光荣世裔],[不详],重修 + 新造,佛教,无法判定,
782,千佛寨造天王像记,南宋嘉泰三年（1203 年）,1203,四川安岳千佛寨摩崖造像,5 号龛,[不详],[不详],四菩萨、天王,不详,弟子,平民合众,非社邑,造像制作、,发心造像,信息不详,信息不详,信息不详,信息不详,[不详],[不详],新造,佛教,无法判定,
783,嘉定四年菩萨岩造像记,南宋嘉定四年（1211 年）,1211,四川安岳双龙街乡菩萨岩摩崖造像,不详,1,男,佛、菩萨,不详,弟子,平民合众,非社邑,造像制作、,发心造像,超度往生,亡亲超荐 (超度先祖),超度荐亡,亡亲超荐,[亡亲超度] 为先祖第一代,[不详],新造,佛教,无法判定,
784,大庙山杜氏造像记,南宋嘉定十三年（1220 年）,1220,四川绵阳梓潼县大庙山,不详,1,女,三百佛像（巨像 3 尊 + 小像 297 尊）,杜氏,迪功郎、梓潼县主簿,在职官员,非社邑,造像制作、造像制作、,发心造像、镌刻雕造,佛法弘传,警世化人 (鸣指声不绝，起其善心),弘法传教,警世化人,[帝君显圣 / 士夫敬畏 / 善心萌发],[不详],新造,佛教,无法判定,
785,宝顶山道权造像记,南宋绍定四年（1231 年）,1231,重庆大足宝顶山小佛湾,第 9 号窟,1,未知（题记模糊）,释迦舍利宝塔禁中应现之图,道权,庆元府阿育王山广利禅寺住持,僧尼个体,非社邑,造像制作、,造塔建幢,国邦安宁,国运太平,护国兴邦,护国安邦,[不详],[不详],新造,佛教,无法判定,
786,华岩洞赵印存造像记,嘉熙庚子（1240 年）,1240,四川安岳赤水乡华岩洞摩崖造像,第 2 号窟,1,女,三教合窟（佛、道、儒）,赵印存叔,士人,名门士族,非社邑,造像制作、,发心造像,信息不详,信息不详,信息不详,信息不详,[不详],[不详],新造,三教混合（佛道儒）,无法判定,
787,尼妙音题记,武德七年（624 年）,624,不详,不详,10,10 男,菩萨、金刚,比丘尼妙音,比丘尼,僧尼个体,非社邑,造像制作、,发心造像,现世福报,消灾免难 (强贼陵掠),祈福禳灾,消灾免难,[不详],[不详],新造,佛教,无法判定,
788,慈母龛记,武德七年（624 年）,624,不详,不详,1,男,释迦牟尼佛、思惟报母恩菩萨,不详,弟子,平民合众,非社邑,造像制作、,发心造像,信息不详,信息不详,报恩酬德,报父母恩,[不详],[不详],新造,佛教,无法判定,
789,尼净明题记,武德八年（625 年）,625,不详,不详,4,未知（题记模糊）,弥勒像,比丘尼净明、母陈满足,比丘尼、平民,混合群体(僧尼个体、普通百姓),非社邑,造像制作、,发心造像,现世福报,消灾免难 (为身抱患),祈福禳灾,祛病安康,[不详],[不详],新造,佛教,弥勒体系,
790,大唐渠州始安县冲相寺七佛龛铭碑,开元四年（716 年）,716,四川广安肖溪镇冲相寺,不详,4,4 男,维卫佛等七佛、狮子神,丁正己、杜文思、张承观等,长史、平民、参军,混合群体(在职官员、普通百姓),非社邑,造像制作、造像制作、庄严修饰、纪念庆赞、,发心造像、镌刻雕造、妆銮彩绘、立碑题铭,信息不详,信息不详,报恩酬德,报父母恩,[不详],[不详],新造,佛教,无法判定,
791,利州北师佛龛记,720 年,720,四川广元千佛崖,不详,1,男,佛龛造像,苏颋,礼部尚书、益州大都督府长史,在职官员,非社邑,造像制作、,发心造像,信息不详,信息不详,信息不详,信息不详,[不详],[不详],新造,佛教,无法判定,
792,唐开元造像记,开元廿七年（739 年）,739,重庆市合川区濮岩寺,不详,1,男,文殊菩萨、阿弥陀佛（推定）,不详,弟子,平民合众,非社邑,造像制作、纪念庆赞、,发心造像、立碑题铭,信息不详,信息不详,信息不详,信息不详,[不详],[不详],新造,佛教,净土,
793,大唐渠州渠江县冲相寺破贼碑,永泰二年（766 年）,766,四川广安肖溪镇冲相寺,不详,16,16 男,神像,僧澄海、卢朝澈、崔衡等,僧人、县令、将士,混合群体(在职官员、僧尼个体、普通百姓),非社邑,造像制作、造像制作、,发心造像、镌刻雕造,现世福报,消灾免难 (破贼),祈福禳灾,消灾免难,[不详],[不详],新造,佛教,无法判定,
794,汶川县唐威戎军制造天王殿记,779 年前,≤779,四川汶川护国精舍,不详,1,男,天王殿及天王造像,贺若崟、刘昌、智昕等,兵马使、副使、寺主,混合群体(在职官员、僧尼个体),社邑,造像制作、寺院建设、,发心造像、建寺创殿,国邦安宁,国运太平,护国兴邦,护国安邦,[不详],[不详],新造,佛教,密教,
795,西阁寺造像残碑,贞元九年（793 年）,793,四川德阳中江县,不详,2,1 男、1 女,佛像,谭光,平民,平民合众,非社邑,造像制作、,发心造像,现世福报,家庭和睦 (合家清□),祈福禳灾,护宅安镇,[不详],[不详],新造,佛教,无法判定,
796,佛子岩崔立任造像记,不详,不详,四川省旺苍县佛子岩摩崖造像,29 号龛,2,未知（题记模糊）,七佛,崔立任,弟子,平民合众,非社邑,造像制作、,发心造像,信息不详,信息不详,信息不详,信息不详,[不详],[不详],新造,佛教,无法判定,
797,牛仙寺李开造像记,元和八年（813 年）,813,四川夹江县吴场乡白龙村牛仙寺摩崖造像,219 号龛,2,2 男,四圣龛（阿弥陀佛、观音、大势至、大海众菩萨）,李开、妻何氏,弟子、平民,平民合众,非社邑,造像制作、,发心造像,信息不详,信息不详,信息不详,信息不详,[不详],[不详],新造,佛教,净土,
798,牛仙寺杜渐造像记,820 年,820,四川夹江县吴场乡白龙村牛仙寺摩崖造像,225 号龛,[不详],[不详],天龙八部,杜渐、妻何氏,弟子、平民,平民合众,非社邑,造像制作、,发心造像,信息不详,信息不详,信息不详,信息不详,[不详],[不详],新造,佛教,无法判定,
799,牛仙寺造像记,贞元三年（787 年）,787,四川夹江县吴场乡白龙村牛仙寺摩崖造像,83 号龛,[不详],[不详],药师佛,不详,弟子,平民合众,非社邑,信息不详、,信息不详,信息不详,信息不详,信息不详,信息不详,[不详],[不详],新造,佛教,药师体系,
800,清溪杨钊造像记,永平二年（912 年）,912,四川省内江县高梁区安仁乡清溪摩崖造像,第 2 龛,[不详],[不详],佛像、菩萨像,杨钊、杨万进、张弘礼等,县令、都将、军将,混合群体(在职官员、普通百姓),非社邑,造像制作、造像制作、,发心造像、镌刻雕造,超度往生,亡亲超荐 (为亡考),超度荐亡,亡亲超荐,[不详],[不详],新造,佛教,无法判定,
801,清溪造像记,永平二年（912 年）,912,四川省内江县高梁区安仁乡清溪摩崖造像,第 12 龛,1,男,佛像,不详,平民,平民合众,非社邑,造像制作、,发心造像,信息不详,信息不详,信息不详,信息不详,[不详],[不详],新造,佛教,无法判定,
802,清溪僧元信造像记,圣宋壬戌（1022 年）,1022,四川省内江县高梁区安仁乡清溪摩崖造像,第 10 龛,2,1 男、1 女,碑记（圣宋壬戌碑）,僧口元信、州刺史,僧人、官员,混合群体(在职官员、僧尼个体),非社邑,纪念庆赞、,立碑题铭,信息不详,信息不详,信息不详,信息不详,[不详],[不详],新造,佛教,无法判定,
803,涞滩二佛寺清泉造像记,皇宋庚子（1180 年）,1180,重庆市合川区涞滩二佛寺摩崖造像,第 13 号像,1,男,弥勒像,清泉□节、当寺僧,平民、僧人,混合群体(僧尼个体、普通百姓),非社邑,造像制作、,发心造像,超度往生,亡亲超荐 (母亲张□),超度荐亡,亡亲超荐,[不详],[不详],新造,佛教,弥勒体系,
804,涞滩二佛寺造像记,1176 年,1176,重庆市合川区涞滩二佛寺摩崖造像,165-171 号像,1,男,禅宗六祖像（达摩至慧能）,不详,弟子,平民合众,非社邑,信息不详、,信息不详,信息不详,信息不详,信息不详,信息不详,[不详],[不详],新造,佛教,禅宗,
805,千佛寨造像记,前蜀永平五年（915 年）,915,四川安岳千佛寨摩崖造像,第 56 号龛,1,男,造像（题材不详）,不详,平民,平民合众,非社邑,庄严修饰、,妆銮彩绘,信息不详,信息不详,信息不详,信息不详,[不详],[不详],重妆,佛教,无法判定,中元节
806,千佛寨李真造像记,不详,不详,四川安岳千佛寨摩崖造像,第 45 号龛,1,3 男、2 男（道士）、1 男（法师）、1 男（道师）,双石释迦牟尼佛,李真,京兆进士,宗族官僚,非社邑,造像制作、纪念庆赞、,镌刻雕造、立碑题铭,信息不详,信息不详,信息不详,信息不详,[不详],[不详],新造,佛教,无法判定,
807,大像山何松寿造像记,809 年,809,四川省阆中市大像山摩崖造像,不详,1,未知（题记模糊）,碑记、大佛造像,何松寿,平民(居士),平民合众,非社邑,造像制作、寺院建设、,发心造像、建寺创殿,信息不详,信息不详,信息不详,信息不详,[不详],[不详],新造,佛教,无法判定,
808,卧佛院檀三藏造像记,开元十五年（727 年）,727,四川安岳卧佛院摩崖造像,第 73 号,1,未知（题记模糊）,造像（题材不详）,檀三藏,三藏僧人,僧尼个体,非社邑,造像制作、,镌刻雕造,信息不详,信息不详,信息不详,信息不详,[不详],[不详],新造,佛教,无法判定,
809,卧佛院杨思慎造像记,不详,不详,四川安岳卧佛院摩崖造像,第 71 号,1,未知（题记模糊）,造像（题材不详）,杨思慎,平民,平民合众,非社邑,造像制作、,发心造像,超度往生,亡亲超荐 (为亡父、亡母),信息不详,信息不详,[不详],[不详],新造,佛教,无法判定,
810,卧佛院僧仪造像记,不详,不详,四川安岳卧佛院摩崖造像,第 66 号,1,男,涅槃经龛（涅槃变）,僧仪,沙门僧人,僧尼个体,非社邑,造像制作、,发心造像,信息不详,信息不详,信息不详,信息不详,[不详],[不详],新造,佛教,无法判定,
811,罗浮洞范祥造像记,宝庆元年（1225 年）,1225,四川省富顺县罗浮洞,不详,1,男,解冤释结天尊,范祥、杨智武、王混等,奉道法籙臣、道士,混合群体(道士、普通百姓),非社邑,供养施舍、纪念庆赞、纪念庆赞、,施财舍物、立碑题铭、立碑盟誓,现世福报,解冤释结 (断除伏连，解释冤愆),祈福禳灾,解冤释结,[不详],[不详],新造,道教,无法判定,
812,石篆山造像记,不详,不详,重庆市大足区三驱镇佛惠村石篆山石窟,第 5 号龛,1,男,文殊菩萨（青狮）、普贤菩萨（白象）、阿难、香花童子,不详,弟子,平民合众,非社邑,信息不详、,信息不详,信息不详,信息不详,信息不详,信息不详,[不详],[不详],新造,佛教,华严,
813,南宋庆元东山造像记,南宋庆元年间（推断）,1195-1200,四川省绵阳市三台县东山摩崖造像,2 号龛,1,男,造像（题材不详）,不详,平民,平民合众,非社邑,信息不详、,信息不详,信息不详,信息不详,信息不详,信息不详,[不详],[不详],新造,佛教,无法判定,
814,会昌三年东山造像记,会昌三年（843 年）,843,四川省绵阳市三台县东山摩崖造像,7 号龛,1,男,佛像,不详,平民,平民合众,非社邑,信息不详、,信息不详,信息不详,信息不详,信息不详,信息不详,[不详],[不详],新造,佛教,无法判定,
815,观音岩阎造像记,元和五年（810 年）,810,四川广元蟠龙镇观音岩摩崖造像,19 号龛,1,未知（题记模糊）,造像（题材不详）,阎□,平民,平民合众,非社邑,信息不详、,信息不详,信息不详,信息不详,信息不详,信息不详,[不详],[不详],新造,佛教,无法判定,
816,观音岩聂观造像记,756 年,756,四川广元蟠龙镇观音岩摩崖造像,39 号龛,1,未知（题记模糊）,一佛二菩萨,聂观,左戍卫翊府郎将,在职官员,非社邑,造像制作、,发心造像,信息不详,信息不详,信息不详,信息不详,[不详],[不详],新造,佛教,无法判定,
817,观音岩王迪造像记,742-758 年,742-758,四川广元蟠龙镇观音岩摩崖造像,41 号龛,1,未知（题记模糊）,阿弥陀佛、观音菩萨、地藏菩萨,王迪,洋川郡司户,在职官员,非社邑,造像制作、,发心造像,现世福报,福寿康宁 (愿平安),祈福禳灾,护宅安镇,[不详],[不详],新造,佛教,"净土,观音体系；地藏体系",
818,观音岩陈遇王造像记,天宝年间,742-756,四川广元蟠龙镇观音岩摩崖造像,50 号龛,1,未知（题记模糊）,造像（题材不详）,陈遇王,镇将,在职官员,非社邑,造像制作、,发心造像,信息不详,信息不详,信息不详,信息不详,[不详],[不详],新造,佛教,无法判定,
819,观音岩韦光造像记,天宝末年,756,四川广元蟠龙镇观音岩摩崖造像,107 号龛,[不详],[不详],造像（题材不详）,韦光（？）朝,剑南节度判官、殿中丞,在职官员,非社邑,造像制作、,发心造像,信息不详,信息不详,信息不详,信息不详,[不详],[不详],新造,佛教,无法判定,
820,飞仙阁造像记,开元二十年（732 年）,732,四川蒲江飞仙阁摩崖造像,不详,[不详],[不详],长乐天尊,不详,奉道弟子,平民合众,非社邑,造像制作、,发心造像,信息不详,信息不详,信息不详,信息不详,[不详],[不详],新造,道教,无法判定,
821,广元造像记,1210年,1210,四川广元出土,不详,1,男,石台座、香炉,不详,弟子,平民合众,非社邑,供养施舍、庄严修饰、,施财舍物、妆銮彩绘,佛法弘传,供养永续 (永远供养),信息不详,信息不详,事件未提,[不详],新造,佛教,无法判定,
822,照阿拉姆墀松德赞造像记,8世纪末到9世纪初,780-810,四川石渠县洛须 “照阿拉姆” 摩崖石刻,不详,1,男,佛像,墀松德赞、杨二□等,赞普、平民,混合群体(皇室宗亲、普通百姓),非社邑,造像制作、造像制作、,发心造像、镌刻雕造,国邦安宁,国运太平,护国兴邦,护国安邦,事件未提,[不详],新造,佛教,无法判定,藏文，大乘密教混合
823,照阿拉姆造像记,755-826年,755-826,四川石渠县洛须 “照阿拉姆” 摩崖石刻,不详,不详,不详,一佛二菩萨（推定，有争议）,不详,吐蕃臣民,平民合众,非社邑,造像制作、,镌刻雕造,信息不详,信息不详,信息不详,信息不详,事件未提,[不详],新造,佛教,密教,藏文
824,大旺寺造像记,不详,不详,四川中江县仓山镇大旺寺摩崖造像,3 号龛,不详,不详,众像（题材不详）,不详,弟子,平民合众,非社邑,庄严修饰、,妆銮彩绘,信息不详,信息不详 (装彩),修复缮完,修复圣像 (装彩),事件未提,[不详],重妆,佛教,无法判定,
825,大旺寺造多佛像记,唐代,618-907,四川中江县苍山镇大旺寺,摩崖造像 18 号龛（含龛内造像和龛前碎石）,17,9 男、8 女,宝□如来、成就卢舍那佛、乾镜像佛、摩尼幢灯光佛、梅檀□严胜佛、普现已身光佛、不动至光佛、日月光佛、日月珠光佛、海□光明佛、金刚□散金光佛、多摩佛、梅檀香佛、药佛、藏积佛等二十五佛及一切诸佛,[不详],无,[不详],非社邑,造像制作、,镌刻雕造,信息不详,信息不详,信息不详,信息不详,家庭变故(亡妣任氏),南无舍利弗□□□善男子善女人闻此佛名至心受特意念世人毕竟得七觉□三昧得不退转于阿耨多三藐三菩提超越世间六十劫；若人闻此佛名至心受特意念书写读诵合掌礼拜若复有人满三千大千世界珍宝布施如是日日满百岁如此布施福德比前至心礼拜功德百分不及其一；南无成就卢舍那佛；若人闻此佛名受持读诵意□超越□世间五百劫；南无□□□乾镜像佛；若人闻此佛名受持读诵……□□□脱三恶道苦………… 药…… 佛 /…… 藏…… 积佛；南无摩尼 / 幢灯光佛；南无梅檀□/□严胜佛；南无普现 / 已身光佛；南无不动至 / 光佛 /；南无日月 / 光佛；南无日月 / 珠光佛……；南无海□/ 光明佛；南无金刚□/□散金光□……；…… 南无多摩……；…… 南无梅檀香……,[不详],佛教,华严,
826,北山佛湾造像记,901年,901,重庆大足北山佛湾,第 9 号窟,[不详],[不详],大悲观世音菩萨并天龙部众,[不详],检校司空【使持节都督】,封爵贵族,非社邑,造像制作、造像制作、,组织营建、镌刻雕造,信息不详,信息不详,信息不详,信息不详,事件未提,[不详],新造,佛教,观音体系,
827,庵堂寺勾從本造像记,907 年,907,四川省安岳县庵堂寺,摩崖造像第 10 号龛,2,1 男、1 女,大悲菩萨,勾從本、赵水囗、何儒、何才、赵师□、住持僧惠□、小师□、张□□、夏誌□、明沙门□、院主文义、赵氏、师立贵礼、七娘、杨氏、师進、王居礼、任师□□等,军事押衙、僧、弟子、施主,混合群体(在职官员、虔诚弟子、僧尼个体),社邑,造像制作、造像制作、造像制作、,发心造像、镌刻雕造、组织营建,信息不详,信息不详,信息不详,信息不详,事件未提,[不详],新造,佛教,观音体系,
828,庵堂寺黄氏十娘造像记,925 年,925,四川省安岳县庵堂寺,摩崖造像第 15 号龛,1,男,阿弥陀佛、观世音菩萨、大势至菩萨、十方佛,黄氏十娘、王敬文八娘、黄氏十娘眷属,女弟子、尚书、马使检校工部尚书御史大夫上柱国,混合群体(在职官员、虔诚弟子(家庭合署)),非社邑,造像制作、纪念庆赞、,发心造像、庆讫记功,现世福报,福寿康宁 (禄壽光永),祈福禳灾,延寿增福,事件未提,[不详],新造,佛教,"净土,观音体系",另有版本
829,庵堂寺比丘惠初造像记,925 年,925,四川省安岳县庵堂寺,摩崖造像第 16 号龛,15,10男、5 女,白衣观音菩萨、花聚菩萨,比丘惠初,比丘,僧尼个体,非社邑,造像制作、造像制作、,发心造像、镌刻雕造,超度往生,亡亲超荐 (为亡妣任氏),超度荐亡,亡亲超荐,家庭变故(亡妣任氏),[不详],新造,佛教,"密教,观音体系",
830,庵堂寺高山长造像记,929 年,929,四川省安岳县庵堂寺,摩崖造像第 17 号龛,54,41 男、13 女,阿弥陀佛、七佛、救苦观音、地藏菩萨,高山长、李氏及家族成员,弟子,虔诚弟子(家庭合署),非社邑,造像制作、造像制作、庄严修饰、,发心造像、镌刻雕造、妆銮彩绘,现世福报,福寿康宁 (夫妇壽比松筠),祈福禳灾,延寿增福,事件未提,[不详],新造、重妆,佛教,"净土,观音体系；地藏体系",
831,庵堂寺造像记,[不详],不详,四川省安岳县庵堂寺,摩崖造像第 4 号龛,[不详],[不详],阿弥陀佛,[不详],无,[不详],非社邑,造像制作、,发心造像,信息不详,信息不详,信息不详,信息不详,事件未提,[不详],新造,佛教,净土,
832,庵堂寺道人罗造像记,908 年,908,四川省安岳县庵堂寺,摩崖造像第 8 号龛,[不详],[不详],救苦天尊,道人罗 (?)、马氏孙承 (?) 宗,道人,虔诚弟子,非社邑,造像制作、,发心造像,信息不详,信息不详,信息不详,信息不详,事件未提,[不详],新造,二教混合（佛道）,无法判定,
833,庵堂寺道人造像记,932 年,932,四川省安岳县庵堂寺,摩崖造像第 8 号龛,[不详],[不详],[不详],道人,道人,虔诚弟子,非社邑,造像制作、,发心造像,信息不详,信息不详,信息不详,信息不详,事件未提,[不详],新造,道教,无法判定,
834,庵堂寺邓幸枚造像记,930 年,930,四川省安岳县庵堂寺,摩崖造像第 19 号龛,2,2 男,释迦牟尼佛、宝胜佛、三世佛、十方佛、二菩萨、阿难、迦叶部众,邓幸枚、邓幸牧夫妇及眷属,左俻边第四都厢虞侯、弟子,混合群体(在职官员、虔诚弟子(家庭合署)),非社邑,造像制作、造像制作、纪念庆赞、,发心造像、镌刻雕造、设斋表赞,现世福报,消灾免难 (罪乱之时，冤家支离),祈福禳灾,消灾免难,地方暴力(罪乱之时),[不详],新造,佛教,净土,
835,庵堂寺董师球造像记,930 年,930,四川省安岳县庵堂寺,摩崖造像第 20 号龛,1,男,16 罗汉（宾度罗隨闍、迦诺迦伐结蹉、迦诺迦跋釐堕、蘇频陀、诺距羅、跋陀羅、戍博迦、半託迦、羅護、那伽犀那、因揭陀、伐那婆斯等）,董师球、黄氏、王师立、□氏六娘、王居礼、袁氏、田氏、何江满、赵师全、赵忠怀、王居德（?）、文行全、杨公义、刘公展、勾文立、任彦镇（?）、任（?）忠信、任忠虔、马志法、马志□、范可度、□氏、赵□、何公顺、陈同□、白守真、赵师亮、赵元礼、杨……、张赏、冯氏、李氏八娘、冯彦徊、陈道龙、李氏五娘、文道贞、马氏、孙承宗等,节主提突将、弟子、节度副使前昌州押司、佩法弟子,混合群体(在职官员、虔诚弟子),非社邑,造像制作、造像制作、,发心造像、镌刻雕造,信息不详,信息不详,信息不详,信息不详,事件未提,[不详],新造,佛教,无法判定,
836,菩萨岩第 4 龛造像记,中晚唐时期,756-907,四川资阳中和镇菩萨岩,造像第 4 龛,[不详],[不详],[不详],[不详],无,[不详],非社邑,信息不详、,信息不详,信息不详,信息不详,信息不详,信息不详,事件未提,[不详],[不详],佛教,无法判定,
837,菩萨岩第 7 龛造像记,中晚唐时期,756-907,四川资阳中和镇菩萨岩,造像第 7 龛,[不详],[不详],[不详],[不详],无,[不详],非社邑,信息不详、,信息不详,信息不详,信息不详,信息不详,信息不详,事件未提,[不详],重妆,佛教,无法判定,
838,佛尔岩造像记,764 年,764,四川资阳临江镇佛尔岩,造像第 8 龛,1,男,佛菩萨,[不详],无,普通百姓,非社邑,造像制作、纪念庆赞、,发心造像、设斋表赞,信息不详,信息不详,信息不详,信息不详,事件未提,[不详],新造,佛教,无法判定,
839,中岩寺何偕造像记,860 年,860,四川眉山青神中岩寺,摩崖造像 2 号龛经幢,[不详],[不详],[不详],何偕兄弟,无,普通百姓(家庭合署),非社邑,供养施舍、纪念庆赞、,施财舍物、立碑题铭,信息不详,信息不详,信息不详,信息不详,事件未提,[不详],新造,佛教,无法判定,
840,法宝寺牟渐造像记,[不详]（唐咸通四年 863 年重修）,863,四川眉山法宝寺,摩崖造像第 34 龛,[不详],未知（题记模糊）,鬼王,牟渐,弟子,虔诚弟子,非社邑,造像制作、庄严修饰、,发心造像、重装修饰,现世福报,家庭和睦 (合家平安),祈福禳灾,护宅安镇,事件未提,[不详],新造、重修,佛教,地藏体系,
841,法宝寺造鬼王像记,北宋至和二年 1055 年,1055,四川眉山法宝寺,摩崖造像第 34 龛,1,男,鬼王,[不详],无,[不详],非社邑,庄严修饰、,重装修饰,信息不详,信息不详 (重修),修复缮完,重修古迹,事件未提,[不详],重修,佛教,地藏体系,
842,法宝寺苏产造像记,[不详],不详,四川眉山法宝寺,摩崖造像第 34 龛,[不详],[不详],[不详],苏产、文彦杨,□六尉、□节行,在职官员,非社邑,信息不详、,信息不详,信息不详,信息不详,信息不详,信息不详,事件未提,[不详],[不详],佛教,无法判定,
843,法宝寺法兴造像记,唐中和三年 883 年,883,四川眉山法宝寺,摩崖造像第 33 龛,1,男,东方提头赖吒天王,法兴,弟子,虔诚弟子,非社邑,造像制作、,发心造像,信息不详,信息不详,信息不详,信息不详,事件未提,[不详],新造,佛教,无法判定,
844,淳化元年法宝寺造像记,北宋淳化元年 990 年,990,四川眉山法宝寺,摩崖造像第 33 龛,1,男,[不详],[不详],无,[不详],非社邑,信息不详、,信息不详,信息不详,信息不详,信息不详,信息不详,事件未提,[不详],[不详],佛教,无法判定,
845,法宝寺第33龛造像记,[不详],不详,四川眉山法宝寺,摩崖造像第 33 龛,[不详],[不详],[不详],[不详],无,[不详],非社邑,信息不详、,信息不详,信息不详,信息不详,信息不详,信息不详,事件未提,[不详],[不详],佛教,无法判定,
846,法宝寺徐思道造像记,北宋乾德六年 968 年,968,四川眉山法宝寺,摩崖造像第 19 龛,1,男,释迦牟尼佛、阿弥陀佛、弥勒尊佛、观音菩萨、势至菩萨,徐思道等,弟子,平民合众,非社邑,造像制作、纪念庆赞、,发心造像、设斋表赞,超度往生,亡亲超荐 (为亡母郭氏),超度荐亡,亡亲超荐,家庭变故(亡母郭氏),[不详],新造,佛教,净土,
847,法宝寺第19龛造像记,[不详],不详,四川眉山法宝寺,摩崖造像第 19 龛,[不详],[不详],[不详],[不详],无,[不详],非社邑,信息不详、,信息不详,信息不详,信息不详,信息不详,信息不详,事件未提,[不详],重修,佛教,无法判定,
848,法宝寺刘立发造像记,10 世纪上半叶,900-950,四川眉山法宝寺,摩崖造像第 16 龛,[不详],[不详],[不详],刘立发,弟子,虔诚弟子,非社邑,造像制作、,发心造像,信息不详,信息不详,信息不详,信息不详,事件未提,[不详],新造,佛教,无法判定,
849,法宝寺倡造像记,唐文德二年 899 年,899,四川眉山法宝寺,摩崖造像第 14 龛,[不详],[不详],[不详],□倡,弟子,虔诚弟子,非社邑,造像制作、,发心造像,现世福报,家庭和睦 (合家宁泰),祈福禳灾,护宅安镇,事件未提,[不详],新造,佛教,无法判定,
850,法宝寺弟子造像记,9 世纪下半叶,850-899,四川眉山法宝寺,摩崖造像第 7 龛,1,男,三佛、二菩萨,□弟子,弟子,虔诚弟子,非社邑,造像制作、,发心造像,信息不详,信息不详,信息不详,信息不详,事件未提,[不详],新造,佛教,无法判定,
851,法宝寺关亮造像记,9 世纪下半叶,850-899,四川眉山法宝寺,摩崖造像第 4 龛,1,男,一佛、二弟子、二菩萨、二力士,关亮,无,普通百姓,非社邑,造像制作、,发心造像,信息不详,信息不详,信息不详,信息不详,事件未提,[不详],新造,佛教,无法判定,
852,大埂子县武造像记,[不详],不详,四川大英县大埂子,摩崖造像第 1 龛,[不详],[不详],救苦观世音菩萨,县武（？）县牟（？）令四（？）,令,在职官员,非社邑,造像制作、,发心造像,信息不详,信息不详,信息不详,信息不详,事件未提,[不详],新造,佛教,观音体系,
853,大埂子造像记,唐天宝九载 750 年,750,四川大英县大埂子,摩崖造像第 1 龛,1,男,[不详],[不详],无,[不详],非社邑,信息不详、,信息不详,信息不详,信息不详,信息不详,信息不详,事件未提,[不详],新造,佛教,无法判定,
854,大埂子罗行成造像记,唐天宝九载 750 年,750,四川大英县大埂子,摩崖造像第 1 龛,1,男,五十三佛,罗行成（？）,无,普通百姓,非社邑,造像制作、,发心造像,信息不详,信息不详,信息不详,信息不详,事件未提,[不详],新造,佛教,"净土,药师体系",
855,隋信州金轮寺舍利塔铭,隋仁寿二年 602 年,602,重庆市奉节县金轮寺,舍利塔,1, 男,舍利塔,大隋皇帝,皇帝,皇室宗亲,非社邑,造像制作、纪念庆赞、,造塔建幢、立碑题铭,超度往生,普度众生 (普为一切法界幽显生灵),超度荐亡,普度众生,事件未提,[不详],新造,佛教,无法判定,浴佛节
856,隋梓州牛头山舍利塔铭,隋仁寿四年 604 年,604,四川省绵阳市潼川县三台县牛头山,[不详],3,3 男,舍利塔,大隋皇帝,皇帝,皇室宗亲,非社邑,造像制作、纪念庆赞、,造塔建幢、立碑题铭,超度往生,普度众生 (普为一切法界幽显神灵),超度荐亡,普度众生,事件未提,[不详],新造,佛教,无法判定,浴佛节
857,古雒县塔记,唐贞观十三年 649 年后,＞649,四川德阳古雒县塔,[不详],1,男,造塔与修塔碑记,[不详],沙门道卓、三律师等,混合群体(虔诚弟子、僧尼个体),非社邑,造像制作、庄严修饰、纪念庆赞、,造塔建幢、重装修饰、立碑题铭,信息不详,信息不详,信息不详,信息不详,事件未提,[不详],重修,佛教,无法判定,
858,唐利州刺史毕公柏堂寺菩提瑞象颂并序,唐宝历元年 - 二年 825-826 年,825-826,四川广元千佛崖,菩提瑞相龛,3,3 男,碑记,[不详],利州州牧、郡太守、度支尚书等官员、沙门,混合群体(在职官员、僧尼个体),非社邑,造像制作、纪念庆赞、,发心造像、立碑题铭,信息不详,信息不详,信息不详,信息不详,事件未提,[不详],[不详],佛教,无法判定,
859,石门弥陀像碑,唐开元二十三年 735 年,735,重庆市合川区濮岩寺,[不详],1,男,四天王像等,孙使君平公、八百居士,使君、居士,混合群体(在职官员、虔诚弟子),非社邑,造像制作、纪念庆赞、纪念庆赞、,发心造像、设斋表赞、立碑题铭,信息不详,信息不详,信息不详,信息不详,事件未提,[不详],新造,佛教,净土,
860,再修大慈寺普贤菩萨记,唐贞元十七年 801 年,801,四川省成都市大慈寺,[不详],5,5 男,普贤菩萨,韦皋、大煦和尚、传教沙门体源,剑南西川节度使、和尚、传教沙门,混合群体(在职官员、僧尼个体),非社邑,造像制作、纪念庆赞、,发心造像、立碑题铭,信息不详,信息不详,修复缮完,修复圣像,事件未提,[不详],重修,佛教,无法判定,
861,嘉州凌云寺大弥勒佛石像记,唐贞元十九年 803 年,803,四川省乐山市凌云寺,[不详],1,男,弥勒座像,韦皋、沙门海通、章仇兼琼,剑南西川节度使、沙门、连帅,混合群体(在职官员、僧尼个体),非社邑,造像制作、纪念庆赞、,发心造像、立碑题铭,现世福报,消灾免难 (济天下之险),信息不详,信息不详,事件未提,[不详],新造、重修,佛教,弥勒体系,
862,西川鹦鹉舍利塔记,唐贞元十九年 803 年,803,四川省成都市金堂县三学山,[不详],1,男,造塔碑,韦皋、高僧慧观,剑南西川节度使、高僧,混合群体(在职官员、僧尼个体),非社邑,造像制作、纪念庆赞、,造塔建幢、立碑题铭,超度往生,往生净土 (往生西方),修证悟道,往生净土,事件未提,[不详],新造,佛教,净土,
863,校书郎段文昌题名,唐元和二年 807 年,807,四川省广元市千佛崖,[不详],1,男,[不详],段文昌,前秘书省校书郎,在职官员,非社邑,信息不详、,信息不详,信息不详,信息不详,信息不详,信息不详,事件未提,[不详],[不详],佛教,无法判定,
864,弘济寺新制石灯台铭并序,唐元和十三年 818 年,818,四川省广元市剑阁县武连镇弘济寺,[不详],70,46 男、24 女,石灯台,魏公政,录事,在职官员,非社邑,造像制作、纪念庆赞、,造塔建幢、立碑题铭,信息不详,信息不详,信息不详,信息不详,事件未提,[不详],新造,佛教,无法判定,
865,保唐寺毗沙门天王灯幢赞并序,唐大历十一年 776 年 - 元和十五年 820 年之间,776-820,唐时成都平康里保唐寺（今地址不详）,[不详],7,6 男、1 女,毗沙门天王,了法、超证、灵皎、超元等僧人,供奉大德、上座、寺主、都维那,僧团僧伽,非社邑,造像制作、纪念庆赞、,造塔建幢、立碑题铭,现世福报,福寿康宁 (益算，续灵长之寿),祈福禳灾,延寿增福,事件未提,[不详],新造,佛教,净土；密教,
866,卢专造像记碑,唐长庆元年 821 年,821,重庆市合川区濮岩寺,[不详],4,4 男,弥勒尊佛,卢专,合州刺史,在职官员,非社邑,造像制作、纪念庆赞、,发心造像、立碑题铭,超度往生,亡亲超荐 (为亡妻，愿净土),超度荐亡,亡亲超荐,家庭变故(亡妻清河崔氏、弟亡新),[不详],新造,佛教,"净土,弥勒体系",
867,移铁像记,唐长庆三年 823 年,823,重庆市奉节县始兴寺,[不详],2,2 男,弥勒佛、菩萨,法照,寺僧,僧尼个体,非社邑,造像制作、造像制作、纪念庆赞、,发心造像、镌刻雕造、立碑题铭,信息不详,信息不详,信息不详,信息不详,事件未提,[不详],新造,佛教,弥勒体系,
868,西方阁院碑,唐开成元年 836 年,836,四川省德阳市中江县西阁寺,[不详],3,3 男,佛像、分身塔,王达、王钦、王照、王华、僧日法宝、僧日宏、僧日忠、僧日林、智海、云展等,登仕郎、试凤翔府扶风县尉、上护军、僧,混合群体(在职官员、僧尼个体、虔诚弟子),非社邑,造像制作、寺院建设、纪念庆赞、,发心造像、建寺创殿、立碑题铭,信息不详,信息不详,信息不详,信息不详,事件未提,[不详],新造、重修,佛教,净土,
869,巴郡太守荥阳郑公新建天王记,唐会昌六年 846 年,846,四川省巴中市南龛山,[不详],1,男,毗沙门天王、救苦观音菩萨,巴郡太守荥阳公、彭城刘氏,巴郡太守、夫人,混合群体(在职官员、虔诚弟子),非社邑,造像制作、造像制作、纪念庆赞、,发心造像、镌刻雕造、立碑题铭,国邦安宁,国运太平,护国兴邦,护国安邦,事件未提,[不详],新造,佛教,密教,
870,李景让题名,唐大中十一年 857 年,857,四川省广元市千佛崖,[不详],23,23 男,[不详],李景让、谯焜海、须蔚、杨□福,尚书、处士,混合群体(在职官员、普通百姓),非社邑,信息不详、,信息不详,信息不详,信息不详,信息不详,信息不详,事件未提,[不详],[不详],佛教,无法判定,另有版本
871,郑愚题名,唐大中十三年 859 年,859,四川省广元市千佛崖,[不详],10,10 男,[不详],郑愚,尚书职方员外郎、前西川仆射副倅,在职官员,非社邑,信息不详、,信息不详,信息不详,信息不详,信息不详,信息不详,事件未提,[不详],[不详],佛教,无法判定,
872,龙多山残碑,唐咸通五年 864 年,864,重庆市龙多山,[不详],7,7 男,千佛龛,赵行,宣义郎行合州赤水县令,在职官员,非社邑,造像制作、造像制作、纪念庆赞、,发心造像、镌刻雕造、立碑题铭,信息不详,信息不详,信息不详,信息不详,事件未提,[不详],新造,佛教,无法判定,
873,唐重修北岩院记,唐咸通十二年 871 年,871,四川省内江市资中县北岩院,[不详],1,男,佛像、尊胜幢、佛阁等,阳公、佺公、元皛、檀越,郡太守、僧人、施主,混合群体(在职官员、僧尼个体、虔诚弟子),非社邑,寺院建设、造像制作、纪念庆赞、,建寺创殿、镌刻雕造、立碑题铭,信息不详,信息不详,信息不详,信息不详,事件未提,[不详],新造、重修,佛教,密教,另有版本
874,剑州刺史李讽修佛题记,唐咸通十四年 873 年,873,四川省广元市千佛崖,[不详],2,1 男 1 女,当阳佛,李讽,朝议大夫守剑州刺史上柱国赐金鱼袋,在职官员,非社邑,庄严修饰、,重装修饰,信息不详,信息不详,信息不详,信息不详,事件未提,[不详],新造,佛教,无法判定,
875,龙多山碑,唐咸通十五年 874 年,874,重庆市龙多山,[不详],2,2 男,[不详],惠慕、行典、道乐、道宗等当院小师,小师,僧团僧伽,非社邑,造像制作、寺院建设、,发心造像、建寺创殿,信息不详,信息不详,信息不详,信息不详,事件未提,[不详],新造,佛教,无法判定,中元节
876,壁州新建山寺记,唐中和四年 884 年（宋嘉祐八年 1063 年重刻）,884、1063,四川省巴中市通江县,[不详],1,女,[不详],郑畋、郑凝绩、匡信,凤翔节度使、壁州长史、僧,混合群体(在职官员、僧尼个体),非社邑,寺院建设、造像制作、纪念庆赞、,建寺创殿、发心造像、立碑题铭,信息不详,信息不详,信息不详,信息不详,地方暴力(时事维艰，人心忧扰；除狡獠),佛顶尊胜陀罗尼(千手观音相关经文),重修,佛教,无法判定,
877,唐张祎南龛题名记,唐中和四年 884 年,884,四川省巴中石窟南龛,[不详],7,7 男,释迦像,张袆,尚书右丞、判户部,在职官员,非社邑,造像制作、造像制作、纪念庆赞、,发心造像、镌刻雕造、立碑题铭,信息不详,信息不详,信息不详,信息不详,地方暴力(中途隔烟尘、遇军变),[不详],新造,佛教,无法判定,另有版本
878,唐重修化城龛记,唐文德元年 888 年,888,四川省巴中市南龛石窟,[不详],2,1男1女,释迦牟尼佛、救苦菩萨、五如来佛、阿弥陀佛、鬼子母佛,李思弘夫妻,同节度十将军事押衙充都押都巡兼殿中侍御史,在职官员(家庭合署),非社邑,庄严修饰、纪念庆赞、,重装修饰、设斋表赞,现世福报,富贵功名 (自身迁荣，禄位日新),祈福禳灾,延寿增福,事件未提,[不详],重妆,佛教,净土；密教,另有版本
879,韦君靖碑,唐乾宁二年 895 年,895,重庆市大足县北山佛湾石窟,[不详],1,男,千手千眼观音菩萨,韦君靖,紫金光禄大夫检校司空使持节都督昌州诸军事守昌州刺史等,封爵贵族,非社邑,造像制作、寺院建设、纪念庆赞、,发心造像、建寺创殿、立碑题铭,国邦安宁,国运太平,护国兴邦,护国安邦,地方暴力(乾符之际蝗旱兵戈、黄巢侵陷京阙、韩秀升悖乱、郑君雄失律、山行章攻围),[不详],新造,佛教,"密教,观音体系",
880,唐罗汉寺碑,唐光化三年 900 年,900,四川省资阳市乐至县,[不详],2,2 男,阿弥陀佛,宋满、杨德,普通百姓,平民合众,非社邑,供养施舍、寺院建设、纪念庆赞、,施财舍物、置产供用、立碑题铭,超度往生,普度众生 (法界苍生、上祖亡灵),超度荐亡,普度众生,事件未提,[不详],新造,佛教,净土,
881,蜀千佛崖越国夫人造像二种,后唐乾德六年 924 年,924,四川省广元市千佛崖柏堂寺,[不详],1,女,毗卢遮那佛、诸菩萨及部从音乐,越国夫人路氏（四十二娘）,府主相公宅越国夫人,封爵贵族,非社邑,庄严修饰、纪念庆赞、,重装修饰、设斋表赞,信息不详,信息不详 (重修装),修复缮完,修复圣像 (重修装),事件未提,[不详],重妆,佛教,华严,另有版本
882,后唐刘安文造像,后唐同光四年 926 年,926,四川省成都市简阳市,[不详],38,30 男 8 女,阿弥陀佛,刘安文,权土客军都虞候检校刑部尚书兼御史大夫,在职官员,非社邑,造像制作、纪念庆赞、,发心造像、设斋表赞,信息不详,信息不详 (重装),超度荐亡,亡亲超荐,家庭变故(奉为亡室扶风郡惠氏),[不详],新造,佛教,净土,
883,后唐千佛崖刘处让造像记,后唐天成二年 927 年,927,四川省广元市千佛崖,[不详],18,12 男 6 女,[不详],刘处让,东川官告使客省副使、金紫光禄大夫、检校尚书右仆射、守左卫将军兼御史大夫、上柱国,在职官员,非社邑,庄严修饰、,妆銮彩绘,信息不详,信息不详 (装),修复缮完,修复圣像 (装),事件未提,[不详],重妆,佛教,无法判定,
884,大足北塔寺观音坡造像记,后蜀广政三年 940 年,940,重庆市大足县北塔寺观音坡,[不详],12,12 男,[不详],胡氏,女弟子,虔诚弟子,非社邑,造像制作、纪念庆赞、,发心造像、设斋表赞,信息不详,信息不详,信息不详,信息不详,事件未提,[不详],新造,佛教,无法判定,
885,蜀普慈县永封里再兴王董复报国院碑记,后蜀广政二十年 957 年,957,四川省资阳市乐至县,[不详],5,5 男,十六罗汉、释迦部众,林延璋、程氏、杨氏、冯氏、林知□等家族成员、王宗贵、戚氏、梁氏、王洪谏等、智深、智诠,庄保头、弟子、小师,混合群体(虔诚弟子、僧尼个体、普通百姓),社邑,庄严修饰、纪念庆赞、,重装修饰、设斋表赞,国邦安宁,风调雨顺 (国安民泰，雨顺风调),祈福禳灾,护国兴邦,事件未提,[不详],重妆,佛教,无法判定,
886,蜀报国院西方并大悲龛记,后蜀广政二十六年 963 年,963,四川省资阳市乐至县报国院,[不详],2,2 男,阿弥陀佛、观音菩萨,郑可元,前耆寿,普通百姓,社邑,造像制作、造像制作、庄严修饰、纪念庆赞、,发心造像、镌刻雕造、妆銮彩绘、立碑题铭,现世福报,福寿康宁 (自身康吉，夫妇咸安),祈福禳灾,延寿增福,事件未提,[不详],新造,佛教,净土,
887,题景焕画应天寺壁天王歌并序,唐光启年（885-887 年）- 后蜀广政年（938-965 年）,885-965,四川省成都市双流区应天寺,[不详],4,3 男 1 女,毗沙门天王,孙位、景焕,会稽处士、画家,名门士族,非社邑,造像制作、纪念庆赞、,绘塑造像、立碑题铭,信息不详,信息不详,信息不详,信息不详,事件未提,[不详],新造,佛教,密教,
888,金轮炽盛光佛像造像记,宋乾德四年 966 年,966,重庆市大足县北山佛湾,[不详],5,5 男,大威德金轮炽盛光佛、九曜,温孟达、蹇思敬、于彦璋、梁赏、陈季□、邓知进、杨宗原、蹇□芝、程彦晖、王孟言、王德全、陈□,弟子,平民合众,非社邑,造像制作、造像制作、纪念庆赞、,发心造像、镌刻雕造、设斋表赞,信息不详,信息不详,信息不详,信息不详,地方暴力(陈雷灾险),[不详],新造,佛教,密教,
889,行修三身佛龛记,宋天禧三年 1019 年 - 天圣三年 1025 年,1019-1025,重庆市合川区濮岩寺,[不详],4,4男,法护化佛,赵元福、陆氏、胡□进、潘承贵等,弟子、女弟子,混合群体(虔诚弟子、普通百姓),非社邑,造像制作、造像制作、庄严修饰、纪念庆赞、,发心造像、镌刻雕造、妆銮彩绘、设斋表赞,现世福报,家庭和睦 (门业昌隆),祈福禳灾,家族昌盛,事件未提,[不详],新造,佛教,无法判定,腊八节
890,下宝庵记,宋天禧五年 1021 年,1021,四川省资阳市乐至县下宝庵,[不详],20,20男,罗汉像、壁画,赵容言、昭演、昭显等僧俗,户人、沙门、小师,混合群体(僧尼个体、普通百姓),非社邑,造像制作、造像制作、纪念庆赞、,发心造像、镌刻雕造、立碑题铭,信息不详,信息不详,信息不详,信息不详,无,[不详],新造、重修,佛教,无法判定,
891,真相寺圆觉洞记,宋庆历四年 1044 年,1044,四川省资阳市安岳县真相寺,[不详],5,5男,圆觉佛像,了月等主僧、匠人,主僧、匠人,混合群体(商贾匠人、僧尼个体),非社邑,寺院建设、造像制作、纪念庆赞、,开窟凿洞、镌刻雕造、立碑题铭,修证悟道,觉悟成佛 (圆觉),修证悟道,领悟佛法,无,[不详],新造,佛教,无法判定,
892,弥勒变相记,宋庆历四年 1044 年,1044,重庆市合川区濮岩寺,[不详],至少1人,男（主施者，阖家含男女）,弥勒下生变相,刘□二娘子及一宅长幼,弟子,虔诚弟子(家庭合署),非社邑,造像制作、造像制作、庄严修饰、纪念庆赞、,发心造像、镌刻雕造、妆銮彩绘、立碑题铭,信息不详,信息不详,信息不详,信息不详,无,[不详],新造,佛教,弥勒体系,
893,彭州镇国寺新修塔记碑,宋嘉祐五年 1060 年,1060,四川省彭州市镇国寺,[不详],1,男,无垢净光法舍利塔,净慧大师保聪、耿符等邑人,僧人、邑人,混合群体(僧尼个体、普通百姓),社邑,造像制作、纪念庆赞、,造塔建幢、立碑题铭,国邦安宁,国运太平,护国兴邦,护国安邦,无,陀罗尼经,新造,佛教,"密教,弥勒体系",
894,楞严院画六祖记 ,宋嘉祐六年 1061 年,1061,成都楞严院（毗卢殿）,[不详],4,4男,六祖像,惟中（慧雅）,僧、诗伯,僧尼个体,非社邑,造像制作、纪念庆赞、,绘塑造像、立碑题铭,信息不详,信息不详,信息不详,信息不详,无,[不详],新造,佛教,禅宗,
895,宋富乐山兴教禅院塔铭,宋嘉祐六年 1061 年,1061,四川省绵阳市富乐山兴教禅院,[不详],至少2人,≥2男,兴教禅院塔,智□大师及门弟子德让等,住持传法长老、沙门,僧团僧伽,非社邑,造像制作、纪念庆赞、,造塔建幢、立碑题铭,信息不详,信息不详,信息不详,信息不详,无,《圆觉经》,新造,佛教,禅宗,
896,圣寿寺重装灵感观音记,宋熙宁三年 1070 年,1070,成都圣寿寺,[不详],1,男,灵感观音像、玄奘侍立像,守贤及门弟子勤、逊、远,僧,僧团僧伽,非社邑,庄严修饰、纪念庆赞、,重装修饰、立碑题铭,现世福报,子嗣昌盛 (祷嗣),祈福禳灾,护子求嗣,无,《般若心经》《普门品》,重妆,佛教,无法判定,
897,西阁寺饰佛石碣,宋熙宁六年 1073 年,1073,四川省德阳市中江县西阁寺,[不详],7,7男,弥勒大像,谯静言及阖家长幼,弟子,虔诚弟子(家庭合署),非社邑,庄严修饰、纪念庆赞、,重装修饰、设斋表赞,信息不详,信息不详,报恩酬德,报四恩,无,[不详],重妆,佛教,弥勒体系,
898,西园圆通颂并序  ,宋熙宁七年 1074 年,1074,成都府西楼西北隅圆通庵,[不详],6,5男、1 女,观音大士像,赵扩,知府,在职官员,非社邑,造像制作、庄严修饰、纪念庆赞、,发心造像、重装修饰、立碑题铭,信息不详,信息不详,信息不详,信息不详,无,[不详],重妆、重修,佛教,观音体系,
899,觉济大师真赞并序  ,[不详],不详,成都府大慈寺,[不详],6,1女、5男,觉济大师塔及像,文照、居逸等学人弟子,学人、弟子,混合群体(虔诚弟子、僧尼个体),非社邑,造像制作、纪念庆赞、,造塔建幢、立碑题铭,超度往生,亡亲超荐 (为亡父母),超度荐亡,亡亲超荐,无,[不详],新造,佛教,禅宗,
900,白居易兄弟祈愿记  ,宋元祐二年 1087 年,1087,重庆市合川区濮岩寺,[不详],8,8 男,[不详],白居厚兄弟,弟子,虔诚弟子,非社邑,供养施舍、纪念庆赞、,法会供养、立碑题铭,现世福报,福寿康宁 (母亲安乐，增延福寿),祈福禳灾,延寿增福,无,[不详],无,佛教,无法判定,
901,大圣慈寺画记 ,宋元祐二年 - 五年 1087-1090 年,1087-1090,成都大圣慈寺,[不详],至少2人,≥2男,诸佛如来、菩萨、帝释、梵王、罗汉、祖僧、王天、明王、大神将、佛会经验变相,历代画手、僧司、官员、施主题名者,待诏、禄仕官员、僧人、施主,混合群体(在职官员 、名门士族、、僧尼个体 、普通百姓 ),非社邑,信息不详、,信息不详,信息不详,信息不详,信息不详,信息不详,无,[不详],新造、重妆,佛教,无法判定,
902,大唐克幽禅师塔记  ,宋元祐五年 1090 年,1090,遂宁县城西三里卧龙山广德寺南侧,[不详],4,4 男,克幽禅师塔、圣观音像,冯公、王公简、韦成武等官员及僧众,太守、相国、刺史、僧人,混合群体(在职官员、僧尼个体),非社邑,造像制作、纪念庆赞、,造塔建幢、立碑题铭,信息不详,信息不详,信息不详,信息不详,会昌灭佛(寺废塔毁),[不详],新造、重修,佛教,禅宗,
903,石门山圣府洞山王龛造像记  ,宋绍圣元年 1094 年 - 绍圣二年 1095 年,1094-1095,四川大足县石门山圣府洞山王龛,[不详],1,1 男,山王像,杨才友、冯氏、杨文忻、杨文秀,弟子,虔诚弟子(家庭合署),非社邑,造像制作、造像制作、纪念庆赞、,发心造像、镌刻雕造、立碑题铭,超度往生,亡亲超荐 (愿先亡离苦),超度荐亡,亡亲超荐,[不详],[不详],新造,佛教,弥勒体系,
904,尹公遂州广利禅寺善济塔记  ,宋崇宁二年 1103 年,1103,遂州广利禅寺,[不详],3,1 男、2 女,善济塔,尹公、谢瑾、许安石等官员及僧俗,州牧、转运判官、僧人、普通百姓,混合群体(在职官员、僧尼个体、普通百姓),非社邑,造像制作、纪念庆赞、,造塔建幢、立碑题铭,信息不详,信息不详,信息不详,信息不详,[不详],[不详],新造、重修,佛教,禅宗,
905,香城宫建五百罗汉堂记  ,宋宣和二年 1120 年,1120,阆中香城宫,[不详],4,4 男,五百罗汉、无量势至菩萨,毕善晖、罗少明道人及成都族大家,道人、僧人、施主,混合群体(名门士族、僧尼个体、普通百姓),非社邑,造像制作、寺院建设、供养施舍、纪念庆赞、,发心造像、开窟凿洞、法会供养、立碑题铭,信息不详,信息不详,报恩酬德,报先人恩,[不详],[不详],新造,佛教,净土,
906,五百阿罗汉窟妆像记  ,宋宣和四年 1122 年,1122,阆中,[不详],1,男,五百阿罗汉（局部）,吕存同,弟子,虔诚弟子,非社邑,庄严修饰、,妆銮彩绘,信息不详,信息不详,信息不详,信息不详,[不详],[不详],重妆,佛教,无法判定,
907,如意轮观音像造像记及题赞  ,宋建炎二年 1128 年,1128,昌州,[不详],3,3 男,如意轮观自在菩萨,任宗易、杜氏（恭人）、杜慧修,奉直大夫知昌州事、恭人、弟子,混合群体(在职官员、虔诚弟子),非社邑,造像制作、造像制作、庄严修饰、,发心造像、镌刻雕造、妆銮彩绘,国邦安宁,国泰民安 (干戈永息),祈福禳灾,消灾免难,宋金战乱(祈干戈永息),[不详],新造,佛教,"密教,观音体系",
908,绍兴石像开光铭  ,宋绍兴元年 1131 年,1131,资川县东三十里净悟院,[不详],3,3 男,石佛像,梅修及募工、僧众,汝南梅修、僧人、工匠,混合群体(商贾匠人、僧尼个体、普通百姓),非社邑,造像制作、纪念庆赞、,复新重修、立碑题铭,信息不详,信息不详,信息不详,信息不详,无,[不详],重修、开光,佛教,无法判定,
909,超悟院记  ,南宋绍兴二至十一年 1132-1141 年,1132-1141,成都超悟院,[不详],10,10 男,禅宇、龙宫藏贝叶,文英（苏氏）,僧、 前商人,僧尼个体,非社邑,寺院建设、造像制作、纪念庆赞、,建寺创殿、发心造像、立碑题铭,信息不详,信息不详,信息不详,信息不详,大慈寺火灾(政和二年焚小院十六所),[不详],新造,佛教,禅宗,
910,石门山圣府洞十一面观音窟造像记三则  ,宋绍兴十一年 1141 年,1141,大足县石门山圣府洞平顶窟夹巷内,[不详],11,6 男、5 女,素珠手观音、如意轮观音、观音菩萨,侯良夫妇及诸子、庞师上、岑忠恕全家,奉佛弟子,虔诚弟子(家庭合署),非社邑,造像制作、,发心造像,国邦安宁,国泰民安 (国泰民安，风调雨顺),护国兴邦,护国安邦,绍兴十一年宋金和议,[不详],新造、重妆,佛教,"密教,观音体系",
911,增修大悲阁记  ,宋绍兴十一年 1141 年,1141,成都大圣慈寺大悲阁,[不详],1,1 男,千手千眼大悲像,秉信及僧众,比丘,僧团僧伽,非社邑,造像制作、寺院建设、纪念庆赞、,发心造像、建寺创殿、立碑题铭,信息不详,信息不详,信息不详,信息不详,无,无,重修,佛教,"密教,观音体系",
912,卧云庵记  ,宋绍兴九至十三年 1139-1143 年,1139-1143,成都大慈寺保福院卧云庵,[不详],4,4 男,[不详],真惠、张公,僧人、吏部尚书宝文阁学士,混合群体(在职官员、僧尼个体),非社邑,寺院建设、纪念庆赞、,建寺创殿、立碑题铭,信息不详,信息不详,信息不详,信息不详,无,无,新造,佛教,无法判定,
913,同庵记  ,宋绍兴十五年 1145 年,1145,不详,[不详],3,3 男,[不详],然公,禅老,僧尼个体,非社邑,寺院建设、纪念庆赞、,建寺创殿、立碑题铭,修证悟道,觉悟成佛 (同庵，儒释同于一法),修证悟道,领悟佛法,无,无,新造,佛教,禅宗,
914,南峰寺陈太守劝农碑  ,宋绍兴十五年 1145 年,1145,广安白马堡・南峰寺,[不详],12,12 男,[不详],陈公识及宾僚樊庶、何兹等,太守、宾僚,宗族官僚,非社邑,游观题咏、,游观题名,信息不详,信息不详,信息不详,信息不详,无,无,无,佛教,无法判定,
915,拟圣迹像造像记四则  ,宋绍兴十三年 - 十六年 1143-1146 年,1143-1146,大足县北山佛湾,[不详],2,2 男,释迦牟尼佛、数珠手观音、文殊师利菩萨、普贤菩萨、观音菩萨,陈吉、郭氏、文明、王氏、王陛、何氏、赵彭年、杨氏、张莘民,奉善、奉佛弟子、从事郎昌州录事军事参军、朝散大夫权发遣昌州军事,混合群体(在职官员、虔诚弟子),非社邑,造像制作、庄严修饰、,发心造像、妆銮彩绘,现世福报,福寿康宁 (二亲寿标增进),祈福禳灾,护国兴邦,无,无,新造、重妆,佛教,"密教,观音体系",
916,报恩寺佛牙楼记,宋绍兴十六年 1146 年,1146,夔州报恩光孝禅寺佛牙楼,[不详],4,4 男,佛牙楼、佛牙,符行中、璘禅及檀越、僧众,漕使、僧人、施主,混合群体(在职官员、僧尼个体、普通百姓),非社邑,造像制作、寺院建设、纪念庆赞、,发心造像、建寺创殿、立碑题铭,超度往生,亡亲超荐 (为亡过先灵父母),超度荐亡,亡亲超荐,无,无,新造,佛教,禅宗,
917,光福院西睦定身记  ,宋绍兴十六年 1146 年,1146,成都东郊光福院,[不详],3,2 男、1 女,西睦禅师定身像,法缘及僧众、家君、邑人,主僧、普通百姓,混合群体(僧尼个体、普通百姓),非社邑,庄严修饰、纪念庆赞、,重装修饰、立碑题铭,信息不详,信息不详,信息不详,信息不详,无,《传灯录》,新造、重妆,佛教,禅宗,
918,崇教寺像龛题记  ,[不详],不详,乐至城东七里古崇教寺,[不详],3,2 男、1 女,[不详],惠空、子宜,住持僧,僧团僧伽,非社邑,特殊行为、纪念庆赞、,涅槃奉安、立碑题铭,信息不详,信息不详,信息不详,信息不详,无,无,新造,佛教,无法判定,
919,祥云寺记  ,宋绍兴十八年 1148 年,1148,奉节县东东屯祥云寺,[不详],游记，后略,,,刘  昉,,,非社邑,游观题咏、,游观题名,信息不详,信息不详,信息不详,信息不详,,,,佛教,无法判定,
920,永庆院记  ,宋绍兴二十年 1150 年,1148,成都城西北永庆院,[不详],3,3 男,佛殿、斋厅、廊庑等,道宁及一方长者,比丘、长者,混合群体(僧尼个体、普通百姓),非社邑,寺院建设、纪念庆赞、,建寺创殿、立碑题铭,信息不详,信息不详,信息不详,信息不详,无,无,重修,佛教,禅宗,
921,宋灵峰院钟楼记  ,宋绍兴二十年 1150 年,1150,三台县北三十里华严山灵峰院,[不详],2,2 男,钟楼、巨钟,宝胜及李公、王公宏,僧人、官员、檀越,混合群体(在职官员、僧尼个体、普通百姓),非社邑,造像制作、纪念庆赞、,造塔建幢、立碑题铭,信息不详,信息不详,信息不详,信息不详,建炎丁未(1127 年)宋室南渡,无,新造,佛教,禅宗,
922,重修岩松山白塔院圣像记  ,宋绍兴十八年 1148 年；宋绍兴二十年 1150 年,1148、1150,乐至县东南三十里岩松山白塔院,[不详],至少2人,≥2 男,佛像,李宗良及乡人,信士弟子,平民合众,非社邑,造像制作、寺院建设、造像制作、纪念庆赞、,复新重修、开窟凿洞、镌刻雕造、立碑题铭,信息不详,信息不详,修复缮完,重修古迹,唐会昌灭佛(院废像磨),无,新造、重修,佛教,无法判定,
923,多宝塔造像记二则  ,宋绍兴二十一年 1151 年,1151,大足县北塔寺多宝塔,[不详],3,2 男、1女,多宝塔,何正言、杨氏、刘揆,佛弟子,虔诚弟子(家庭合署),非社邑,造像制作、庄严修饰、纪念庆赞、,发心造像、妆銮彩绘、庆讫记功,超度往生,亡亲超荐 (为故父),超度荐亡,亡亲超荐,无,无,新造,佛教,"密教,观音体系",浴佛节
924,石门山圣府洞药师佛造像记  ,宋绍兴二十二年 1152 年,1152,大足县石门山圣府洞,[不详],4,4 男,药师佛,[不详],摄昌州教授,在职官员,非社邑,造像制作、造像制作、,发心造像、镌刻雕造,超度往生,往生净土 (已往生天),超度荐亡,亡亲超荐,无,无,新造、重妆,佛教,药师体系,
925,大中祥符院大悲像并阁记  ,宋绍兴二十二年 1152 年,1152,成都府圣寿寺大中祥符院,[不详],4,2 男、2 女,千手眼大悲像,法珍及阖府檀信千家,弟子,虔诚弟子,非社邑,造像制作、造像制作、寺院建设、纪念庆赞、,发心造像、镌刻雕造、建寺创殿、立碑题铭,现世福报,祈福禳灾 (祈福禳灾，解难除厄),祈福禳灾,禳灾祈福,靖康丙午(1126 年)靖康之变,无,新造,佛教,"密教,观音体系",
926,冲相寺胡端愿题名记  ,宋绍兴二十二年 1152 年,1152,冲相寺,,游记，后略,,,,,,非社邑,游观题咏、,游观题名,信息不详,信息不详,信息不详,信息不详,,,,佛教,无法判定,
927,南禅寺记  ,宋绍兴二十四年 1154 年,1154,潼南县西三里南禅寺,[不详],5,5 男,大佛,冯概、德修、蒲智用,敷文阁直学士、僧、道者,混合群体(在职官员、僧尼个体、普通百姓),非社邑,造像制作、寺院建设、造像制作、寺院建设、纪念庆赞、,发心造像、开窟凿洞、镌刻雕造、建寺创殿、立碑题铭,现世福报,求子求福 (无官求官，无子求子),祈福禳灾,护子求嗣,无,无,新造、重修、重妆,佛教,华严,
928,大足北塔寺观音坡何正言造像记  ,宋绍兴二十六年 1156 年,1156,大足县北塔寺观音坡,[不详],至少3人,≥3 男,地藏王菩萨、引路王菩萨,何正言、何浩、杨氏、解氏,乡贡进士、佛弟子,混合群体(名门士族、虔诚弟子),非社邑,造像制作、纪念庆赞、,镌刻雕造、立碑题铭,信息不详,信息不详,信息不详,信息不详,无,无,新造,佛教,"净土,观音体系；地藏体系",
929,重修隋帝子蜀王庙记,宋绍兴二十六年 1156 年,1156,什邡南阳寺蜀王庙,[不详],3,3 男,石像,任愿,司户参军,,非社邑,造像制作、寺院建设、纪念庆赞、,发心造像、建寺创殿、立碑题铭,信息不详,信息不详,祈福禳灾,祛病安康,,,,二教混合（佛儒）,无法判定,
930,光孝寺记  ,宋绍兴二十六年 1156 年,1156,光孝寺,[不详],1,3 男,[不详],唐文若,普通百姓、僧,混合群体(僧尼个体、普通百姓),非社邑,游观题咏、,游观题名,信息不详,信息不详,信息不详,信息不详,无,无,重修,佛教,禅宗,
931,宋福昌院劝农记  ,宋绍兴二十七年 1157 年,1157,阆中县城郭福昌院,[不详],游记，后略,,,,,,非社邑,游观题咏、,游观题名,信息不详,信息不详,信息不详,信息不详,,,,佛教,无法判定,
932,弘法沙门海禅师塔铭  ,宋绍兴二十七年 1157 年,1157,合川方溪寺,[不详],1,男,弘法沙门海禅师塔,黄觉先、希傅,小师,僧团僧伽,非社邑,造像制作、纪念庆赞、,造塔建幢、立碑题铭,信息不详,信息不详,信息不详,信息不详,无,无,新造,佛教,禅宗,
933,昭觉僧堂无尽灯记  ,宋绍兴末 1161 年,1161,成都昭觉寺,[不详],1,男,成都昭觉寺,计有功,官员、僧人,混合群体(在职官员、僧尼个体),非社邑,造像制作、寺院建设、纪念庆赞、,发心造像、置产供用、立碑题铭,信息不详,信息不详,信息不详,信息不详,无,佛典施灯公案，《昭觉寺志》相关,新造,佛教,禅宗,
934,净慧岩石像铭  ,宋绍兴年间 1162 年前,≤1162,安岳县南七里净慧岩,[不详],1,1 男,石像,赵庆升,处士,名门士族,非社邑,造像制作、庄严修饰、纪念庆赞、,发心造像、重装修饰、立碑题铭,信息不详,信息不详,信息不详,信息不详,唐乾元年间建寺，历经四百年荒废,无,新造、重修,佛教,无法判定,
935,无尽老人碑  ,宋绍兴年间 1162 年前,≤1162,大足县北山佛湾,[不详],6,3 男、3 女,[不详],无尽老人,僧人,僧尼个体,非社邑,信息不详、,信息不详,信息不详,信息不详,信息不详,信息不详,无,禅宗语录，丹霞烧佛公案,无,佛教,禅宗,
936,药师琉璃光佛像造像记  ,宋绍兴年间 1162 年前,≤1162,大足县北山佛湾,[不详],至少2人,≥1 男、≥1 女,药师琉璃光如来、菩萨、药叉、神将,张辉、刘氏、张炜明、胥氏、道保娘,奉善弟子,虔诚弟子(家庭合署),非社邑,造像制作、造像制作、庄严修饰、,发心造像、镌刻雕造、妆銮彩绘,信息不详,信息不详,信息不详,信息不详,无,药师琉璃光如来相关经典,新造,佛教,药师体系,
937,大足北塔寺观音坡刘揆造像记  ,宋绍兴三十二年 1162 年,1162,大足县北塔寺观音坡,[不详],2,2 男,释迦牟尼佛、马王菩萨、牛王菩萨,刘揆、王氏,摄昌州助教,在职官员(家庭合署),非社邑,造像制作、庄严修饰、,发心造像、重装修饰,现世福报,财富丰足 (□畜转添，门荜昌盛),祈福禳灾,家族昌盛,无,无,重妆,佛教,密教,
938,龙多山鹫台院记  ,宋隆兴二年 1164 年,1164,潼南县西北四十里龙多山鹫台院,[不详],5,5 男,佛殿、僧堂、法堂、方丈、山门、厨库、转轮大藏,道真及寺僧,僧人,僧团僧伽,非社邑,游观题咏、,游观题名,信息不详,信息不详,信息不详,信息不详,秦桧专权(冯时行斥和议忤桧，坐废十八年),无,新造、重修,佛教,无法判定,
939,冲相寺渠州何太守劝农碑二则  ,宋绍熙二年 1191 年,1191,广安市萧溪镇冲相寺,[不详],2,2 男,[不详],何築、应会、何令修、吕鉴仁、守一,朝请大夫知渠州军州、住持传法沙门,混合群体(在职官员、僧尼个体),非社邑,游观题咏、,游观题名,信息不详,信息不详,信息不详,信息不详,无,无,无,佛教,无法判定,
940,冲相寺毛恕礼佛碑  ,宋乾道三年 1167 年,1167,广安市萧溪镇冲相寺,[不详],3,3 男,[不详],毛恕、柴直卿、宪章,信士,虔诚弟子,非社邑,游观题咏、,游观题名,信息不详,信息不详,信息不详,信息不详,无,无,无,佛教,无法判定,
941,重修桥院寺碑记  ,宋乾道三年 1167 年,1167,彰明县城北二里桥院寺,[不详],1,1 男,水陆观音像、释迦佛、六祖、观音、罗汉,嘉诚、邓仲修、王君子信、仁恪等僧俗,僧、大檀越、乡大夫,混合群体(在职官员、僧尼个体、普通百姓),非社邑,造像制作、造像制作、庄严修饰、纪念庆赞、,发心造像、镌刻雕造、妆銮彩绘、立碑题铭,现世福报,消灾免难 (水陆观音像厌胜之),祈福禳灾,消灾免难,唐涪江大水，伪蜀明德元年复寺，唐会昌灭佛背景,无,新造、重修,佛教,禅宗,
942,简州化造三宝阁疏  ,宋乾道四年 1168 年,1168,简阳城南胜因塔三宝阁,[不详],至少3人,≥3 男,古佛、三宝阁,道圆、普山主、王亢及乡士,僧、士人,混合群体(名门士族、僧尼个体、普通百姓),非社邑,造像制作、寺院建设、,发心造像、建寺创殿,信息不详,信息不详,信息不详,信息不详,无,无,新造,佛教,无法判定,
943,简州化造镇州塔疏  ,宋乾道四年 1168 年,1168,简阳县寿昌寺,[不详],2,2 男,镇州塔,王亢及同乡同社众生,士人、信众,混合群体(名门士族 、虔诚弟子、普通百姓 ),非社邑,造像制作、造像制作、,发心造像、造塔建幢,信息不详,信息不详,信息不详,信息不详,无,无,新造,佛教,无法判定,
944,报恩寺摩崖题名  ,宋乾道四年 1168 年,1168,三台县城北三里报恩寺,[不详],2,2 男,[不详],张□□、文德进、王行之等（游记）,鹤鸣山人、士人,宗族官僚,非社邑,游观题咏、,游观题名,信息不详,信息不详,信息不详,信息不详,无,无,无,佛教,无法判定,
945,郫县善应庙记  ,宋乾道六年 1170 年,1170,郫县善应庙（原金仙宫）,[不详],3,3 男,娑竭罗龙王像,王倬、乡大夫、士、百姓,左承议郎知郫县事、乡大夫、普通百姓,混合群体(在职官员、普通百姓),非社邑,供养施舍、纪念庆赞、,法会供养、立碑题铭,国邦安宁,风调雨顺 (求雨),祈福禳灾,求雨止涝,乾道四年、五年四川大旱,《易》，忠文张公《滋茂池龙记》，登真书,新造、重修,二教混合（佛道）,无法判定,
946,金绳院观音塑像记  ,宋 1170 年前,≤1170,成都城北金绳禅院,[不详],3,3 男,观音大士像,道如,主僧,僧尼个体,非社邑,造像制作、纪念庆赞、,绘塑造像、立碑题铭,修证悟道,觉悟成佛 (观音大士),修证悟道,领悟佛法,无,文殊说观音圆通法门相关经典,新造,佛教,观音体系,
947,跋关著作《卧龙行记》  ,宋乾道七年 1171 年,1171,奉节县东北五里卧龙山咸平寺,[不详],1,1 男,[不详],惠琏及寺僧,长老,僧团僧伽,非社邑,游观题咏、纪念庆赞、,游观题名、立碑题铭,信息不详,信息不详,信息不详,信息不详,无,无,无,佛教,无法判定,
948,绍祖禅师塔铭,宋乾道九年 - 淳熙元年 1173-1174 年,1173-1174,峨眉县嘉州天王禅院,[不详],8,1 男、7 男,绍祖禅师塔,海慧、海澄、法琳,僧人,僧团僧伽,非社邑,造像制作、纪念庆赞、,造塔建幢、立碑题铭,信息不详,信息不详,信息不详,信息不详,陆游因秦桧黜，乾道六年入蜀任夔州通判,无,新造,佛教,禅宗,
949,宋南龛造观音像赞,宋淳熙元年 1174 年,1174,巴中市城南二里南龛,[不详],1,男,观音像,杨柴,巴南守,在职官员,非社邑,造像制作、纪念庆赞、,发心造像、立碑题铭,信息不详,信息不详,报恩酬德,报父母恩,无,观音圆通法门相关,新造,佛教,观音体系,
950,郑闻遂州广利禅寺善济塔记,宋淳熙元年 1174 年,1174,遂州广利禅寺,[不详],2,2 男,善济塔,郑闻及寺僧,尚书省参知政事、僧人,混合群体(在职官员、僧尼个体),非社邑,纪念庆赞、,立碑题铭,信息不详,信息不详,信息不详,信息不详,唐蕃对峙、宋真宗封禅、南宋孝宗治蜀,无,重修,佛教,禅宗,
951,成都古寺名笔记,宋淳熙元年 - 三年 1174-1176 年,1174-1176,成都大圣慈寺及下属各院,[不详],5,4 男,地狱变相、四天王、释迦佛、西方变相、文殊普贤、观音、罗汉等壁画 / 塑像,历代画工（左全、赵温奇等）、僧众,待诏、僧人、画工,混合群体(在职官员、商贾匠人、僧尼个体 ),非社邑,信息不详、,信息不详,信息不详,信息不详,信息不详,信息不详,唐蜀壁画鼎盛、宋蜀艺文兴盛,无,新造、重妆,佛教,无法判定,
952,冲相寺员沆石记,宋淳熙三年 1176 年,1176,广安市萧溪镇冲相寺,[不详],5,2 男、3 男,[不详],员沆及孥累,解组官员,名门士族,非社邑,游观题咏、,游观题名,信息不详,信息不详,信息不详,信息不详,无,无,无,佛教,无法判定,
953,金绳院五百罗汉记,宋淳熙五年 1178 年,1178,成都城北金绳禅院,[不详],3,2 男、1 女,五百罗汉像、释迦像、弥勒像,葱公、子文及僧众、施者,住持、僧人,混合群体(僧尼个体、普通百姓),非社邑,造像制作、造像制作、纪念庆赞、,发心造像、镌刻雕造、立碑题铭,信息不详,信息不详,信息不详,信息不详,宋建炎军兴，四川安抚制置使建制,《金刚经》、须菩提无诤三昧相关经典,新造、重修,佛教,禅宗,
954,金绳禅院增广常住田记,宋淳熙五年 1178 年前,≤1178,成都城北金绳禅院,[不详],5,5男,[不详],邓景亨、李元有、道方等,施主、僧,混合群体(僧尼个体、普通百姓),非社邑,寺院建设、纪念庆赞、,置产供用、立碑题铭,信息不详,信息不详,信息不详,信息不详,无,《金刚经》核心义理,无,佛教,禅宗,
955,昭觉寺无量寿佛殿记,宋淳熙六年 1179 年后,≥1179,成都昭觉寺,[不详],3,3 男,无量寿佛、观音菩萨、势至菩萨、西方变相壁画,魏氏、慧齐,制置使夫人、女,虔诚弟子(家庭合署),非社邑,造像制作、寺院建设、庄严修饰、纪念庆赞、,发心造像、建寺创殿、妆銮彩绘、立碑题铭,超度往生,亡亲超荐 (资冥福),超度荐亡,亡亲超荐,无,《楞严经》《圆觉经》《金刚经》《弥陀经》《妙法莲华经》,新造、重妆,佛教,净土,
956,冲相寺渠州刘郡守石记,宋淳熙八年 1181 年,1181,广安市萧溪镇冲相寺,[不详],3,2 男、1 女,[不详],刘玢及岳、侍其嗣祖等眷属,郡守,在职官员(家庭合署),非社邑,游观题咏、,游观题名,信息不详,信息不详,信息不详,信息不详,无,无,无,佛教,无法判定,
957,心妙寺碑记,宋淳熙八年 1181 年,1181,三台县城南三十里心妙寺,[不详],4,4 男,岱宗（五岳神）像,冯□□、何德广、陈道渊等里人,普通百姓,平民合众,非社邑,游观题咏、,游观题名,国邦安宁,风调雨顺 (雨旸时若),祈福禳灾,求雨止涝,宋祥符年间封禅五岳，加谥天齐仁圣帝,无,新造、重修,道教,无法判定,下元节
958,尊胜陀罗尼石幢,宋淳熙十年 1183 年,1183,绵阳县,[不详],5,4 男、1 男,尊胜陀罗尼石幢,李文谨、文焕等三人,信女,虔诚弟子,非社邑,造像制作、,造塔建幢,信息不详,信息不详,信息不详,信息不详,无,《尊胜陀罗尼咒》,新造,佛教,密教,
959,宋宝梵寺碑,宋淳熙十一年 1184 年,1184,蓬溪县西三十里宝梵寺,[不详],4,4 男,佛、菩萨、罗汉诸神像,宗显,赐紫慈慧大师、山主住持,僧尼个体,非社邑,造像制作、纪念庆赞、,发心造像、立碑题铭,信息不详,信息不详,信息不详,信息不详,宋治平年间敕赐寺名,无,新造、重修,佛教,禅宗；律宗,
960,香积山淳熙乙巳题名,宋淳熙十二年 1185 年,1185,潼川香积寺,[不详],3,3 男,[不详],郭嗣口、陈德用等官员,宰、尉、簿,宗族官僚,非社邑,游观题咏、,游观题名,信息不详,信息不详,信息不详,信息不详,宋熙宁年间登高雅俗，杜甫寓蜀题诗,杜甫登高相关诗作,无,无法判定,无法判定,
961,报恩寺淳熙丙午题名,宋淳熙十三年 1186 年,1186,三台县城北三里报恩寺,[不详],5,1 男、4 男,[不详],刘彦昭、冯显之等,士人,宗族官僚,非社邑,游观题咏、,游观题名,信息不详,信息不详,信息不详,信息不详,无,无,无,无法判定,无法判定,
962,三菩萨石刻题词,宋淳熙十五年 1188 年,1188,中江县玉江岸,[不详],2,2 男,普贤菩萨、观音菩萨、文殊菩萨,李大正,都大提举茶事,在职官员,非社邑,造像制作、纪念庆赞、,镌刻雕造、立碑题铭,信息不详,信息不详,信息不详,信息不详,无,文殊、观音、普贤三大士相关经典,无,佛教,观音体系,
963,药师院记,宋淳熙末 1189 年,1189,成都北门外东侧药师院,[不详],2,2 男,药师佛像、诸佛菩萨像,宗择,老比丘,僧尼个体,非社邑,造像制作、寺院建设、纪念庆赞、,发心造像、建寺创殿、立碑题铭,信息不详,信息不详,信息不详,信息不详,南宋孝宗、宁宗朝崇佛,药师佛相关经典，禅宗空性义理,新造、重修,佛教,"禅宗,药师体系",
964,灵溪寺序  ,宋绍熙二年 1191 年,1191,广元市旺苍坝灵溪广福院,[不详],3,3 男,利济台,宗范,僧,僧尼个体,非社邑,造像制作、造像制作、,发心造像、镌刻雕造,信息不详,信息不详,信息不详,信息不详,无,无,新造,佛教,无法判定,
965,别峰禅师塔铭  ,宋绍熙三年 1192 年,1192,浙江径山别峰庵,[不详],4,4 男,别峰禅师塔,宗愿及弟子,法孙、僧人,僧团僧伽,非社邑,造像制作、纪念庆赞、,造塔建幢、立碑题铭,信息不详,信息不详,信息不详,信息不详,南宋孝宗、宁宗朝崇佛,《华严经》《起信论》《圆觉经》,新造,佛教,禅宗,
966,香积寺绍熙癸丑题名  ,宋绍熙四年 1193 年,1193,三台县香积寺,[不详],[不详],[不详],[不详],贾宗亮、裴仲虎、魏祖终,邑宰、进士,混合群体(在职官员、名门士族),非社邑,游观题咏、,游观题名,信息不详,信息不详,信息不详,信息不详,无,杜甫相关诗作,无,无法判定,无法判定,
967,黄龙寺古钟铭  ,宋庆元五年 1199 年,1199,达县北岩太平兴国禅院（后移黄龙寺）,[不详],3,3 男,鸿钟,达惠及朱伯坚、翁子仲等官员、吏民百姓,住持僧、通判、知州,混合群体(在职官员、僧尼个体、普通百姓),非社邑,造像制作、纪念庆赞、,造塔建幢、立碑题铭,信息不详,信息不详,信息不详,信息不详,无,无,新造,佛教,禅宗,
968,天宁寺记  ,[不详]（宋代）,不详,渠州天宁寺,[不详],2,2 男,[不详],[不详],长老、僧人,僧团僧伽,非社邑,信息不详、,信息不详,信息不详,信息不详,信息不详,信息不详,无,无,新造,佛教,无法判定,
969,大雄寺记  ,宋庆元五年 1199 年（嘉定二年 1209 年重刻）,1199、1209,中江县大雄寺,[不详],4,4 男,佛、菩萨像,刘光祖、黄泳、赵伸,显谟阁直学士、知县、前进士,混合群体(在职官员、名门士族),非社邑,造像制作、纪念庆赞、,发心造像、立碑题铭,信息不详,信息不详,信息不详,信息不详,宋徽宗大观中林灵素废佛、宋建炎间复佛,《北方真武经》、《易经》(谋始之义)、《春秋》(正名之义),新造、重修,佛教,无法判定,
970,宋嘉泰二年施山田记  ,宋嘉泰二年 1202 年,1202,简阳县,[不详],1,1 男,千手千眼菩萨及诸杂龛像,庞璨、王宝堂、周智诠等及僧惠峰,普通百姓、僧,混合群体(僧尼个体、普通百姓),非社邑,造像制作、寺院建设、纪念庆赞、,复新重修、置产供用、立碑题铭,信息不详,信息不详,信息不详,信息不详,无,千手千眼菩萨相关经典,新造、重修,佛教,密教,
971,香积寺嘉泰壬戌摩崖诗及跋  ,宋嘉泰二年 1202 年,1202,三台县香积寺,[不详],2,2 男,[不详],丁梦得、邓观、任大衍、赵载,县丞、簿、尉、士人,混合群体(在职官员、名门士族),非社邑,游观题咏、,游观题名,信息不详,信息不详,信息不详,信息不详,无,杜甫相关诗作,无,无法判定,无法判定,
972,报恩寺嘉定己巳题名  ,宋嘉定二年 1209 年,1209,三台县报恩寺,[不详],1,1 男,[不详],李镗,眉山士人,名门士族,非社邑,游观题咏、,游观题名,信息不详,信息不详,信息不详,信息不详,无,无,无,无法判定,无法判定,
973,褒先寺安公札付碑  ,宋嘉定四年 1211 年,1211,褒城县牛头山崇庆禅院,[不详],2,2 男,[不详],觉源,广安军惠照院住持,僧尼个体,非社邑,特殊行为、纪念庆赞、,延请住持、立碑题铭,信息不详,信息不详,信息不详,信息不详,南宋嘉定年间四川军政建制,无,无,佛教,禅宗,
974,冲相寺何降才谒佛碑  ,宋嘉定四年 1211 年,1211,广安市萧溪镇冲相寺,[不详],至少7人,7男,[不详],何降才及字孙、德孙等眷属,资中士人,名门士族(家庭合署),非社邑,游观题咏、,游观题名,信息不详,信息不详,信息不详,信息不详,无,无,无,佛教,无法判定,
975,清凉寺碑  ,宋嘉定五年 1212 年,1212,中江县清凉寺,[不详],至少2人,1 男、1 女,[不详],袁笙、谯复之,大圣慈寺华严阁长院都首座、同进士,混合群体(名门士族、僧尼个体),非社邑,造像制作、纪念庆赞、,发心造像、立碑题铭,信息不详,信息不详,信息不详,信息不详,无,无,无,佛教,无法判定,
976,香积寺石刻  ,宋嘉定七年 1214 年,1214,三台县香积寺,[不详],1,1 男,[不详],冯子春、吕楚老、程子廉等官员,县宰、县丞、簿、尉,宗族官僚,非社邑,游观题咏、,游观题名,信息不详,信息不详,信息不详,信息不详,无,杜甫相关诗作,无,无法判定,无法判定,
977,大元山寺尊胜石幢  ,宋嘉定七年 1214 年,1214,中江县大元山寺,[不详],5,5 男,尊胜石幢,谯渊、杨氏越娘及眷属,奉佛进士,名门士族(家庭合署),非社邑,造像制作、,造塔建幢,现世福报,护宅安镇 (安宅),祈福禳灾,护宅安镇,无,《大佛顶加句灵验尊胜陀罗尼》,新造,佛教,密教,中元节
978,宝塔图记  ,宋嘉定十年 1217 年,1217,大足县宝顶山小佛湾毗卢庵,[不详],4,4 男,舍利宝塔,道权及僧众,庆元府阿育王山广利禅寺住持,僧团僧伽,非社邑,造像制作、纪念庆赞、,造塔建幢、立碑题铭,国邦安宁,国运太平,护国兴邦,护国安邦,南宋宁宗朝舍利宝塔奉安盛典,无,新造,佛教,禅宗,
979,重新龙怀梵刹砌路记  ,宋嘉定九年(1216年),1216,中江县龙怀院,[不详],5,5 男,诸佛像、殿堂供具,圆鉴及黄南衮后裔、僧众,首座、僧人、施主,混合群体(僧尼个体、普通百姓),非社邑,造像制作、寺院建设、纪念庆赞、,发心造像、修桥铺路、立碑题铭,信息不详,信息不详,信息不详,信息不详,无,无,新造、重修,无法判定,无法判定,
980,梵业院重建佛殿记  ,嘉定十年(1217年),1217,资阳县北三十里梵业院,[不详],2,2 男,诸佛像、经藏、三士殿,张方、悟嵩、清应、悟圜及列郡相知者,奉议郎、知州、僧人,混合群体(在职官员、僧尼个体、普通百姓),非社邑,造像制作、寺院建设、造像制作、纪念庆赞、,发心造像、建寺创殿、组织营建、立碑题铭,超度往生,亡亲超荐 (为先子),超度荐亡,亡亲超荐,无,无,新造、重修,佛教,禅宗,
981,重建慧照禅院记碑  ,嘉定十二年(1219年,1219,广安慧照禅院,[不详],1,男,诸佛像、法堂、方丈等,当如居士、尹公、妙常、息庵老子,将作监、郡太守、长老、退隐太守,混合群体(在职官员、名门士族、僧尼个体),非社邑,造像制作、造像制作、寺院建设、纪念庆赞、,发心造像、镌刻雕造、建寺创殿、立碑题铭,信息不详,信息不详,信息不详,信息不详,无,无,新造、重修,佛教,禅宗,
982,昭勋寺救牌碑后题名记,宋宝庆元年 1225 年,1225,华蓥市昭勋儒荣禅寺,[不详],3,3 男,[不详],理宗皇帝、安丙、可安及僧众,皇帝、少师右丞相、住持僧,混合群体(皇室宗亲、封爵贵族、僧尼个体),非社邑,纪念庆赞、,立碑题铭,信息不详,信息不详,信息不详,信息不详,无,无,新造,佛教,禅宗,
983,昭勋寺敕赐寺额碑,宋宝庆元年 1225 年,1225,华蓥市昭勋儒荣禅寺,[不详],2,2 男,[不详],理宗皇帝、安丙,皇帝、住持僧,混合群体(皇室宗亲、封爵贵族、僧尼个体),非社邑,纪念庆赞、,立碑题铭,信息不详,信息不详,信息不详,信息不详,无,无,新造,佛教,禅宗,
984,安禄山题龛辨,宋绍定二年 1229 年,1229,营山县太蓬山透明岩,[不详],2,2 男,弥勒像龛,安禄山（唐时本地编氓）,弟子,虔诚弟子,非社邑,纪念庆赞、,立碑题铭,信息不详,信息不详,信息不详,信息不详,无,无,新造,佛教,弥勒体系,
985,惠寂院记,宋 1234 年前,≤1234,铜梁县惠寂院,[不详],1,1 男,诸佛像,李氏七世祖丞配及后裔、主僧自应,名门士族、僧人,混合群体(名门士族、僧尼个体),非社邑,造像制作、寺院建设、纪念庆赞、,发心造像、建寺创殿、立碑题铭,信息不详,信息不详,报恩酬德,报先人恩,五代十国战乱，民众避地入蜀,无,新造、重修,佛教,无法判定,
986,柳本尊十炼图记,南宋淳祐九年 1249 年前,≤1249,大足县宝顶山大佛湾,[不详],2,2 男,柳本尊十炼图,赵智凤（翻刻者）,密宗祖师,僧尼个体,非社邑,造像制作、造像制作、,发心造像、镌刻雕造,修行证悟,普度众生 (誓救苦恼众生),祈福禳灾,祛病安康,唐末五代密宗传播，唐宋帝王对密宗寺院敕封,大轮五部密咒相关密宗经典,新造,佛教,密教,
987,冲相寺安伯恕题名,宋嘉熙 - 淳祐间 1237-1252 年,1237-1252,广安市萧溪镇冲相寺,[不详],2,1 男、1 女,[不详],安伯恕及子杲杭,进士、提刑司检法官,名门士族(家庭合署),非社邑,游观题咏、,游观题名,信息不详,信息不详,信息不详,信息不详,无,无,无,无法判定,无法判定,
988,冲相寺秦义报孝碑,宋景炎二年 1277 年,1277,广安市萧溪镇冲相寺,安岳石窟圆觉洞 40 号龛,2,男 1 人、女1人,[不详],秦义、刘氏,奉佛弟子,虔诚弟子(家庭合署),非社邑,造像制作、庄严修饰、,发心造像、妆銮彩绘,现世福报,消灾免难 (为母亲张氏存日灾难),超度荐亡,亡亲超荐,无,无,重妆,佛教,无法判定,
989,龙兴寺邓公造石灯台造像记,贞元十一年,795,四川邛崃县龙兴寺遗址,[不详],1,男,石灯台,邓公,邓公（镇南军兵马使）及副判职掌、士众,混合群体(军人武士、基层百姓),非社邑,造像制作,发心造像,修行证悟 ,觉悟成佛,弘法传教,弘传佛法,无,无,新造,佛教,无法判定,
990,龙望沱五十三佛造像记,大和四年,830,四川简阳龙望沱,第1龛,至少21人,男,五十三佛,院主白相及社众,社众（含僧誓章、王普净、院主白相、社官何涉、录事罗胜等）,混合群体(僧尼个体、基层百姓),社邑,造像制作,集体共修,信息不详,信息不详,弘法传教,弘传佛法,无,无,新造,佛教,无法判定,
991,千佛岩玖户造像记,广明二年,881,四川仁寿县珠嘉镇千佛岩,第24龛,至少10人,男,弥勒尊佛、观世音、世至菩萨,头首罗靖及众户弟子,九户等（头首罗靖、弟子罗宥、宋直等）及沙门罗宥,混合群体(僧尼个体、基层百姓),社邑,造像制作、供养施舍,发心造像、设斋供养,现世福报,家庭和睦、福寿康宁、财富丰足,祈福禳灾,延寿增福,无,无,新造,佛教,弥勒体系,
992,施衣社铭并序；施衣社功德颂并序,开元二十九年,741,四川新都宝光寺,[不详],至少141人,男71人、女70人,造像碑；供养人像,蒲惟质及社众,施衣社（七十余家，含师主蒲公、县令李仁义、女弟子、草泽黄仙游等）,混合群体(在职官员、基层百姓),社邑,造像制作、供养施舍、庄严修饰、寺院建设、纪念庆赞,镌刻雕造、神圣性施舍、妆銮彩绘、建寺创殿、立碑题铭,修行证悟 、佛法弘传,觉悟成佛、供养永续,报恩酬德,报佛恩,无,无,新造,佛教,无法判定,